﻿<?xml version="1.0" encoding="utf-8"?>
<Project>
  <TemplateObjectList>
    <TemplateObject id="0" objectName="self" isTemp="false" />
    <TemplateObject id="1" objectName="target" isTemp="false" />
    <TemplateObject id="2" objectName="bullet" isTemp="true" />
    <TemplateObject id="3" objectName="bullet2" isTemp="true" />
    <TemplateObject id="4" objectName="findbullet" isTemp="false" />
    <TemplateObject id="5" objectName="shark" isTemp="false" />
  </TemplateObjectList>
  <RefParamList>
    <Vector3i name="targetdir" x="0" y="0" z="0" refParamName="" useRefParam="false" />
    <Vector3i name="_BulletDir" x="0" y="0" z="0" refParamName="" useRefParam="false" />
  </RefParamList>
  <Action tag="" length="1.900" loop="false">
    <Track trackName="移除二技能动画" eventType="RemoveBuffTick" guid="ca15624d-2037-4383-ac09-e98d0afbf4c1" enabled="true" useRefParam="false" refParamName="" r="0.000" g="0.000" b="0.000" execOnForceStopped="false" execOnActionCompleted="false" stopAfterLastEvent="true">
      <Event eventName="RemoveBuffTick" time="0.000" isDuration="false" guid="603fbeba-a4d4-4356-88c1-4c85d5a99067">
        <TemplateObject name="targetId" id="0" objectName="self" isTemp="false" refParamName="" useRefParam="false" />
        <int name="buffId" value="599230" refParamName="" useRefParam="false" />
      </Event>
    </Track>
    <Track trackName="检测附近有标记对象" eventType="GetLinkedActorTick" guid="afe82048-8b76-4d8b-971b-26ddc14bb215" enabled="true" useRefParam="false" refParamName="" r="0.000" g="0.000" b="0.000" execOnForceStopped="false" execOnActionCompleted="false" stopAfterLastEvent="true">
      <Event eventName="GetLinkedActorTick" time="0.000" isDuration="false" guid="44d4ea87-daf0-427f-8dcf-d37da8198eb7">
        <TemplateObject name="tempId" id="4" objectName="findbullet" isTemp="false" refParamName="" useRefParam="false" />
        <TemplateObject name="srcId" id="0" objectName="self" isTemp="false" refParamName="" useRefParam="false" />
      </Event>
    </Track>
    <Track trackName="HitTriggerTick0" eventType="HitTriggerTick" guid="5757c4c6-7b6c-4a9d-8c5e-f80715b60305" enabled="true" useRefParam="false" refParamName="" r="0.000" g="0.000" b="0.000" execOnForceStopped="false" execOnActionCompleted="false" stopAfterLastEvent="true" nameSpace="">
      <Event eventName="HitTriggerTick" time="0.000" isDuration="false" guid="46649950-2175-43be-a75d-7ab73f1d2fcd">
        <TemplateObject name="targetId" id="0" objectName="self" isTemp="false" refParamName="" useRefParam="false" />
        <int name="SelfSkillCombineID_1" value="599141" refParamName="" useRefParam="false" />
        <int name="SelfSkillCombineID_2" value="599151" refParamName="" useRefParam="false" />
        <int name="SelfSkillCombineID_3" value="599161" refParamName="" useRefParam="false" />
      </Event>
    </Track>
    <Track trackName="普通攻击" eventType="SetBehaviourModeTick" guid="884649fb-eee1-4f09-8e8c-136817834eb9" enabled="true" useRefParam="false" refParamName="" r="0.000" g="0.000" b="0.000" execOnForceStopped="false" execOnActionCompleted="false" stopAfterLastEvent="true" nameSpace="">
      <Event eventName="SetBehaviourModeTick" time="0.000" isDuration="false" guid="f19f2bfd-82ff-4072-bf8f-3b63bc7d212f">
        <TemplateObject name="targetId" id="0" objectName="self" isTemp="false" refParamName="" useRefParam="false" />
      </Event>
    </Track>
    <Track trackName="普通攻击" eventType="SetAttackDirDuration" guid="13f98c0c-0c95-4e18-aeb2-1fef43e76e8b" enabled="true" useRefParam="false" refParamName="" r="0.000" g="0.000" b="0.000" execOnForceStopped="false" execOnActionCompleted="false" stopAfterLastEvent="true" nameSpace="">
      <Event eventName="SetAttackDirDuration" time="0.000" length="0.150" isDuration="true" guid="23abe7b6-2179-4fdd-8109-51fff578d479">
        <TemplateObject name="attackerId" id="0" objectName="self" isTemp="false" refParamName="" useRefParam="false" />
      </Event>
    </Track>
    <Track trackName="普通攻击" eventType="ForbidAbilityDuration" guid="70d891be-ca4c-4c49-af6f-53ed54d35f4b" enabled="true" useRefParam="false" refParamName="" r="0.000" g="0.000" b="0.000" execOnForceStopped="false" execOnActionCompleted="false" stopAfterLastEvent="true" nameSpace="">
      <Event eventName="ForbidAbilityDuration" time="0.000" length="0.400" isDuration="true" guid="d9f6e072-df56-4248-9c82-56dafb5f3e4e">
        <TemplateObject name="attackerId" id="0" objectName="self" isTemp="false" refParamName="" useRefParam="false" />
        <bool name="forbidMove" value="true" refParamName="" useRefParam="false" />
        <bool name="abortFilterSkill1" value="true" refParamName="" useRefParam="false" />
        <bool name="abortFilterSkill2" value="true" refParamName="" useRefParam="false" />
        <bool name="abortFilterSkill3" value="true" refParamName="" useRefParam="false" />
      </Event>
    </Track>
    <Track trackName="普通攻击" eventType="SkillInputCacheDuration" guid="43618e12-f288-4877-9d44-4cb1ef89f0a2" enabled="true" useRefParam="false" refParamName="" r="0.000" g="0.000" b="0.000" execOnForceStopped="false" execOnActionCompleted="false" stopAfterLastEvent="true" nameSpace="">
      <Event eventName="SkillInputCacheDuration" time="0.100" length="0.300" isDuration="true" guid="e402c366-77c3-458d-9273-c734c82cd619">
        <TemplateObject name="targetId" id="0" objectName="self" isTemp="false" refParamName="" useRefParam="false" />
        <bool name="cacheSkill" value="true" refParamName="" useRefParam="false" />
      </Event>
    </Track>
    <Track trackName="普通攻击" eventType="SkillInputCacheDuration" guid="fa62a33c-f233-4a4a-ac8d-ceb391095a37" enabled="true" useRefParam="false" refParamName="" r="0.000" g="0.000" b="0.000" execOnForceStopped="false" execOnActionCompleted="false" stopAfterLastEvent="true" nameSpace="">
      <Event eventName="SkillInputCacheDuration" time="0.300" length="0.100" isDuration="true" guid="6f1ded30-83f8-405e-bc66-722948709139">
        <TemplateObject name="targetId" id="0" objectName="self" isTemp="false" refParamName="" useRefParam="false" />
        <bool name="cacheMove" value="true" refParamName="" useRefParam="false" />
      </Event>
    </Track>
    <Track trackName="CheckAndSetPreCrikRate1" eventType="CheckAndSetPreCrikRate" guid="1d681f9d-774d-47db-8226-47b78629a70e" enabled="true" useRefParam="false" refParamName="" r="0.000" g="0.000" b="0.000" execOnForceStopped="false" execOnActionCompleted="false" stopAfterLastEvent="true">
      <Event eventName="CheckAndSetPreCrikRate" time="0.000" isDuration="false" guid="527f0a98-d17d-4442-a5d6-8bac3808229b">
        <TemplateObject name="actorId" id="0" objectName="self" isTemp="false" refParamName="" useRefParam="false" />
        <int name="skillId" value="59900" refParamName="" useRefParam="false" />
        <Enum name="atkSlot" value="0" EnumValue="普攻" refParamName="" useRefParam="false" />
      </Event>
    </Track>
    <Track trackName="普通攻击" eventType="SkillUseCacheTick" guid="53c33571-7838-484f-9f06-7b93d4bc28e0" enabled="true" useRefParam="false" refParamName="" r="0.000" g="0.000" b="0.000" execOnForceStopped="false" execOnActionCompleted="false" stopAfterLastEvent="true" nameSpace="">
      <Event eventName="SkillUseCacheTick" time="0.400" isDuration="false" guid="00ff4a09-9816-48a5-b1ad-2e53e59ea769">
        <TemplateObject name="targetId" id="0" objectName="self" isTemp="false" refParamName="" useRefParam="false" />
        <bool name="excuteMoveCmd" value="true" refParamName="" useRefParam="false" />
      </Event>
    </Track>
    <Track trackName="普通攻击" eventType="PlayAnimDuration" guid="9d243092-f160-4189-a9da-f132595032c9" enabled="true" useRefParam="false" refParamName="" r="0.000" g="0.000" b="0.000" execOnForceStopped="false" execOnActionCompleted="false" stopAfterLastEvent="true" nameSpace="">
      <Condition id="8" guid="1d681f9d-774d-47db-8226-47b78629a70e" status="false" />
      <Event eventName="PlayAnimDuration" time="0.000" length="1.500" isDuration="true" guid="62b3b60a-708b-4f59-8e28-f6afca51e8dd">
        <TemplateObject name="targetId" id="0" objectName="self" isTemp="false" refParamName="" useRefParam="false" />
        <int name="frameRate" value="120" refParamName="" useRefParam="false" />
        <bool name="bUseTargetSkinEffect" value="true" refParamName="" useRefParam="false"/>
        <String name="clipName" value="Atk1" refParamName="" useRefParam="false" />
        <float name="crossFadeTime" value="0.100" refParamName="" useRefParam="false" />
        <bool name="applyActionSpeed" value="true" refParamName="" useRefParam="false" />
      </Event>
    </Track>
    <Track trackName="普通攻击" eventType="PlayAnimDuration" guid="4d048da5-3f96-46f6-8f0d-046d1d91c94f" enabled="true" useRefParam="false" refParamName="" r="0.000" g="0.000" b="0.000" execOnForceStopped="false" execOnActionCompleted="false" stopAfterLastEvent="true">
      <Condition id="8" guid="1d681f9d-774d-47db-8226-47b78629a70e" status="true" />
      <Event eventName="PlayAnimDuration" time="0.000" length="1.500" isDuration="true" guid="54ccdc40-d11a-47eb-ac1c-6d547816dc56">
        <TemplateObject name="targetId" id="0" objectName="self" isTemp="false" refParamName="" useRefParam="false" />
        <int name="frameRate" value="120" refParamName="" useRefParam="false" />
        <bool name="bUseTargetSkinEffect" value="true" refParamName="" useRefParam="false"/>
        <String name="clipName" value="Atk1_Suit" refParamName="" useRefParam="false" />
        <float name="crossFadeTime" value="0.100" refParamName="" useRefParam="false" />
        <bool name="applyActionSpeed" value="true" refParamName="" useRefParam="false" />
      </Event>
    </Track>
    <Track trackName="普通攻击" eventType="SpawnObjectDuration" guid="e8a22af8-4078-4313-893b-f729c0f328ed" enabled="true" useRefParam="false" refParamName="" r="0.000" g="0.000" b="0.000" execOnForceStopped="false" execOnActionCompleted="false" stopAfterLastEvent="true" nameSpace="">
      <Event eventName="SpawnObjectDuration" time="0.200" length="0.300" isDuration="true" guid="375db15c-ac2e-4d5a-aa1d-1b95244d9e5c">
        <TemplateObject name="targetId" id="2" objectName="bullet" isTemp="true" refParamName="" useRefParam="false" />
        <TemplateObject name="objectSpaceId" id="0" objectName="self" isTemp="false" refParamName="" useRefParam="false" />
        <Vector3i name="translation" x="0" y="0" z="1500" refParamName="" useRefParam="false" />
        <bool name="modifyDirection" value="true" refParamName="" useRefParam="false" />
        <Vector3i name="direction" x="0" y="0" z="0" refParamName="" useRefParam="false" />
      </Event>
    </Track>
    <Track trackName="普通攻击" eventType="SetCollisionTick" guid="dcd824ef-bb03-4fc8-bf5c-a64a29c3c0ad" enabled="true" useRefParam="false" refParamName="" r="0.000" g="0.000" b="0.000" execOnForceStopped="false" execOnActionCompleted="false" stopAfterLastEvent="true" nameSpace="">
      <Event eventName="SetCollisionTick" time="0.200" isDuration="false" guid="3ec71570-3244-4bff-9b40-6e50d5f1aada">
        <TemplateObject name="targetId" id="2" objectName="bullet" isTemp="true" refParamName="" useRefParam="false" />
        <Vector3i name="Size" x="3000" y="10000" z="4000" refParamName="" useRefParam="false" />
      </Event>
    </Track>
    <Track trackName="挂被动" eventType="HitTriggerDuration" guid="3416d4cf-8dbf-4e64-9bc9-c0d7f3cdf202" enabled="true" useRefParam="false" refParamName="" r="0.000" g="0.000" b="0.000" execOnForceStopped="false" execOnActionCompleted="false" stopAfterLastEvent="true" nameSpace="">
      <Event eventName="HitTriggerDuration" time="0.200" length="0.300" isDuration="true" guid="790ecdb5-e9ef-4c07-b215-25ce0b5fad55">
        <TemplateObject name="triggerId" id="2" objectName="bullet" isTemp="true" refParamName="" useRefParam="false" />
        <TemplateObject name="attackerId" id="0" objectName="self" isTemp="false" refParamName="" useRefParam="false" />
        <int name="TriggerActorInterval" value="1000" refParamName="" useRefParam="false" />
        <bool name="bFileterOrgan" value="true" refParamName="" useRefParam="false" />
        <int name="TriggerActorCount" value="32" refParamName="" useRefParam="false" />
        <int name="CollideMaxCount" value="1" refParamName="" useRefParam="false" />
        <int name="TargetSkillCombine_1" value="599601" refParamName="" useRefParam="false" />
      </Event>
    </Track>
    <Track trackName="普通攻击" eventType="HitTriggerDuration" guid="5ce20114-f618-4f9b-be46-1c4df3941d15" enabled="true" useRefParam="false" refParamName="" r="0.000" g="0.000" b="0.000" execOnForceStopped="false" execOnActionCompleted="false" stopAfterLastEvent="true" nameSpace="">
      <Event eventName="HitTriggerDuration" time="0.200" length="0.300" isDuration="true" guid="529734c0-6f30-4b2d-af80-8c7ef8c7eecc">
        <TemplateObject name="triggerId" id="2" objectName="bullet" isTemp="true" refParamName="" useRefParam="false" />
        <TemplateObject name="attackerId" id="0" objectName="self" isTemp="false" refParamName="" useRefParam="false" />
        <int name="TriggerActorInterval" value="1000" refParamName="" useRefParam="false" />
        <int name="TriggerActorCount" value="32" refParamName="" useRefParam="false" />
        <int name="CollideMaxCount" value="1" refParamName="" useRefParam="false" />
        <int name="TargetSkillCombine_1" value="599000" refParamName="" useRefParam="false" />
      </Event>
    </Track>
    <Track trackName="普通攻击" eventType="TriggerParticleTick" guid="c39e1a81-b2e8-42f3-9bf6-3ead97e3622a" enabled="true" useRefParam="false" refParamName="" r="0.000" g="0.000" b="0.000" execOnForceStopped="false" execOnActionCompleted="false" stopAfterLastEvent="true" nameSpace="">
      <Condition id="8" guid="1d681f9d-774d-47db-8226-47b78629a70e" status="false" />
      <Event eventName="TriggerParticleTick" time="0.000" isDuration="false" guid="c35f8542-5702-4bc5-9baa-d4cd28156caf">
        <TemplateObject name="targetId" id="-1" objectName="None" isTemp="false" refParamName="" useRefParam="false" />
        <TemplateObject name="objectSpaceId" id="0" objectName="self" isTemp="false" refParamName="" useRefParam="false" />
        <int name="frameRate" value="120" refParamName="" useRefParam="false" />
        <bool name="bUseTargetSkinEffect" value="true" refParamName="" useRefParam="false"/>
        <String name="resourceName" value="prefab_skill_effects/hero_skill_effects/599_lvmeng/59901/lvmeng_attack_01" refParamName="" useRefParam="false" />
        <bool name="applyActionSpeedToParticle" value="false" refParamName="" useRefParam="false" />
      </Event>
    </Track>
    <Track trackName="普通攻击" eventType="TriggerParticleTick" guid="88648107-48ef-4b21-8393-79e63878c97d" enabled="true" useRefParam="false" refParamName="" r="0.000" g="0.000" b="0.000" execOnForceStopped="false" execOnActionCompleted="false" stopAfterLastEvent="true">
      <Condition id="8" guid="1d681f9d-774d-47db-8226-47b78629a70e" status="true" />
      <Event eventName="TriggerParticleTick" time="0.000" isDuration="false" guid="93dacd5c-b996-4b39-bc8f-5c25d710c0a7">
        <TemplateObject name="targetId" id="-1" objectName="None" isTemp="false" refParamName="" useRefParam="false" />
        <TemplateObject name="objectSpaceId" id="0" objectName="self" isTemp="false" refParamName="" useRefParam="false" />
        <int name="frameRate" value="120" refParamName="" useRefParam="false" />
        <bool name="bUseTargetSkinEffect" value="true" refParamName="" useRefParam="false"/>
        <String name="resourceName" value="prefab_skill_effects/hero_skill_effects/599_lvmeng/59901/lvmeng_attack_05" refParamName="" useRefParam="false" />
        <bool name="applyActionSpeedToParticle" value="false" refParamName="" useRefParam="false" />
      </Event>
    </Track>
    <Track trackName="普通攻击" eventType="SkillCDTriggerTick" guid="5dbf2370-a8e4-4110-a4ce-ea581c80f339" enabled="true" useRefParam="false" refParamName="" r="0.000" g="0.000" b="0.000" execOnForceStopped="false" execOnActionCompleted="false" stopAfterLastEvent="true" nameSpace="">
      <Event eventName="SkillCDTriggerTick" time="0.000" isDuration="false" guid="62e81b15-2bfe-40a5-84d9-2932966cc13a">
        <TemplateObject name="targetId" id="0" objectName="self" isTemp="false" refParamName="" useRefParam="false" />
      </Event>
    </Track>
    <Track trackName="普通攻击" eventType="ChangeSkillTriggerTick" guid="7e6b69c3-4a8c-40e5-bbc7-971898233929" enabled="true" useRefParam="false" refParamName="" r="0.000" g="0.000" b="0.000" execOnForceStopped="false" execOnActionCompleted="false" stopAfterLastEvent="true" nameSpace="">
      <Event eventName="ChangeSkillTriggerTick" time="0.000" isDuration="false" guid="6c529138-53e3-420c-bf48-326bca17fe94">
        <TemplateObject name="targetId" id="0" objectName="self" isTemp="false" refParamName="" useRefParam="false" />
        <int name="effectTime" value="5000" refParamName="" useRefParam="false" />
        <int name="recoverSkillID" value="59900" refParamName="" useRefParam="false" />
        <bool name="bOvertimeCD" value="false" refParamName="" useRefParam="false" />
        <int name="changeSkillID" value="59901" refParamName="" useRefParam="false" />
      </Event>
    </Track>
    <Track trackName="PlayHeroSoundTick0" eventType="PlayHeroSoundTick" guid="16fb1dee-61cf-4a33-849e-74051e0642d5" enabled="true" useRefParam="false" refParamName="" r="0.000" g="0.000" b="0.000" execOnForceStopped="false" execOnActionCompleted="false" stopAfterLastEvent="true" nameSpace="">
      <Condition id="8" guid="1d681f9d-774d-47db-8226-47b78629a70e" status="false" />
      <Event eventName="PlayHeroSoundTick" time="0.000" isDuration="false" guid="78f9c8a2-ddaa-4b5d-8023-4d77bee959e3">
        <TemplateObject name="targetId" id="0" objectName="self" isTemp="false" refParamName="" useRefParam="false" />
        <String name="eventName" value="Play_Billow_Attack_Skin1" refParamName="" useRefParam="false" />
      </Event>
    </Track>
    <Track trackName="PlayHeroSoundTick0" eventType="PlayHeroSoundTick" guid="7df848ed-4fcd-463c-8ca4-cedc9b3b5d32" enabled="true" useRefParam="false" refParamName="" r="0.000" g="0.000" b="0.000" execOnForceStopped="false" execOnActionCompleted="false" stopAfterLastEvent="true">
      <Condition id="8" guid="1d681f9d-774d-47db-8226-47b78629a70e" status="true" />
      <Event eventName="PlayHeroSoundTick" time="0.000" isDuration="false" guid="1f60f27c-f320-454e-beef-3357355e9c10">
        <TemplateObject name="targetId" id="0" objectName="self" isTemp="false" refParamName="" useRefParam="false" />
        <String name="eventName" value="Play_Billow_Attack_HitHvy_Skin1" refParamName="" useRefParam="false" />
      </Event>
    </Track>
    <Track trackName="PlayHeroSoundTick0" eventType="PlayHeroSoundTick" guid="8092be6a-b13e-4a03-a7df-2f0f0adcaefb" enabled="true" useRefParam="false" refParamName="" r="0.000" g="0.000" b="0.000" execOnForceStopped="false" execOnActionCompleted="false" stopAfterLastEvent="true" nameSpace="">
      <Event eventName="PlayHeroSoundTick" time="0.000" isDuration="false" guid="b3861b70-dbbf-406f-b947-e199cb228de4">
        <TemplateObject name="targetId" id="0" objectName="self" isTemp="false" refParamName="" useRefParam="false" />
        <String name="eventName" value="Play_Billow_VO_Anger_Skin1" refParamName="" useRefParam="false" />
      </Event>
    </Track>
  </Action>
</Project>