﻿<?xml version="1.0" encoding="utf-8"?>
<Project>
  <TemplateObjectList>
    <TemplateObject objectName="self" id="0" isTemp="false" />
    <TemplateObject objectName="target" id="1" isTemp="false" />
  </TemplateObjectList>
  <RefParamList>
    <Vector3i name="_BulletDir" x="0" y="0" z="0" refParamName="" useRefParam="false" />
  </RefParamList>
  <Action tag="" length="0.500" loop="false">
    <Track trackName="FilterTargetType0" eventType="FilterTargetType" guid="efdb163c-b41c-4d39-b682-49e0e463281a" enabled="true" useRefParam="false" refParamName="" r="0.000" g="0.000" b="0.000" execOnForceStopped="false" execOnActionCompleted="false" stopAfterLastEvent="true">
      <Event eventName="FilterTargetType" time="0.000" isDuration="false" guid="e4325b6b-e8c1-4eb6-b2cd-a9203f2c1bd8">
        <TemplateObject name="targetId" objectName="target" id="1" isTemp="false" refParamName="" useRefParam="false" />
        <bool name="bFilterHero" value="true" refParamName="" useRefParam="false" />
        <bool name="bFilterOrgan" value="true" refParamName="" useRefParam="false" />
      </Event>
    </Track>
    <Track trackName="SetBehaviourModeTick0" eventType="SetBehaviourModeTick" guid="53e062a5-ebd1-4b49-83fe-4b2026e48ae4" enabled="false" useRefParam="false" refParamName="" r="0.000" g="0.000" b="0.000" execOnForceStopped="false" execOnActionCompleted="false" stopAfterLastEvent="true">
      <Condition id="0" guid="efdb163c-b41c-4d39-b682-49e0e463281a" status="true" />
      <Event eventName="SetBehaviourModeTick" time="0.000" isDuration="false" guid="ab3cdf1c-bec8-432d-952c-ad9b8c5d4956">
        <TemplateObject name="targetId" objectName="target" id="1" isTemp="false" refParamName="" useRefParam="false" />
        <bool name="clearMove" value="true" refParamName="" useRefParam="false" />
        <bool name="stopCurSkill" value="true" refParamName="" useRefParam="false" />
      </Event>
    </Track>
    <Track trackName="CheckAndSetPreCrikRate1" eventType="CheckAndSetPreCrikRate" guid="8e5653de-6bfc-4b27-91c5-5f857213897f" enabled="true" useRefParam="false" refParamName="" r="0.000" g="0.000" b="0.000" execOnForceStopped="false" execOnActionCompleted="false" stopAfterLastEvent="true">
      <Event eventName="CheckAndSetPreCrikRate" time="0.000" isDuration="false" guid="8a884c6c-97e8-42e5-b981-24b508fa7f4f">
        <TemplateObject name="actorId" objectName="self" id="0" isTemp="false" refParamName="" useRefParam="false" />
        <int name="skillId" value="59900" refParamName="" useRefParam="false" />
        <Enum name="atkSlot" value="0" EnumValue="普攻" refParamName="" useRefParam="false" />
      </Event>
    </Track>
    <Track trackName="TriggerParticleTick0" eventType="TriggerParticleTick" guid="a66c0c5d-659b-4258-b6f7-6630f5046041" enabled="true" useRefParam="false" refParamName="" r="0.000" g="0.000" b="0.000" execOnForceStopped="false" execOnActionCompleted="false" stopAfterLastEvent="true" SkinAvatarFilterType="11">
      <Condition id="2" guid="8e5653de-6bfc-4b27-91c5-5f857213897f" status="false" />
      <Event eventName="TriggerParticleTick" time="0.000" isDuration="false" guid="b861512c-d6c9-4295-aeb9-9b0ecedeb882">
        <TemplateObject name="targetId" objectName="None" id="-1" isTemp="false" refParamName="" useRefParam="false" />
        <TemplateObject name="objectSpaceId" objectName="target" id="1" isTemp="false" refParamName="" useRefParam="false" />
        <int name="frameRate" value="120" refParamName="" useRefParam="false" />
        <bool name="bUseTargetSkinEffect" value="true" refParamName="" useRefParam="false"/>
        <String name="resourceName" value="prefab_skill_effects/hero_skill_effects/599_lvmeng/59901/LvMeng_hurt01" refParamName="" useRefParam="false" />
        <float name="lifeTime" value="0.600" refParamName="" useRefParam="false" />
        <Vector3 name="bindPosOffset" x="0.000" y="1.000" z="0.000" refParamName="" useRefParam="false" />
        <bool name="applyActionSpeedToParticle" value="false" refParamName="" useRefParam="false" />
      </Event>
      <SkinOrAvatarList id="59901" />
    </Track>
    <Track trackName="TriggerParticleTick0" eventType="TriggerParticleTick" guid="8f99c087-6a38-4d59-ae07-35b2dde2c99d" enabled="true" useRefParam="false" refParamName="" r="0.000" g="0.000" b="0.000" execOnForceStopped="false" execOnActionCompleted="false" stopAfterLastEvent="true" SkinAvatarFilterType="11">
      <Condition id="2" guid="8e5653de-6bfc-4b27-91c5-5f857213897f" status="true" />
      <Event eventName="TriggerParticleTick" time="0.000" isDuration="false" guid="3a7dc5a5-7b46-459d-81f6-19e142e03d0f">
        <TemplateObject name="targetId" objectName="None" id="-1" isTemp="false" refParamName="" useRefParam="false" />
        <TemplateObject name="objectSpaceId" objectName="target" id="1" isTemp="false" refParamName="" useRefParam="false" />
        <int name="frameRate" value="120" refParamName="" useRefParam="false" />
        <bool name="bUseTargetSkinEffect" value="true" refParamName="" useRefParam="false"/>
        <String name="resourceName" value="prefab_skill_effects/hero_skill_effects/599_lvmeng/59901/LvMeng_hurt03" refParamName="" useRefParam="false" />
        <float name="lifeTime" value="0.600" refParamName="" useRefParam="false" />
        <Vector3 name="bindPosOffset" x="0.000" y="1.000" z="0.000" refParamName="" useRefParam="false" />
        <bool name="applyActionSpeedToParticle" value="false" refParamName="" useRefParam="false" />
      </Event>
      <SkinOrAvatarList id="59901" />
    </Track>
    <Track trackName="SkillFuncInstant0" eventType="SkillFuncInstant" guid="8d09eb2f-50ed-4358-a741-27ca7e1a94dd" enabled="true" useRefParam="false" refParamName="" r="0.000" g="0.000" b="0.000" execOnForceStopped="false" execOnActionCompleted="false" stopAfterLastEvent="true">
      <Event eventName="SkillFuncInstant" time="0.000" isDuration="false" guid="f647d8ef-ec1e-4a37-b7bd-b07493b703ed" />
    </Track>
    <Track trackName="ForbidAbilityDuration12" eventType="ForbidAbilityDuration" guid="ae7adc4b-a73f-4229-a4f1-dd860c67f460" enabled="false" useRefParam="false" refParamName="" r="0.000" g="0.000" b="0.000" execOnForceStopped="false" execOnActionCompleted="false" stopAfterLastEvent="true">
      <Condition id="0" guid="efdb163c-b41c-4d39-b682-49e0e463281a" status="true" />
      <Event eventName="ForbidAbilityDuration" time="0.000" length="0.500" isDuration="true" guid="e9d8dca7-6025-4194-a0bc-d7c4554c1503">
        <TemplateObject name="attackerId" objectName="target" id="1" isTemp="false" refParamName="" useRefParam="false" />
        <bool name="forbidMove" value="true" refParamName="" useRefParam="false" />
        <bool name="forbidSkill" value="true" refParamName="" useRefParam="false" />
        <bool name="forbidMoveRotate" value="true" refParamName="" useRefParam="false" />
      </Event>
    </Track>
    <Track trackName="PlayAnimDuration0" eventType="PlayAnimDuration" guid="4abae504-d3a2-4370-a0a8-255fde6c84d5" enabled="true" useRefParam="false" refParamName="" r="0.000" g="0.000" b="0.000" execOnForceStopped="false" execOnActionCompleted="false" stopAfterLastEvent="true">
      <Condition id="0" guid="efdb163c-b41c-4d39-b682-49e0e463281a" status="true" />
      <Event eventName="PlayAnimDuration" time="0.000" length="0.500" isDuration="true" guid="0ce85473-da55-4228-9967-5c4cd6abe484">
        <TemplateObject name="targetId" objectName="target" id="1" isTemp="false" refParamName="" useRefParam="false" />
        <int name="frameRate" value="120" refParamName="" useRefParam="false" />
        <bool name="bUseTargetSkinEffect" value="true" refParamName="" useRefParam="false"/>
        <String name="clipName" value="Hit" refParamName="" useRefParam="false" />
      </Event>
    </Track>
    <Track trackName="CheckSkillCombineConditionTick0" eventType="CheckSkillCombineConditionTick" guid="68ee1245-1a9e-4888-804e-1b68412a5a1f" enabled="true" useRefParam="false" refParamName="" r="0.000" g="0.000" b="0.000" execOnForceStopped="false" execOnActionCompleted="false" stopAfterLastEvent="true">
      <Event eventName="CheckSkillCombineConditionTick" time="0.000" isDuration="false" guid="dcce67e5-9289-45fc-80e5-ab3629d8a2c5">
        <TemplateObject name="targetId" objectName="target" id="1" isTemp="false" refParamName="" useRefParam="false" />
        <int name="skillCombineId" value="599600" refParamName="" useRefParam="false" />
        <Enum name="checkOPType" value="4" EnumValue="大于" refParamName="" useRefParam="false" />
      </Event>
    </Track>
    <Track trackName="SimpleSpawnBuffTick0" eventType="SimpleSpawnBuffTick" guid="80f50fcd-d83b-4e2d-b2a4-ef73cd72ded1" enabled="true" useRefParam="false" refParamName="" r="0.000" g="0.000" b="0.000" execOnForceStopped="false" execOnActionCompleted="false" stopAfterLastEvent="true">
      <Condition id="8" guid="68ee1245-1a9e-4888-804e-1b68412a5a1f" status="true" />
      <Event eventName="SimpleSpawnBuffTick" time="0.000" isDuration="false" guid="ec64eeea-ba2e-43eb-b405-41e69bb11748">
        <TemplateObject name="originatorId" objectName="self" id="0" isTemp="false" refParamName="" useRefParam="false" />
        <TemplateObject name="targetId" objectName="target" id="1" isTemp="false" refParamName="" useRefParam="false" />
        <Array name="buffIds" refParamName="" useRefParam="false" type="int">
          <int value="599001" />
        </Array>
        <int name="buffLayer" value="1" refParamName="" useRefParam="false" />
      </Event>
    </Track>
    <Track trackName="PlayHeroSoundTick0" eventType="PlayHeroSoundTick" guid="20508dce-8349-4128-949a-82c27c5b6686" enabled="true" useRefParam="false" refParamName="" r="0.000" g="0.000" b="0.000" execOnForceStopped="false" execOnActionCompleted="false" stopAfterLastEvent="true">
      <Event eventName="PlayHeroSoundTick" time="0.000" isDuration="false" guid="e2b5cc39-700f-4877-9fe9-d17b8032ef3b">
        <TemplateObject name="targetId" objectName="target" id="1" isTemp="false" refParamName="" useRefParam="false" />
        <String name="eventName" value="Play_Billow_Attack_Hit_Skin1" refParamName="" useRefParam="false" />
      </Event>
    </Track>
    <Track trackName="A1" eventType="CheckSkillIDTick" guid="61df871a-850c-4a89-b70e-d76b8f74c6ac" enabled="true" useRefParam="false" refParamName="" r="0.000" g="0.000" b="0.000" execOnForceStopped="false" execOnActionCompleted="false" stopAfterLastEvent="false" SkinAvatarFilterType="9">
      <Event eventName="CheckSkillIDTick" time="0.000" isDuration="false" guid="4181d14d-dd1e-46ed-b25c-9c0e009742f7">
        <TemplateObject name="targetId" objectName="self" id="0" isTemp="false" refParamName="" useRefParam="false" />
        <int name="skillID" value="59901" refParamName="" useRefParam="false" />
        <bool name="bCheckSlot" value="true" refParamName="" useRefParam="false" />
        <Enum name="checkSlot" value="0" EnumValue="普攻" refParamName="" useRefParam="false" />
      </Event>
      <SkinOrAvatarList id="59901" />
    </Track>
    <Track trackName="A2" eventType="CheckSkillIDTick" guid="9a1a0c82-b690-41e1-93b4-ce3ff6a6ecb7" enabled="true" useRefParam="false" refParamName="" r="0.000" g="0.000" b="0.000" execOnForceStopped="false" execOnActionCompleted="false" stopAfterLastEvent="false" SkinAvatarFilterType="9">
      <Event eventName="CheckSkillIDTick" time="0.000" isDuration="false" guid="3c47c574-9698-4138-b9d3-f7c542a9c90d">
        <TemplateObject name="targetId" objectName="self" id="0" isTemp="false" refParamName="" useRefParam="false" />
        <int name="skillID" value="59902" refParamName="" useRefParam="false" />
        <bool name="bCheckSlot" value="true" refParamName="" useRefParam="false" />
        <Enum name="checkSlot" value="0" EnumValue="普攻" refParamName="" useRefParam="false" />
      </Event>
      <SkinOrAvatarList id="59901" />
    </Track>
    <Track trackName="A3" eventType="CheckSkillIDTick" guid="4cb5bc4c-2098-48b3-9712-078f73fb41d7" enabled="true" useRefParam="false" refParamName="" r="0.000" g="0.000" b="0.000" execOnForceStopped="false" execOnActionCompleted="false" stopAfterLastEvent="false" SkinAvatarFilterType="9">
      <Event eventName="CheckSkillIDTick" time="0.000" isDuration="false" guid="17be4f2d-932a-422a-9275-ac0f812a9ccc">
        <TemplateObject name="targetId" objectName="self" id="0" isTemp="false" refParamName="" useRefParam="false" />
        <int name="skillID" value="59903" refParamName="" useRefParam="false" />
        <bool name="bCheckSlot" value="true" refParamName="" useRefParam="false" />
        <Enum name="checkSlot" value="0" EnumValue="普攻" refParamName="" useRefParam="false" />
      </Event>
      <SkinOrAvatarList id="59901" />
    </Track>
    <Track trackName="A4" eventType="CheckSkillIDTick" guid="ce718b7f-accf-4721-a763-93ed0de49fd5" enabled="true" useRefParam="false" refParamName="" r="0.000" g="0.000" b="0.000" execOnForceStopped="false" execOnActionCompleted="false" stopAfterLastEvent="false" SkinAvatarFilterType="9">
      <Event eventName="CheckSkillIDTick" time="0.000" isDuration="false" guid="1c5bab30-6ce5-401b-9d56-530131a86931">
        <TemplateObject name="targetId" objectName="self" id="0" isTemp="false" refParamName="" useRefParam="false" />
        <int name="skillID" value="59900" refParamName="" useRefParam="false" />
        <bool name="bCheckSlot" value="true" refParamName="" useRefParam="false" />
        <Enum name="checkSlot" value="0" EnumValue="普攻" refParamName="" useRefParam="false" />
      </Event>
      <SkinOrAvatarList id="59901" />
    </Track>
    <Track trackName="FilterTargetType0" eventType="FilterTargetType" guid="75c9f770-b60b-4999-8311-1aeb9978b245" enabled="true" useRefParam="false" refParamName="" r="0.000" g="0.000" b="0.000" execOnForceStopped="false" execOnActionCompleted="false" stopAfterLastEvent="false" SkinAvatarFilterType="9">
      <Event eventName="FilterTargetType" time="0.000" isDuration="false" guid="58738740-a98a-495f-b86c-02e46f8896f9">
        <TemplateObject name="targetId" objectName="target" id="1" isTemp="false" refParamName="" useRefParam="false" />
        <bool name="bFilterBufferLayers" value="true" refParamName="" useRefParam="false" />
        <int name="buffId" value="599600" refParamName="" useRefParam="false" />
        <Enum name="operatorType" value="4" EnumValue="大于" refParamName="" useRefParam="false" />
      </Event>
      <SkinOrAvatarList id="59901" />
    </Track>
    <Track trackName="hurt01" eventType="TriggerParticleTick" guid="a9fc6c23-c5fc-47af-b54d-d76353601f66" enabled="true" useRefParam="false" refParamName="" r="0.000" g="0.000" b="0.000" execOnForceStopped="false" execOnActionCompleted="false" stopAfterLastEvent="false" SkinAvatarFilterType="9">
      <Condition id="2" guid="8e5653de-6bfc-4b27-91c5-5f857213897f" status="false" />
      <Condition id="11" guid="61df871a-850c-4a89-b70e-d76b8f74c6ac" status="true" />
      <Condition id="15" guid="75c9f770-b60b-4999-8311-1aeb9978b245" status="false" />
      <Event eventName="TriggerParticleTick" time="0.000" isDuration="false" guid="339df32f-1c87-4ce8-9df3-40d5697ebd17">
        <TemplateObject name="targetId" objectName="None" id="-1" isTemp="false" refParamName="" useRefParam="false" />
        <TemplateObject name="objectSpaceId" objectName="target" id="1" isTemp="false" refParamName="" useRefParam="false" />
        <int name="frameRate" value="120" refParamName="" useRefParam="false" />
        <bool name="bUseTargetSkinEffect" value="true" refParamName="" useRefParam="false"/>
        <String name="resourceName" value="prefab_skill_effects/hero_skill_effects/599_lvmeng/59901/LvMeng_hurt01" refParamName="" useRefParam="false" />
        <float name="lifeTime" value="0.600" refParamName="" useRefParam="false" />
        <Vector3 name="bindPosOffset" x="0.000" y="1.000" z="0.000" refParamName="" useRefParam="false" />
        <TemplateObject name="lookTargetId" objectName="self" id="0" isTemp="false" refParamName="" useRefParam="false" />
        <bool name="applyActionSpeedToParticle" value="false" refParamName="" useRefParam="false" />
      </Event>
      <SkinOrAvatarList id="59901" />
    </Track>
    <Track trackName="hurt01" eventType="TriggerParticleTick" guid="b46025ea-9d78-4cff-b2a6-3e1fef2bf8f1" enabled="true" useRefParam="false" refParamName="" r="0.000" g="0.000" b="0.000" execOnForceStopped="false" execOnActionCompleted="false" stopAfterLastEvent="false" SkinAvatarFilterType="9">
      <Condition id="2" guid="8e5653de-6bfc-4b27-91c5-5f857213897f" status="false" />
      <Condition id="13" guid="4cb5bc4c-2098-48b3-9712-078f73fb41d7" status="true" />
      <Condition id="15" guid="75c9f770-b60b-4999-8311-1aeb9978b245" status="false" />
      <Event eventName="TriggerParticleTick" time="0.000" isDuration="false" guid="180dc541-f790-4a25-ac0c-bdbfdd71b5f2">
        <TemplateObject name="targetId" objectName="None" id="-1" isTemp="false" refParamName="" useRefParam="false" />
        <TemplateObject name="objectSpaceId" objectName="target" id="1" isTemp="false" refParamName="" useRefParam="false" />
        <int name="frameRate" value="120" refParamName="" useRefParam="false" />
        <bool name="bUseTargetSkinEffect" value="true" refParamName="" useRefParam="false"/>
        <String name="resourceName" value="prefab_skill_effects/hero_skill_effects/599_lvmeng/59901/LvMeng_hurt01" refParamName="" useRefParam="false" />
        <float name="lifeTime" value="0.600" refParamName="" useRefParam="false" />
        <Vector3 name="bindPosOffset" x="0.000" y="1.000" z="0.000" refParamName="" useRefParam="false" />
        <EulerAngle name="bindRotOffset" x="0.000" y="180.000" z="0.000" refParamName="" useRefParam="false" />
        <TemplateObject name="lookTargetId" objectName="self" id="0" isTemp="false" refParamName="" useRefParam="false" />
        <bool name="applyActionSpeedToParticle" value="false" refParamName="" useRefParam="false" />
      </Event>
      <SkinOrAvatarList id="59901" />
    </Track>
    <Track trackName="hurt02" eventType="TriggerParticleTick" guid="deeae668-710e-4ac7-aff5-757f77584f99" enabled="true" useRefParam="false" refParamName="" r="0.000" g="0.000" b="0.000" execOnForceStopped="false" execOnActionCompleted="false" stopAfterLastEvent="false" SkinAvatarFilterType="9">
      <Condition id="2" guid="8e5653de-6bfc-4b27-91c5-5f857213897f" status="false" />
      <Condition id="12" guid="9a1a0c82-b690-41e1-93b4-ce3ff6a6ecb7" status="true" />
      <Condition id="15" guid="75c9f770-b60b-4999-8311-1aeb9978b245" status="false" />
      <Event eventName="TriggerParticleTick" time="0.000" isDuration="false" guid="51f8e400-f874-49ac-81be-74a0a4692e02">
        <TemplateObject name="targetId" objectName="None" id="-1" isTemp="false" refParamName="" useRefParam="false" />
        <TemplateObject name="objectSpaceId" objectName="target" id="1" isTemp="false" refParamName="" useRefParam="false" />
        <int name="frameRate" value="120" refParamName="" useRefParam="false" />
        <bool name="bUseTargetSkinEffect" value="true" refParamName="" useRefParam="false"/>
        <String name="resourceName" value="prefab_skill_effects/hero_skill_effects/599_lvmeng/59901/LvMeng_hurt02" refParamName="" useRefParam="false" />
        <float name="lifeTime" value="0.600" refParamName="" useRefParam="false" />
        <Vector3 name="bindPosOffset" x="0.000" y="1.000" z="0.000" refParamName="" useRefParam="false" />
        <TemplateObject name="lookTargetId" objectName="self" id="0" isTemp="false" refParamName="" useRefParam="false" />
        <bool name="applyActionSpeedToParticle" value="false" refParamName="" useRefParam="false" />
      </Event>
      <SkinOrAvatarList id="59901" />
    </Track>
    <Track trackName="hurt02" eventType="TriggerParticleTick" guid="27dcc6e8-e9fb-44d6-9e3e-27e3a051e3ee" enabled="true" useRefParam="false" refParamName="" r="0.000" g="0.000" b="0.000" execOnForceStopped="false" execOnActionCompleted="false" stopAfterLastEvent="false" SkinAvatarFilterType="9">
      <Condition id="2" guid="8e5653de-6bfc-4b27-91c5-5f857213897f" status="false" />
      <Condition id="14" guid="ce718b7f-accf-4721-a763-93ed0de49fd5" status="true" />
      <Condition id="15" guid="75c9f770-b60b-4999-8311-1aeb9978b245" status="false" />
      <Event eventName="TriggerParticleTick" time="0.000" isDuration="false" guid="bd105b9f-ce76-4842-96dc-35dd37edad55">
        <TemplateObject name="targetId" objectName="None" id="-1" isTemp="false" refParamName="" useRefParam="false" />
        <TemplateObject name="objectSpaceId" objectName="target" id="1" isTemp="false" refParamName="" useRefParam="false" />
        <int name="frameRate" value="120" refParamName="" useRefParam="false" />
        <bool name="bUseTargetSkinEffect" value="true" refParamName="" useRefParam="false"/>
        <String name="resourceName" value="prefab_skill_effects/hero_skill_effects/599_lvmeng/59901/LvMeng_hurt02" refParamName="" useRefParam="false" />
        <float name="lifeTime" value="0.600" refParamName="" useRefParam="false" />
        <Vector3 name="bindPosOffset" x="0.000" y="1.000" z="0.000" refParamName="" useRefParam="false" />
        <TemplateObject name="lookTargetId" objectName="self" id="0" isTemp="false" refParamName="" useRefParam="false" />
        <bool name="applyActionSpeedToParticle" value="false" refParamName="" useRefParam="false" />
      </Event>
      <SkinOrAvatarList id="59901" />
    </Track>
    <Track trackName="暴击01" eventType="TriggerParticleTick" guid="d3e32247-f376-4e80-9f66-6b05ccd3e4d4" enabled="true" useRefParam="false" refParamName="" r="0.000" g="0.000" b="0.000" execOnForceStopped="false" execOnActionCompleted="false" stopAfterLastEvent="false" SkinAvatarFilterType="9">
      <Condition id="2" guid="8e5653de-6bfc-4b27-91c5-5f857213897f" status="true" />
      <Condition id="15" guid="75c9f770-b60b-4999-8311-1aeb9978b245" status="false" />
      <Event eventName="TriggerParticleTick" time="0.000" isDuration="false" guid="4282135c-af45-448f-b099-b13302a7ce26">
        <TemplateObject name="targetId" objectName="None" id="-1" isTemp="false" refParamName="" useRefParam="false" />
        <TemplateObject name="objectSpaceId" objectName="target" id="1" isTemp="false" refParamName="" useRefParam="false" />
        <int name="frameRate" value="120" refParamName="" useRefParam="false" />
        <bool name="bUseTargetSkinEffect" value="true" refParamName="" useRefParam="false"/>
        <String name="resourceName" value="prefab_skill_effects/hero_skill_effects/599_lvmeng/59901/LvMeng_hurt01" refParamName="" useRefParam="false" />
        <float name="lifeTime" value="0.600" refParamName="" useRefParam="false" />
        <Vector3 name="bindPosOffset" x="0.000" y="1.000" z="0.000" refParamName="" useRefParam="false" />
        <TemplateObject name="lookTargetId" objectName="self" id="0" isTemp="false" refParamName="" useRefParam="false" />
        <bool name="applyActionSpeedToParticle" value="false" refParamName="" useRefParam="false" />
      </Event>
      <SkinOrAvatarList id="59901" />
    </Track>
    <Track trackName="被动hurt" eventType="TriggerParticleTick" guid="170128d6-5466-43c1-8529-148d6c177ead" enabled="true" useRefParam="false" refParamName="" r="0.000" g="0.000" b="0.000" execOnForceStopped="false" execOnActionCompleted="false" stopAfterLastEvent="false" SkinAvatarFilterType="9">
      <Condition id="15" guid="75c9f770-b60b-4999-8311-1aeb9978b245" status="true" />
      <Event eventName="TriggerParticleTick" time="0.000" isDuration="false" guid="babafbcf-6cbf-40c3-963e-38d0a1594c22">
        <TemplateObject name="targetId" objectName="None" id="-1" isTemp="false" refParamName="" useRefParam="false" />
        <TemplateObject name="objectSpaceId" objectName="target" id="1" isTemp="false" refParamName="" useRefParam="false" />
        <int name="frameRate" value="120" refParamName="" useRefParam="false" />
        <bool name="bUseTargetSkinEffect" value="true" refParamName="" useRefParam="false"/>
        <String name="resourceName" value="prefab_skill_effects/hero_skill_effects/599_lvmeng/59901/LvMeng_Debuff_hurt" refParamName="" useRefParam="false" />
        <float name="lifeTime" value="0.600" refParamName="" useRefParam="false" />
        <Vector3 name="bindPosOffset" x="0.000" y="1.000" z="0.000" refParamName="" useRefParam="false" />
        <TemplateObject name="lookTargetId" objectName="self" id="0" isTemp="false" refParamName="" useRefParam="false" />
        <bool name="applyActionSpeedToParticle" value="false" refParamName="" useRefParam="false" />
      </Event>
      <SkinOrAvatarList id="59901" />
    </Track>
  </Action>
</Project>