﻿<?xml version="1.0" encoding="utf-8"?>
<Project>
  <TemplateObjectList>
    <TemplateObject id="0" objectName="self" isTemp="false" />
    <TemplateObject id="1" objectName="target" isTemp="false" />
    <TemplateObject id="2" objectName="bullet" isTemp="true" />
    <TemplateObject id="3" objectName="bullet2" isTemp="true" />
    <TemplateObject id="4" objectName="findbullet" isTemp="false" />
  </TemplateObjectList>
  <RefParamList>
    <Vector3i name="targetdir" x="0" y="0" z="0" refParamName="" useRefParam="false" />
  </RefParamList>
  <Action tag="" length="1.700" loop="false">
    <Track trackName="移除二技能动画" eventType="RemoveBuffTick" guid="ee1b1baa-872b-4216-8fc3-949b12096d01" enabled="true" useRefParam="false" refParamName="" r="0.000" g="0.000" b="0.000" execOnForceStopped="false" execOnActionCompleted="false" stopAfterLastEvent="true">
      <Event eventName="RemoveBuffTick" time="0.000" isDuration="false" guid="7e20e95a-ba34-4d62-a4d5-dc9027bd8002">
        <TemplateObject name="targetId" id="0" objectName="self" isTemp="false" refParamName="" useRefParam="false" />
        <int name="buffId" value="5992230" refParamName="" useRefParam="false" />
      </Event>
    </Track>
    <Track trackName="普通攻击" eventType="SetBehaviourModeTick" guid="ed9f5295-0054-4e6f-9001-e53f23e18f1d" enabled="true" useRefParam="false" refParamName="" r="0.000" g="0.000" b="0.000" execOnForceStopped="false" execOnActionCompleted="false" stopAfterLastEvent="true" nameSpace="">
      <Event eventName="SetBehaviourModeTick" time="0.000" isDuration="false" guid="51d474ee-057e-458f-a612-3abced657e9b">
        <TemplateObject name="targetId" id="0" objectName="self" isTemp="false" refParamName="" useRefParam="false" />
      </Event>
    </Track>
    <Track trackName="普通攻击" eventType="SetAttackDirDuration" guid="382f3c19-2b22-4019-aeed-5a37c81a532e" enabled="true" useRefParam="false" refParamName="" r="0.000" g="0.000" b="0.000" execOnForceStopped="false" execOnActionCompleted="false" stopAfterLastEvent="true" nameSpace="">
      <Event eventName="SetAttackDirDuration" time="0.000" length="0.150" isDuration="true" guid="b72d44fa-0280-4f84-9020-b79915c97286">
        <TemplateObject name="attackerId" id="0" objectName="self" isTemp="false" refParamName="" useRefParam="false" />
      </Event>
    </Track>
    <Track trackName="普通攻击" eventType="ForbidAbilityDuration" guid="02dcb365-9417-49c3-89ec-66956ac6988e" enabled="true" useRefParam="false" refParamName="" r="0.000" g="0.000" b="0.000" execOnForceStopped="false" execOnActionCompleted="false" stopAfterLastEvent="true" nameSpace="">
      <Event eventName="ForbidAbilityDuration" time="0.000" length="0.400" isDuration="true" guid="ab30653f-e832-4e3e-8249-393a68f328b1">
        <TemplateObject name="attackerId" id="0" objectName="self" isTemp="false" refParamName="" useRefParam="false" />
        <bool name="forbidMove" value="true" refParamName="" useRefParam="false" />
        <bool name="abortFilterSkill1" value="true" refParamName="" useRefParam="false" />
        <bool name="abortFilterSkill2" value="true" refParamName="" useRefParam="false" />
        <bool name="abortFilterSkill3" value="true" refParamName="" useRefParam="false" />
      </Event>
    </Track>
    <Track trackName="普通攻击" eventType="SkillInputCacheDuration" guid="ada79d87-1546-4e72-8c72-6db5497f099f" enabled="true" useRefParam="false" refParamName="" r="0.000" g="0.000" b="0.000" execOnForceStopped="false" execOnActionCompleted="false" stopAfterLastEvent="true" nameSpace="">
      <Event eventName="SkillInputCacheDuration" time="0.100" length="0.300" isDuration="true" guid="e94c06a7-a57e-4b68-b468-69f890bcc102">
        <TemplateObject name="targetId" id="0" objectName="self" isTemp="false" refParamName="" useRefParam="false" />
        <bool name="cacheSkill" value="true" refParamName="" useRefParam="false" />
      </Event>
    </Track>
    <Track trackName="普通攻击" eventType="SkillInputCacheDuration" guid="bb60fed4-43ce-482c-a40d-5c0269c35077" enabled="true" useRefParam="false" refParamName="" r="0.000" g="0.000" b="0.000" execOnForceStopped="false" execOnActionCompleted="false" stopAfterLastEvent="true" nameSpace="">
      <Event eventName="SkillInputCacheDuration" time="0.300" length="0.100" isDuration="true" guid="e7129098-e123-45ec-8bce-12240c4326fb">
        <TemplateObject name="targetId" id="0" objectName="self" isTemp="false" refParamName="" useRefParam="false" />
        <bool name="cacheMove" value="true" refParamName="" useRefParam="false" />
      </Event>
    </Track>
    <Track trackName="普通攻击" eventType="SkillUseCacheTick" guid="3479da4b-c77b-4069-8eca-2b8e1b9cb464" enabled="true" useRefParam="false" refParamName="" r="0.000" g="0.000" b="0.000" execOnForceStopped="false" execOnActionCompleted="false" stopAfterLastEvent="true" nameSpace="">
      <Event eventName="SkillUseCacheTick" time="0.400" isDuration="false" guid="5628e248-898a-4e6a-8da3-64278dda67ba">
        <TemplateObject name="targetId" id="0" objectName="self" isTemp="false" refParamName="" useRefParam="false" />
        <bool name="excuteMoveCmd" value="true" refParamName="" useRefParam="false" />
      </Event>
    </Track>
    <Track trackName="CheckAndSetPreCrikRate1" eventType="CheckAndSetPreCrikRate" guid="800c524b-f1a8-4433-9a0c-9f5c50523a0b" enabled="true" useRefParam="false" refParamName="" r="0.000" g="0.000" b="0.000" execOnForceStopped="false" execOnActionCompleted="false" stopAfterLastEvent="true">
      <Event eventName="CheckAndSetPreCrikRate" time="0.000" isDuration="false" guid="9ef1762a-0db2-416c-b729-a8b4a86348bc">
        <TemplateObject name="actorId" id="0" objectName="self" isTemp="false" refParamName="" useRefParam="false" />
        <int name="skillId" value="59903" refParamName="" useRefParam="false" />
        <Enum name="atkSlot" value="0" EnumValue="普攻" refParamName="" useRefParam="false" />
      </Event>
    </Track>
    <Track trackName="普通攻击" eventType="PlayAnimDuration" guid="38ddc942-e19a-49c3-ad9a-125d572616b4" enabled="true" useRefParam="false" refParamName="" r="0.000" g="0.000" b="0.000" execOnForceStopped="false" execOnActionCompleted="false" stopAfterLastEvent="true" nameSpace="">
      <Condition id="7" guid="800c524b-f1a8-4433-9a0c-9f5c50523a0b" status="false" />
      <Event eventName="PlayAnimDuration" time="0.000" length="1.500" isDuration="true" guid="ccbd7436-626e-4d4c-9545-3ab45cb701bf">
        <TemplateObject name="targetId" id="0" objectName="self" isTemp="false" refParamName="" useRefParam="false" />
        <int name="frameRate" value="120" refParamName="" useRefParam="false" />
        <bool name="bUseTargetSkinEffect" value="true" refParamName="" useRefParam="false"/>
        <String name="clipName" value="Atk4" refParamName="" useRefParam="false" />
        <float name="crossFadeTime" value="0.100" refParamName="" useRefParam="false" />
        <bool name="applyActionSpeed" value="true" refParamName="" useRefParam="false" />
      </Event>
    </Track>
    <Track trackName="普通攻击" eventType="PlayAnimDuration" guid="e70825b1-1bfe-4e21-b0d6-f1f773ecdb46" enabled="true" useRefParam="false" refParamName="" r="0.000" g="0.000" b="0.000" execOnForceStopped="false" execOnActionCompleted="false" stopAfterLastEvent="true">
      <Condition id="7" guid="800c524b-f1a8-4433-9a0c-9f5c50523a0b" status="true" />
      <Event eventName="PlayAnimDuration" time="0.000" length="1.500" isDuration="true" guid="0b8a0bf8-8205-4748-b360-75984cdd9e6d">
        <TemplateObject name="targetId" id="0" objectName="self" isTemp="false" refParamName="" useRefParam="false" />
        <int name="frameRate" value="120" refParamName="" useRefParam="false" />
        <bool name="bUseTargetSkinEffect" value="true" refParamName="" useRefParam="false"/>
        <String name="clipName" value="Atk1_Suit" refParamName="" useRefParam="false" />
        <float name="crossFadeTime" value="0.100" refParamName="" useRefParam="false" />
        <bool name="applyActionSpeed" value="true" refParamName="" useRefParam="false" />
      </Event>
    </Track>
    <Track trackName="普通攻击" eventType="SpawnObjectDuration" guid="04d813a2-1882-4d50-8008-d409f99f8d17" enabled="true" useRefParam="false" refParamName="" r="0.000" g="0.000" b="0.000" execOnForceStopped="false" execOnActionCompleted="false" stopAfterLastEvent="true" nameSpace="">
      <Event eventName="SpawnObjectDuration" time="0.200" length="0.300" isDuration="true" guid="a44a4634-1135-47f6-8f18-4f97a9f13104">
        <TemplateObject name="targetId" id="2" objectName="bullet" isTemp="true" refParamName="" useRefParam="false" />
        <TemplateObject name="objectSpaceId" id="0" objectName="self" isTemp="false" refParamName="" useRefParam="false" />
        <Vector3i name="translation" x="0" y="0" z="1500" refParamName="" useRefParam="false" />
        <bool name="modifyDirection" value="true" refParamName="" useRefParam="false" />
        <Vector3i name="direction" x="0" y="0" z="0" refParamName="" useRefParam="false" />
      </Event>
    </Track>
    <Track trackName="普通攻击" eventType="SetCollisionTick" guid="04114a6c-d275-447b-9a7f-ea55123e2a93" enabled="true" useRefParam="false" refParamName="" r="0.000" g="0.000" b="0.000" execOnForceStopped="false" execOnActionCompleted="false" stopAfterLastEvent="true" nameSpace="">
      <Event eventName="SetCollisionTick" time="0.200" isDuration="false" guid="18c6c6c1-d4f8-4ce1-a964-0034986281d7">
        <TemplateObject name="targetId" id="2" objectName="bullet" isTemp="true" refParamName="" useRefParam="false" />
        <Vector3i name="Size" x="3000" y="10000" z="4000" refParamName="" useRefParam="false" />
      </Event>
    </Track>
    <Track trackName="挂被动" eventType="HitTriggerDuration" guid="29b624d4-3a59-4c6b-a53b-5ffa00580b73" enabled="true" useRefParam="false" refParamName="" r="0.000" g="0.000" b="0.000" execOnForceStopped="false" execOnActionCompleted="false" stopAfterLastEvent="true" nameSpace="">
      <Event eventName="HitTriggerDuration" time="0.200" length="0.300" isDuration="true" guid="ed9da0a9-444e-4559-b368-434413b17387">
        <TemplateObject name="triggerId" id="2" objectName="bullet" isTemp="true" refParamName="" useRefParam="false" />
        <TemplateObject name="attackerId" id="0" objectName="self" isTemp="false" refParamName="" useRefParam="false" />
        <int name="TriggerActorInterval" value="1000" refParamName="" useRefParam="false" />
        <bool name="bFileterOrgan" value="true" refParamName="" useRefParam="false" />
        <int name="TriggerActorCount" value="32" refParamName="" useRefParam="false" />
        <int name="CollideMaxCount" value="1" refParamName="" useRefParam="false" />
        <int name="TargetSkillCombine_1" value="599601" refParamName="" useRefParam="false" />
      </Event>
    </Track>
    <Track trackName="普通攻击" eventType="HitTriggerDuration" guid="4c924c6d-0453-4066-a234-2fbb5b0f8712" enabled="true" useRefParam="false" refParamName="" r="0.000" g="0.000" b="0.000" execOnForceStopped="false" execOnActionCompleted="false" stopAfterLastEvent="true" nameSpace="">
      <Event eventName="HitTriggerDuration" time="0.200" length="0.300" isDuration="true" guid="cdedbee2-d531-4a9a-a642-7733c40878b0">
        <TemplateObject name="triggerId" id="2" objectName="bullet" isTemp="true" refParamName="" useRefParam="false" />
        <TemplateObject name="attackerId" id="0" objectName="self" isTemp="false" refParamName="" useRefParam="false" />
        <int name="TriggerActorInterval" value="1000" refParamName="" useRefParam="false" />
        <int name="TriggerActorCount" value="32" refParamName="" useRefParam="false" />
        <int name="CollideMaxCount" value="1" refParamName="" useRefParam="false" />
        <int name="TargetSkillCombine_1" value="599000" refParamName="" useRefParam="false" />
      </Event>
    </Track>
    <Track trackName="普通攻击" eventType="TriggerParticleTick" guid="a429655a-dea1-48e4-b266-7cd8b32e8654" enabled="true" useRefParam="false" refParamName="" r="0.000" g="0.000" b="0.000" execOnForceStopped="false" execOnActionCompleted="false" stopAfterLastEvent="true" nameSpace="">
      <Condition id="7" guid="800c524b-f1a8-4433-9a0c-9f5c50523a0b" status="false" />
      <Event eventName="TriggerParticleTick" time="0.000" isDuration="false" guid="1f6ecbb2-c482-4478-a16e-303bd692f6ac">
        <TemplateObject name="targetId" id="-1" objectName="None" isTemp="false" refParamName="" useRefParam="false" />
        <TemplateObject name="objectSpaceId" id="0" objectName="self" isTemp="false" refParamName="" useRefParam="false" />
        <int name="frameRate" value="120" refParamName="" useRefParam="false" />
        <bool name="bUseTargetSkinEffect" value="true" refParamName="" useRefParam="false"/>
        <String name="resourceName" value="prefab_skill_effects/hero_skill_effects/599_lvmeng/59901/lvmeng_attack_04" refParamName="" useRefParam="false" />
        <bool name="applyActionSpeedToParticle" value="false" refParamName="" useRefParam="false" />
      </Event>
    </Track>
    <Track trackName="普通攻击" eventType="TriggerParticleTick" guid="d7adc5f3-927a-4dfc-bb54-6b024c4f8a0a" enabled="true" useRefParam="false" refParamName="" r="0.000" g="0.000" b="0.000" execOnForceStopped="false" execOnActionCompleted="false" stopAfterLastEvent="true">
      <Condition id="7" guid="800c524b-f1a8-4433-9a0c-9f5c50523a0b" status="true" />
      <Event eventName="TriggerParticleTick" time="0.000" isDuration="false" guid="f52dd329-6192-4f63-b432-fa34e3e73efb">
        <TemplateObject name="targetId" id="-1" objectName="None" isTemp="false" refParamName="" useRefParam="false" />
        <TemplateObject name="objectSpaceId" id="0" objectName="self" isTemp="false" refParamName="" useRefParam="false" />
        <int name="frameRate" value="120" refParamName="" useRefParam="false" />
        <bool name="bUseTargetSkinEffect" value="true" refParamName="" useRefParam="false"/>
        <String name="resourceName" value="prefab_skill_effects/hero_skill_effects/599_lvmeng/59901/lvmeng_attack_05" refParamName="" useRefParam="false" />
        <bool name="applyActionSpeedToParticle" value="false" refParamName="" useRefParam="false" />
      </Event>
    </Track>
    <Track trackName="普通攻击" eventType="SkillCDTriggerTick" guid="ea0efa8d-0ab7-4e97-9033-74f4b322fc95" enabled="true" useRefParam="false" refParamName="" r="0.000" g="0.000" b="0.000" execOnForceStopped="false" execOnActionCompleted="false" stopAfterLastEvent="true" nameSpace="">
      <Event eventName="SkillCDTriggerTick" time="0.000" isDuration="false" guid="c5a33939-3cf6-4bdf-bd13-f26bfe9e8da9">
        <TemplateObject name="targetId" id="0" objectName="self" isTemp="false" refParamName="" useRefParam="false" />
      </Event>
    </Track>
    <Track trackName="普通攻击" eventType="ChangeSkillTriggerTick" guid="a4f47ac8-30a6-4460-841e-82836c142e3d" enabled="true" useRefParam="false" refParamName="" r="0.000" g="0.000" b="0.000" execOnForceStopped="false" execOnActionCompleted="false" stopAfterLastEvent="true" nameSpace="">
      <Event eventName="ChangeSkillTriggerTick" time="0.000" isDuration="false" guid="7e9f3e1a-96de-4108-bfcc-20068fd70344">
        <TemplateObject name="targetId" id="0" objectName="self" isTemp="false" refParamName="" useRefParam="false" />
        <int name="effectTime" value="5000" refParamName="" useRefParam="false" />
        <int name="recoverSkillID" value="59900" refParamName="" useRefParam="false" />
        <bool name="bOvertimeCD" value="false" refParamName="" useRefParam="false" />
        <int name="changeSkillID" value="59900" refParamName="" useRefParam="false" />
      </Event>
    </Track>
    <Track trackName="PlayHeroSoundTick0" eventType="PlayHeroSoundTick" guid="32483a16-ccdd-4031-a07b-bbd35645d8a4" enabled="true" useRefParam="false" refParamName="" r="0.000" g="0.000" b="0.000" execOnForceStopped="false" execOnActionCompleted="false" stopAfterLastEvent="true" nameSpace="">
      <Condition id="7" guid="800c524b-f1a8-4433-9a0c-9f5c50523a0b" status="false" />
      <Event eventName="PlayHeroSoundTick" time="0.000" isDuration="false" guid="474b8c24-fa1d-48f5-b77d-d678dc7e672f">
        <TemplateObject name="targetId" id="0" objectName="self" isTemp="false" refParamName="" useRefParam="false" />
        <String name="eventName" value="Play_Billow_Attack_Skin1" refParamName="" useRefParam="false" />
      </Event>
    </Track>
    <Track trackName="PlayHeroSoundTick0" eventType="PlayHeroSoundTick" guid="23da81b0-08cd-4a5a-8b80-3be66709e7bb" enabled="true" useRefParam="false" refParamName="" r="0.000" g="0.000" b="0.000" execOnForceStopped="false" execOnActionCompleted="false" stopAfterLastEvent="true" nameSpace="">
      <Event eventName="PlayHeroSoundTick" time="0.000" isDuration="false" guid="150a747a-0bdd-49b4-806b-8463359433a0">
        <TemplateObject name="targetId" id="0" objectName="self" isTemp="false" refParamName="" useRefParam="false" />
        <String name="eventName" value="Play_Billow_VO_Anger_Skin1" refParamName="" useRefParam="false" />
      </Event>
    </Track>
    <Track trackName="PlayHeroSoundTick0" eventType="PlayHeroSoundTick" guid="4f6c60ab-ff1d-4c85-b44f-7e84853104cd" enabled="true" useRefParam="false" refParamName="" r="0.000" g="0.000" b="0.000" execOnForceStopped="false" execOnActionCompleted="false" stopAfterLastEvent="true">
      <Condition id="7" guid="800c524b-f1a8-4433-9a0c-9f5c50523a0b" status="true" />
      <Event eventName="PlayHeroSoundTick" time="0.000" isDuration="false" guid="f6436d43-0c68-4783-8143-ae4880e08805">
        <TemplateObject name="targetId" id="0" objectName="self" isTemp="false" refParamName="" useRefParam="false" />
        <String name="eventName" value="Play_Billow_Attack_HitHvy_Skin1" refParamName="" useRefParam="false" />
      </Event>
    </Track>
  </Action>
</Project>