﻿<?xml version="1.0" encoding="utf-8"?>
<Project>
  <TemplateObjectList>
    <TemplateObject objectName="self" id="0" isTemp="false" />
  </TemplateObjectList>
  <RefParamList>
    <String name="PlayerEffectBackCityResPath" value="" refParamName="" useRefParam="false" />
    <String name="PlayerEffectBackCityStartSound" value="" refParamName="" useRefParam="false" />
    <String name="PlayerEffectBackCityEndSound" value="" refParamName="" useRefParam="false" />
    <String name="PlayerEffectBackCityAdditionalResPath" value="" refParamName="" useRefParam="false" />
    <String name="strReturnCityFall" value="" refParamName="" useRefParam="false" />
    <String name="strReturnCityEffectPath" value="" refParamName="" useRefParam="false" />
  </RefParamList>
  <Action tag="" length="9.000" loop="false">
    <Track trackName="CheckSkinIdTick0" eventType="CheckSkinIdTick" guid="67205a0e-4d25-4f9e-b20f-aa62b811dcb6" enabled="true" useRefParam="false" refParamName="" r="0.000" g="0.000" b="0.000" execOnForceStopped="false" execOnActionCompleted="false">
      <Event eventName="CheckSkinIdTick" time="0.000" isDuration="false" guid="563589a1-f905-4113-9aa9-737184151ad1">
        <TemplateObject name="targetId" objectName="self" id="0" isTemp="false" refParamName="" useRefParam="false" />
        <int name="skinId" value="52803" refParamName="" useRefParam="false" />
      </Event>
    </Track>
    <Track trackName="52803" eventType="FilterTargetType" guid="69ab113f-aa7d-4b00-92e8-e0557fd40a63" enabled="false" useRefParam="false" refParamName="" r="0.000" g="0.000" b="0.000" execOnForceStopped="false" execOnActionCompleted="false">
      <Event eventName="FilterTargetType" time="0.000" isDuration="false" guid="9208a245-2360-4b69-b87f-5b00af675371">
        <TemplateObject name="targetId" objectName="self" id="0" isTemp="false" refParamName="" useRefParam="false" />
      </Event>
    </Track>
    <Track trackName="RemoveBuffTick0" eventType="RemoveBuffTick" guid="38991ccc-4b94-48d5-8cb5-a9480f11c4ba" enabled="true" useRefParam="false" refParamName="" r="0.000" g="0.000" b="0.000" execOnForceStopped="false" execOnActionCompleted="false">
      <Condition id="0" guid="67205a0e-4d25-4f9e-b20f-aa62b811dcb6" status="true" />
      <Event eventName="RemoveBuffTick" time="0.000" isDuration="false" guid="92bd5d3a-c8b4-4eaf-a80a-6ba71a6aad68">
        <TemplateObject name="targetId" objectName="self" id="0" isTemp="false" refParamName="" useRefParam="false" />
        <int name="buffId" value="599160" refParamName="" useRefParam="false" />
      </Event>
    </Track>
    <Track trackName="下潜" eventType="FilterTargetDuration" guid="78d897c9-59d3-4214-8387-5f1c666256ef" enabled="false" useRefParam="false" refParamName="" r="0.000" g="0.000" b="0.000" execOnForceStopped="false" execOnActionCompleted="false">
      <Condition id="0" guid="67205a0e-4d25-4f9e-b20f-aa62b811dcb6" status="true" />
      <Event eventName="FilterTargetDuration" time="0.000" length="7.000" isDuration="true" guid="17695742-8a3f-415f-bdc5-23ba60d3c1a5">
        <TemplateObject name="targetId" objectName="self" id="0" isTemp="false" refParamName="" useRefParam="false" />
      </Event>
    </Track>
    <Track trackName="CheckSkillCombineConditionDuration0" eventType="CheckSkillCombineConditionDuration" guid="298b3be9-236b-4ac3-bd33-ff9b544430b5" enabled="true" useRefParam="false" refParamName="" r="0.000" g="0.000" b="0.000" execOnForceStopped="false" execOnActionCompleted="false">
      <Condition id="0" guid="67205a0e-4d25-4f9e-b20f-aa62b811dcb6" status="true" />
      <Event eventName="CheckSkillCombineConditionDuration" time="0.000" length="7.000" isDuration="true" guid="5608b7e3-1d58-42e9-b778-c391548a0f37">
        <TemplateObject name="targetId" objectName="self" id="0" isTemp="false" refParamName="" useRefParam="false" />
        <int name="skillCombineId" value="599140" refParamName="" useRefParam="false" />
        <Enum name="checkOPType" value="2" EnumValue="小等于" refParamName="" useRefParam="false" />
      </Event>
    </Track>
    <Track trackName="StopTracks0" eventType="StopTracks" guid="b2c167b0-5a0c-467a-993a-2458285f2420" enabled="true" useRefParam="false" refParamName="" r="0.000" g="0.000" b="0.000" execOnForceStopped="false" execOnActionCompleted="false" OrConditions="true">
      <Condition id="4" guid="298b3be9-236b-4ac3-bd33-ff9b544430b5" status="true" />
      <Condition id="0" guid="67205a0e-4d25-4f9e-b20f-aa62b811dcb6" status="false" />
      <Event eventName="StopTracks" time="0.000" isDuration="false" guid="a72d087c-097b-465b-adb0-3b92765828a4">
        <Array name="trackIds" refParamName="" useRefParam="false" type="TrackObject">
          <TrackObject id="6" guid="dfa3c0fe-b5f1-42fc-8379-be8d362b3064" />
        </Array>
        <bool name="alsoStopNotStartedTrack" value="true" refParamName="" useRefParam="false" />
      </Event>
    </Track>
    <Track trackName="SimpleSpawnBuffTick0" eventType="SimpleSpawnBuffTick" guid="dfa3c0fe-b5f1-42fc-8379-be8d362b3064" enabled="true" useRefParam="false" refParamName="" r="0.000" g="0.000" b="0.000" execOnForceStopped="true" execOnActionCompleted="true">
      <Event eventName="SimpleSpawnBuffTick" time="0.000" isDuration="false" guid="99dfbb63-dec3-4102-9f3b-1489ade1b75a">
        <TemplateObject name="originatorId" objectName="self" id="0" isTemp="false" refParamName="" useRefParam="false" />
        <TemplateObject name="targetId" objectName="self" id="0" isTemp="false" refParamName="" useRefParam="false" />
        <Array name="buffIds" refParamName="" useRefParam="false" type="int">
          <int value="599160" />
        </Array>
      </Event>
    </Track>
    <Track trackName="SetAnimationParamsDuration0" eventType="SetAnimationParamsDuration" guid="e149012c-9794-4d8e-b1f2-f17900ae0e50" enabled="true" useRefParam="false" refParamName="" r="0.000" g="0.000" b="0.000" execOnForceStopped="false" execOnActionCompleted="false">
      <Condition id="0" guid="67205a0e-4d25-4f9e-b20f-aa62b811dcb6" status="false" />
      <Event eventName="SetAnimationParamsDuration" time="0.000" length="8.500" isDuration="true" guid="7c4e283d-f179-49da-9552-78ff0442519a">
        <TemplateObject name="targetId" objectName="self" id="0" isTemp="false" refParamName="" useRefParam="false" />
        <Array name="boolNames" refParamName="" useRefParam="false" type="String">
          <String value="back" />
        </Array>
        <Array name="boolValues" refParamName="" useRefParam="false" type="bool">
          <bool value="true" />
        </Array>
      </Event>
    </Track>
    <Track trackName="SetBehaviourModeTick0" eventType="SetBehaviourModeTick" guid="de661ae3-4d58-4c8d-8a40-6506462d7337" enabled="true" useRefParam="false" refParamName="" r="0.000" g="0.000" b="0.000" execOnForceStopped="false" execOnActionCompleted="false">
      <Event eventName="SetBehaviourModeTick" time="0.000" isDuration="false" guid="138aa32c-3a66-4105-92bf-c051987a5307">
        <TemplateObject name="targetId" objectName="self" id="0" isTemp="false" refParamName="" useRefParam="false" />
        <bool name="clearMove" value="true" refParamName="" useRefParam="false" />
      </Event>
    </Track>
    <Track trackName="ForbidAbilityDuration0" eventType="ForbidAbilityDuration" guid="ef67059b-1136-4e7e-93da-474d455e8826" enabled="true" useRefParam="false" refParamName="" r="0.000" g="0.000" b="0.000" execOnForceStopped="false" execOnActionCompleted="false">
      <Event eventName="ForbidAbilityDuration" time="0.000" length="7.100" isDuration="true" guid="bc89267d-629a-4d1f-8652-c3f4121fde7b">
        <TemplateObject name="attackerId" objectName="self" id="0" isTemp="false" refParamName="" useRefParam="false" />
        <bool name="abortFilterSkill0" value="true" refParamName="" useRefParam="false" />
        <bool name="abortFilterSkill1" value="true" refParamName="" useRefParam="false" />
        <bool name="abortFilterSkill2" value="true" refParamName="" useRefParam="false" />
        <bool name="abortFilterSkill3" value="true" refParamName="" useRefParam="false" />
        <bool name="abortFilterSkill5" value="true" refParamName="" useRefParam="false" />
        <bool name="abortFilterSkill7" value="true" refParamName="" useRefParam="false" />
        <bool name="abortFilterSkill9" value="true" refParamName="" useRefParam="false" />
        <bool name="abortFilterSkill11" value="true" refParamName="" useRefParam="false" />
        <bool name="abortFilterMove" value="true" refParamName="" useRefParam="false" />
        <bool name="abortFilterDamage" value="true" refParamName="" useRefParam="false" />
      </Event>
    </Track>
    <Track trackName="MoveCityDuration0" eventType="MoveCityDuration" guid="c7106037-35ac-4cd8-aa4d-d68a602ccace" enabled="true" useRefParam="false" refParamName="" r="0.000" g="0.000" b="0.000" execOnForceStopped="false" execOnActionCompleted="false">
      <Event eventName="MoveCityDuration" time="7.000" length="0.200" isDuration="true" guid="c3a7e30e-e9a3-486f-aed3-b8e5538e691f">
        <TemplateObject name="targetId" objectName="self" id="0" isTemp="false" refParamName="" useRefParam="false" />
      </Event>
    </Track>
    <Track trackName="TriggerParticleTick0" eventType="TriggerParticleTick" guid="ffbe1c6c-27c5-409e-884e-670de21a3299" enabled="true" useRefParam="false" refParamName="" r="0.000" g="0.000" b="0.000" execOnForceStopped="false" execOnActionCompleted="false">
      <Event eventName="TriggerParticleTick" time="7.000" isDuration="false" guid="bf7902cb-4dfc-471c-93ba-aa6d083c573b">
        <TemplateObject name="targetId" objectName="None" id="-1" isTemp="false" refParamName="" useRefParam="false" />
        <TemplateObject name="objectSpaceId" objectName="self" id="0" isTemp="false" refParamName="" useRefParam="false" />
        <String name="parentResourceName" value="born_back_reborn/huijidi_01" refParamName="" useRefParam="false" />
        <int name="frameRate" value="120" refParamName="" useRefParam="false" />
        <bool name="bUseTargetSkinEffect" value="true" refParamName="" useRefParam="false"/>
        <String name="resourceName" value="" refParamName="strReturnCityFall" useRefParam="true" />
        <float name="lifeTime" value="5.000" refParamName="" useRefParam="false" />
        <Vector3i name="scalingInt" x="10000" y="10000" z="10000" refParamName="" useRefParam="false" />
        <bool name="bUseHeroLocalForward" value="true" refParamName="" useRefParam="false" />
        <Enum name="ReplacementUsage" value="1" EnumValue="回城特效" refParamName="" useRefParam="false" />
        <Enum name="ReplacementSubUsage" value="1" EnumValue="回城落地特效" refParamName="" useRefParam="false" />
      </Event>
    </Track>
    <Track trackName="TriggerParticle0" eventType="TriggerParticle" guid="8f6bdee6-db9a-4f18-a512-a2995b5e0763" enabled="true" useRefParam="false" refParamName="" r="0.000" g="0.000" b="0.000" execOnForceStopped="false" execOnActionCompleted="false">
      <Event eventName="TriggerParticle" time="0.000" length="7.000" isDuration="true" guid="dfa11b62-cead-40b7-94d9-778812d2cc19">
        <TemplateObject name="targetId" objectName="self" id="0" isTemp="false" refParamName="" useRefParam="false" />
        <TemplateObject name="objectSpaceId" objectName="self" id="0" isTemp="false" refParamName="" useRefParam="false" />
        <String name="parentResourceName" value="prefab_skill_effects/tongyong_effects/tongyong_hurt/born_back_reborn/huicheng_tongyong_01" refParamName="" useRefParam="false" />
        <int name="frameRate" value="120" refParamName="" useRefParam="false" />
        <bool name="bUseTargetSkinEffect" value="true" refParamName="" useRefParam="false"/>
        <String name="resourceName" value="" refParamName="strReturnCityEffectPath" useRefParam="true" />
        <Vector3 name="bindPosOffset" x="0.000" y="-0.300" z="0.000" refParamName="" useRefParam="false" />
        <Vector3i name="scalingInt" x="10000" y="10000" z="10000" refParamName="" useRefParam="false" />
        <bool name="bEnableOptCull" value="false" refParamName="" useRefParam="false" />
        <bool name="bTrailProtect" value="true" refParamName="" useRefParam="false" />
        <Enum name="ReplacementUsage" value="1" EnumValue="回城特效" refParamName="" useRefParam="false" />
        <String name="syncAnimationName" value="" refParamName="" useRefParam="false" />
        <bool name="bApplySpecialEffect" value="true" refParamName="" useRefParam="false" />
        <bool name="bOnlySetAlpha" value="true" refParamName="" useRefParam="false" />
        <String name="customTagName" value="" refParamName="" useRefParam="false" />
      </Event>
    </Track>
    <Track trackName="PlayAnimDuration0" eventType="PlayAnimDuration" guid="664523ad-bc5e-4796-94a7-003b758fb8c4" enabled="true" useRefParam="false" refParamName="" r="0.000" g="0.000" b="0.000" execOnForceStopped="false" execOnActionCompleted="false">
      <Event eventName="PlayAnimDuration" time="0.000" length="7.000" isDuration="true" guid="8b14a80b-6d04-4ae9-8784-863bc934c40f">
        <TemplateObject name="targetId" objectName="self" id="0" isTemp="false" refParamName="" useRefParam="false" />
        <int name="frameRate" value="120" refParamName="" useRefParam="false" />
        <bool name="bUseTargetSkinEffect" value="true" refParamName="" useRefParam="false"/>
        <String name="clipName" value="Home" refParamName="" useRefParam="false" />
        <int name="layer" value="5" refParamName="" useRefParam="false" />
        <bool name="bLoop" value="true" refParamName="" useRefParam="false" />
        <bool name="alwaysAnimate" value="true" refParamName="" useRefParam="false" />
      </Event>
    </Track>
    <Track trackName="PlayAnimationTick0" eventType="PlayAnimationTick" guid="f51150fb-c68a-4fa4-9845-7f67ba2d2e7f" enabled="true" useRefParam="false" refParamName="" r="0.000" g="0.000" b="0.000" execOnForceStopped="false" execOnActionCompleted="false" SkinAvatarFilterType="11">
      <Event eventName="PlayAnimationTick" time="0.000" isDuration="false" guid="c133340d-59fc-4b44-abb6-13beaa79632a">
        <TemplateObject name="targetId" objectName="self" id="0" isTemp="false" refParamName="" useRefParam="false" />
        <int name="frameRate" value="120" refParamName="" useRefParam="false" />
        <bool name="bUseTargetSkinEffect" value="true" refParamName="" useRefParam="false"/>
        <String name="clipName" value="Idle" refParamName="" useRefParam="false" />
        <int name="layer" value="0" refParamName="" useRefParam="false" />
        <bool name="loop" value="true" refParamName="" useRefParam="false" />
        <bool name="alwaysAnimate" value="true" refParamName="" useRefParam="false" />
      </Event>
      <SkinOrAvatarList id="59901" />
    </Track>
    <Track trackName="PlayAnimationTick0" eventType="PlayAnimationTick" guid="4087ae7b-353c-4e28-9054-4d81a1ceed9b" enabled="true" useRefParam="false" refParamName="" r="0.000" g="0.000" b="0.000" execOnForceStopped="true" execOnActionCompleted="false">
      <Event eventName="PlayAnimationTick" time="0.000" isDuration="false" guid="6d8f5b7c-7f6d-4bf9-98fa-b3700f5e0091">
        <TemplateObject name="targetId" objectName="self" id="0" isTemp="false" refParamName="" useRefParam="false" />
        <int name="frameRate" value="120" refParamName="" useRefParam="false" />
        <bool name="bUseTargetSkinEffect" value="true" refParamName="" useRefParam="false"/>
        <String name="clipName" value="Idle" refParamName="" useRefParam="false" />
        <int name="layer" value="0" refParamName="" useRefParam="false" />
        <bool name="loop" value="true" refParamName="" useRefParam="false" />
        <bool name="alwaysAnimate" value="true" refParamName="" useRefParam="false" />
      </Event>
    </Track>
    <Track trackName="MoveCityProcessBarDuration0" eventType="MoveCityProcessBarDuration" guid="00c4e0cd-601b-4cc1-85e0-5fc8f9a9d55d" enabled="true" useRefParam="false" refParamName="" r="0.000" g="0.000" b="0.000" execOnForceStopped="false" execOnActionCompleted="false">
      <Event eventName="MoveCityProcessBarDuration" time="0.000" length="7.000" isDuration="true" guid="c4da8f13-580f-453a-83c3-707accf836c6">
        <TemplateObject name="targetId" objectName="self" id="0" isTemp="false" refParamName="" useRefParam="false" />
      </Event>
    </Track>
    <Track trackName="PlayAnimDuration2" eventType="PlayAnimDuration" guid="972d1382-031a-4c10-8eeb-d10b3fc76f47" enabled="true" useRefParam="false" refParamName="" r="0.000" g="0.000" b="0.000" execOnForceStopped="false" execOnActionCompleted="false">
      <Event eventName="PlayAnimDuration" time="7.000" length="1.500" isDuration="true" guid="effed80a-8f4a-4a81-8b50-79e6952e3836">
        <TemplateObject name="targetId" objectName="self" id="0" isTemp="false" refParamName="" useRefParam="false" />
        <int name="frameRate" value="120" refParamName="" useRefParam="false" />
        <bool name="bUseTargetSkinEffect" value="true" refParamName="" useRefParam="false"/>
        <String name="clipName" value="Gohome" refParamName="" useRefParam="false" />
        <int name="layer" value="5" refParamName="" useRefParam="false" />
        <bool name="alwaysAnimate" value="true" refParamName="" useRefParam="false" />
      </Event>
    </Track>
    <Track trackName="MiniMapMoveCityDuration0" eventType="MiniMapMoveCityDuration" guid="016b0c19-32d1-494b-b272-046bb17bb344" enabled="false" useRefParam="false" refParamName="" r="0.000" g="0.000" b="0.000" execOnForceStopped="false" execOnActionCompleted="false" />
    <Track trackName="SetPlayerEffectPathToRefParamsTick0" eventType="SetPlayerEffectPathToRefParamsTick" guid="17a4125e-5f1b-415d-ba65-d22ae3527e21" enabled="false" useRefParam="false" refParamName="" r="0.000" g="0.000" b="0.000" execOnForceStopped="false" execOnActionCompleted="false" />
    <Track trackName="TriggerParticle0" eventType="TriggerParticle" guid="a60cc25b-afc3-46eb-a613-4822e11c3d33" enabled="true" useRefParam="false" refParamName="" r="0.000" g="0.000" b="0.000" execOnForceStopped="false" execOnActionCompleted="false">
      <Event eventName="TriggerParticle" time="0.000" length="7.000" isDuration="true" guid="16cfca02-82ec-4fa2-adba-5500538d226e">
        <TemplateObject name="targetId" objectName="self" id="0" isTemp="false" refParamName="" useRefParam="false" />
        <TemplateObject name="objectSpaceId" objectName="self" id="0" isTemp="false" refParamName="" useRefParam="false" />
        <int name="frameRate" value="120" refParamName="" useRefParam="false" />
        <bool name="bUseTargetSkinEffect" value="true" refParamName="" useRefParam="false"/>
        <String name="resourceName" value="" refParamName="PlayerEffectBackCityResPath" useRefParam="true" />
        <Vector3 name="bindPosOffset" x="0.000" y="-0.300" z="0.000" refParamName="" useRefParam="false" />
        <bool name="bEnableOptCull" value="false" refParamName="" useRefParam="false" />
        <bool name="applyActionSpeedToParticle" value="false" refParamName="" useRefParam="false" />
      </Event>
    </Track>
    <Track trackName="TriggerParticle0" eventType="TriggerParticle" guid="76da45d7-72da-4b81-8c36-9b6041726722" enabled="true" useRefParam="false" refParamName="" r="0.000" g="0.000" b="0.000" execOnForceStopped="false" execOnActionCompleted="false">
      <Event eventName="TriggerParticle" time="0.000" length="7.000" isDuration="true" guid="720f2be1-ac36-41a3-b519-7c970bfa6d10">
        <TemplateObject name="targetId" objectName="self" id="0" isTemp="false" refParamName="" useRefParam="false" />
        <TemplateObject name="objectSpaceId" objectName="self" id="0" isTemp="false" refParamName="" useRefParam="false" />
        <int name="frameRate" value="120" refParamName="" useRefParam="false" />
        <bool name="bUseTargetSkinEffect" value="true" refParamName="" useRefParam="false"/>
        <String name="resourceName" value="" refParamName="PlayerEffectBackCityAdditionalResPath" useRefParam="true" />
        <Vector3 name="bindPosOffset" x="0.000" y="-0.300" z="0.000" refParamName="" useRefParam="false" />
        <bool name="bEnableOptCull" value="false" refParamName="" useRefParam="false" />
        <bool name="applyActionSpeedToParticle" value="false" refParamName="" useRefParam="false" />
      </Event>
    </Track>
    <Track trackName="PlaySoundTick0" eventType="PlaySoundTick" guid="4dece30d-b5fb-4cd8-bf41-be4155b93aea" enabled="true" useRefParam="false" refParamName="" r="0.000" g="0.000" b="0.000" execOnForceStopped="false" execOnActionCompleted="false">
      <Event eventName="PlaySoundTick" time="0.000" isDuration="false" guid="0a5cca97-a737-47c5-8d19-682e8bd635f2">
        <TemplateObject name="targetId" objectName="self" id="0" isTemp="false" refParamName="" useRefParam="false" />
        <String name="eventName" value="" refParamName="PlayerEffectBackCityStartSound" useRefParam="true" />
      </Event>
    </Track>
    <Track trackName="PlaySoundTick1" eventType="PlaySoundTick" guid="e2e09676-2572-475b-9c24-24956cfa814a" enabled="true" useRefParam="false" refParamName="" r="0.000" g="0.000" b="0.000" execOnForceStopped="false" execOnActionCompleted="true">
      <Event eventName="PlaySoundTick" time="0.000" isDuration="false" guid="e955cce4-1322-4ff6-878a-e085531a6ad7">
        <TemplateObject name="targetId" objectName="self" id="0" isTemp="false" refParamName="" useRefParam="false" />
        <String name="eventName" value="" refParamName="PlayerEffectBackCityEndSound" useRefParam="true" />
      </Event>
    </Track>
    <Track trackName="SendGameEventTick0" eventType="SendGameEventTick" guid="bdc74548-8dd9-4461-bbe4-dd4242a69bbe" enabled="true" useRefParam="false" refParamName="" r="0.000" g="0.000" b="0.000" execOnForceStopped="false" execOnActionCompleted="false">
      <Event eventName="SendGameEventTick" time="6.900" isDuration="false" guid="c447dfd4-b6be-4c97-b04e-72501953d1bf">
        <Enum name="eventType" value="12" EnumValue="赛跑模式准备" refParamName="" useRefParam="false" />
        <TemplateObject name="eventSrcId" objectName="self" id="0" isTemp="false" refParamName="" useRefParam="false" />
      </Event>
    </Track>
    <Track trackName="ChangeShipModeParamTick0" eventType="ChangeShipModeParamTick" guid="767413b6-13e3-4af5-94b3-67a9d1f8707a" enabled="false" useRefParam="false" refParamName="" r="0.000" g="0.000" b="0.000" execOnForceStopped="false" execOnActionCompleted="false" />
    <Track trackName="SetBackForwardTick0" eventType="SetBackForwardTick" guid="2239f31c-a2ee-484b-9414-628246cd3237" enabled="false" useRefParam="false" refParamName="" r="0.000" g="0.000" b="0.000" execOnForceStopped="false" execOnActionCompleted="false" />
    <Track trackName="PlayActionSoundTick0" eventType="PlayActionSoundTick" guid="03476cc1-eb8f-4641-90b1-4029a8f1f0c1" enabled="true" useRefParam="false" refParamName="" r="0.000" g="0.000" b="0.000" execOnForceStopped="false" execOnActionCompleted="false">
      <Event eventName="PlayActionSoundTick" time="0.012" isDuration="false" guid="c3006d61-322e-469d-b411-76c79be2f4e4">
        <TemplateObject name="targetId" objectName="self" id="0" isTemp="false" refParamName="" useRefParam="false" />
        <Enum name="eventCfg" value="8" EnumValue="回城声音" refParamName="" useRefParam="false" />
      </Event>
    </Track>
    <Track trackName="PlayActionSoundTick1" eventType="PlayActionSoundTick" guid="b743f483-6cfc-465b-a5ad-8f69ca24fca7" enabled="true" useRefParam="false" refParamName="" r="0.000" g="0.000" b="0.000" execOnForceStopped="false" execOnActionCompleted="false">
      <Event eventName="PlayActionSoundTick" time="6.983" isDuration="false" guid="6da0b670-da28-41d6-ac8f-10f04027214b">
        <TemplateObject name="targetId" objectName="self" id="0" isTemp="false" refParamName="" useRefParam="false" />
        <Enum name="eventCfg" value="9" EnumValue="落地声音" refParamName="" useRefParam="false" />
      </Event>
    </Track>
    <Track trackName="ChangeHDHeightDuration0" eventType="ChangeHDHeightDuration" guid="ecad8726-bd8a-4d08-bc0c-566ca0eac3cb" enabled="true" useRefParam="false" refParamName="" r="0.000" g="0.000" b="0.000" execOnForceStopped="false" execOnActionCompleted="false" SkinAvatarFilterType="9">
      <Event eventName="ChangeHDHeightDuration" time="0.000" length="7.000" isDuration="true" guid="f0ea711b-8741-4ed0-abc9-3a8e5a007f43">
        <TemplateObject name="targetId" objectName="self" id="0" isTemp="false" refParamName="" useRefParam="false" />
        <int name="heightChange" value="850" refParamName="" useRefParam="false" />
        <float name="changeTime" value="0.100" refParamName="" useRefParam="false" />
      </Event>
      <SkinOrAvatarList id="59901" />
    </Track>
    <Track trackName="SetObjectDirectionTick0" eventType="SetObjectDirectionTick" guid="e2d5eb1c-7475-4294-9902-43578479a9e5" enabled="true" useRefParam="false" refParamName="" r="0.000" g="0.000" b="0.000" execOnForceStopped="false" execOnActionCompleted="false" SkinAvatarFilterType="9">
      <Event eventName="SetObjectDirectionTick" time="0.000" isDuration="false" guid="0e43b879-fe54-4988-9499-a7496004f721">
        <TemplateObject name="targetId" objectName="self" id="0" isTemp="false" refParamName="" useRefParam="false" />
        <int name="rotationY" value="180" refParamName="" useRefParam="false" />
      </Event>
      <SkinOrAvatarList id="59901" />
    </Track>
    <Track trackName="鱼" eventType="FilterTargetType" guid="73e2d26a-df00-4f12-b05b-5e1614eb4fcb" enabled="true" useRefParam="false" refParamName="" r="0.000" g="0.000" b="0.000" execOnForceStopped="false" execOnActionCompleted="false" SkinAvatarFilterType="9">
      <Event eventName="FilterTargetType" time="0.000" isDuration="false" guid="8fd10b8e-c041-4038-bade-d633f7a52d7e">
        <TemplateObject name="targetId" objectName="self" id="0" isTemp="false" refParamName="" useRefParam="false" />
        <bool name="bFilterBufferLayers" value="true" refParamName="" useRefParam="false" />
        <int name="buffId" value="599160" refParamName="" useRefParam="false" />
        <Enum name="operatorType" value="4" EnumValue="大于" refParamName="" useRefParam="false" />
      </Event>
      <SkinOrAvatarList id="59901" />
    </Track>
    <Track trackName="SetAnimationParamsDuration0" eventType="SetAnimationParamsDuration" guid="4ac3908d-c3a8-4d88-b0de-63bd76e47d73" enabled="true" useRefParam="false" refParamName="" r="0.000" g="0.000" b="0.000" execOnForceStopped="false" execOnActionCompleted="false" SkinAvatarFilterType="9">
      <Condition id="31" guid="73e2d26a-df00-4f12-b05b-5e1614eb4fcb" status="true" />
      <Event eventName="SetAnimationParamsDuration" time="0.000" length="8.500" isDuration="true" guid="359c36af-dd58-4e1e-a6ac-c641040a585e">
        <TemplateObject name="targetId" objectName="self" id="0" isTemp="false" refParamName="" useRefParam="false" />
        <Array name="boolNames" refParamName="" useRefParam="false" type="String">
          <String value="Spell1_11" />
        </Array>
        <Array name="boolValues" refParamName="" useRefParam="false" type="bool">
          <bool value="false" />
        </Array>
        <bool name="bForceSetParamWhenLeave" value="true" refParamName="" useRefParam="false" />
        <Array name="leaveBoolNames" refParamName="" useRefParam="false" type="String">
          <String value="Spell1_11" />
        </Array>
        <Array name="leaveBoolValues" refParamName="" useRefParam="false" type="bool">
          <bool value="false" />
        </Array>
      </Event>
      <SkinOrAvatarList id="59901" />
    </Track>
    <Track trackName="SetAnimationParamsDuration0" eventType="SetAnimationParamsDuration" guid="3be2cbd6-b9a4-4ee6-9f63-7de827163d4f" enabled="true" useRefParam="false" refParamName="" r="0.000" g="0.000" b="0.000" execOnForceStopped="false" execOnActionCompleted="false" SkinAvatarFilterType="9">
      <Condition id="31" guid="73e2d26a-df00-4f12-b05b-5e1614eb4fcb" status="true" />
      <Event eventName="SetAnimationParamsDuration" time="0.000" length="8.500" isDuration="true" guid="dd227522-03fd-48c0-b2c4-9e821d933981">
        <TemplateObject name="targetId" objectName="self" id="0" isTemp="false" refParamName="" useRefParam="false" />
        <Array name="boolNames" refParamName="" useRefParam="false" type="String">
          <String value="Action" />
        </Array>
        <Array name="boolValues" refParamName="" useRefParam="false" type="bool">
          <bool value="false" />
        </Array>
        <bool name="bForceSetParamWhenLeave" value="true" refParamName="" useRefParam="false" />
        <Array name="leaveBoolNames" refParamName="" useRefParam="false" type="String">
          <String value="Action" />
        </Array>
        <Array name="leaveBoolValues" refParamName="" useRefParam="false" type="bool">
          <bool value="false" />
        </Array>
      </Event>
      <SkinOrAvatarList id="59901" />
    </Track>
    <Track trackName="SetAnimationParamsDuration0" eventType="SetAnimationParamsDuration" guid="6a5f9d29-40b3-48bc-a366-bad0dbdd5a55" enabled="true" useRefParam="false" refParamName="" r="0.000" g="0.000" b="0.000" execOnForceStopped="false" execOnActionCompleted="false" SkinAvatarFilterType="9">
      <Condition id="31" guid="73e2d26a-df00-4f12-b05b-5e1614eb4fcb" status="true" />
      <Event eventName="SetAnimationParamsDuration" time="0.000" length="8.500" isDuration="true" guid="ceca7a32-b405-4dbd-aa44-09d7f1b4e25f">
        <TemplateObject name="targetId" objectName="self" id="0" isTemp="false" refParamName="" useRefParam="false" />
        <Array name="boolNames" refParamName="" useRefParam="false" type="String">
          <String value="Action3" />
        </Array>
        <Array name="boolValues" refParamName="" useRefParam="false" type="bool">
          <bool value="false" />
        </Array>
        <bool name="bForceSetParamWhenLeave" value="true" refParamName="" useRefParam="false" />
        <Array name="leaveBoolNames" refParamName="" useRefParam="false" type="String">
          <String value="Action3" />
        </Array>
        <Array name="leaveBoolValues" refParamName="" useRefParam="false" type="bool">
          <bool value="false" />
        </Array>
      </Event>
      <SkinOrAvatarList id="59901" />
    </Track>
  </Action>
</Project>