﻿<?xml version="1.0" encoding="utf-8"?>
<Project>
  <TemplateObjectList>
    <TemplateObject objectName="self" id="0" isTemp="false" />
    <TemplateObject objectName="target" id="1" isTemp="false" />
    <TemplateObject objectName="findbullet" id="2" isTemp="false" />
  </TemplateObjectList>
  <RefParamList>
    <Vector3i name="_BulletDir" x="0" y="0" z="0" refParamName="" useRefParam="false" />
  </RefParamList>
  <Action tag="" length="3.000" loop="false">
    <Track trackName="TriggerParticle0" eventType="TriggerParticle" guid="db17ebfc-e384-40cc-918f-e9dce40112e7" enabled="true" useRefParam="false" refParamName="" r="0.000" g="0.000" b="0.000" execOnForceStopped="false" execOnActionCompleted="false" stopAfterLastEvent="true" nameSpace="">
      <Event eventName="TriggerParticle" time="0.000" length="3.000" isDuration="true" guid="347a6707-fcad-4052-acdd-059754fcd71f">
        <TemplateObject name="targetId" objectName="self" id="0" isTemp="false" refParamName="" useRefParam="false" />
        <bool name="bIgnoreParticleWhenTargetDead" value="true" refParamName="" useRefParam="false" />
        <bool name="bDirNotFollowedByParent" value="true" refParamName="" useRefParam="false" />
        <int name="frameRate" value="120" refParamName="" useRefParam="false" />
        <bool name="bUseTargetSkinEffect" value="true" refParamName="" useRefParam="false"/>
        <String name="resourceName" value="prefab_skill_effects/hero_skill_effects/599_LvMeng/59901/LvMeng_buff_spell02_04" refParamName="" useRefParam="false" />
        <bool name="bEnableOptCull" value="false" refParamName="" useRefParam="false" />
        <TemplateObject name="skinReserveRefObjId" objectName="self" id="0" isTemp="false" refParamName="" useRefParam="false" />
      </Event>
    </Track>
  </Action>
</Project>