﻿<?xml version="1.0" encoding="utf-8"?>
<Project>
  <TemplateObjectList>
    <TemplateObject objectName="self" id="0" isTemp="false" />
    <TemplateObject objectName="target" id="1" isTemp="false" />
  </TemplateObjectList>
  <RefParamList>
    <int name="_InitIntParam" value="0" refParamName="" useRefParam="false" />
  </RefParamList>
  <Action tag="" length="0.500" loop="false">
    <Track trackName="SimpleSpawnBuffTick0" eventType="SimpleSpawnBuffTick" guid="249300d6-5757-4bbb-8431-9070401522bf" enabled="true" useRefParam="false" refParamName="" r="0.000" g="0.000" b="0.000" execOnForceStopped="false" execOnActionCompleted="false">
      <Event eventName="SimpleSpawnBuffTick" time="0.000" isDuration="false" guid="d5ae13a9-38ce-42fd-9987-263d49d6d44e">
        <TemplateObject name="originatorId" objectName="self" id="0" isTemp="false" refParamName="" useRefParam="false" />
        <bool name="bSpecify" value="true" refParamName="" useRefParam="false" />
        <bool name="bGetOtherCamp" value="true" refParamName="" useRefParam="false" />
        <bool name="bIgnoreSetTargetBeAttackHit" value="true" refParamName="" useRefParam="false" />
        <Array name="buffIds" refParamName="" useRefParam="false" type="int">
          <int value="599601" />
        </Array>
        <int name="buffLayer" value="1" refParamName="" useRefParam="false" />
      </Event>
    </Track>
    <Track trackName="FilterTargetType0" eventType="FilterTargetType" guid="7688c0a3-5ad2-4132-bc01-f81ede7e3689" enabled="false" useRefParam="false" refParamName="" r="0.000" g="0.000" b="0.000" execOnForceStopped="false" execOnActionCompleted="false">
      <Event eventName="FilterTargetType" time="0.000" isDuration="false" guid="4149e4b8-7dec-41da-8c5f-37c771907081">
        <TemplateObject name="targetId" objectName="self" id="0" isTemp="false" refParamName="" useRefParam="false" />
      </Event>
    </Track>
    <Track trackName="SimpleSpawnBuffTick0" eventType="SimpleSpawnBuffTick" guid="59219e2a-dfb9-4c68-aeed-cc3e3420bffe" enabled="false" useRefParam="false" refParamName="" r="0.000" g="0.000" b="0.000" execOnForceStopped="false" execOnActionCompleted="false">
      <Condition id="1" guid="7688c0a3-5ad2-4132-bc01-f81ede7e3689" status="true" />
      <Event eventName="SimpleSpawnBuffTick" time="0.000" isDuration="false" guid="bc070526-8a91-4079-8032-dda39fc899f7">
        <TemplateObject name="originatorId" objectName="self" id="0" isTemp="false" refParamName="" useRefParam="false" />
        <TemplateObject name="targetId" objectName="self" id="0" isTemp="false" refParamName="" useRefParam="false" />
        <bool name="bGetOtherCamp" value="true" refParamName="" useRefParam="false" />
        <Array name="buffIds" refParamName="" useRefParam="false" type="int">
          <int value="599910" />
        </Array>
      </Event>
    </Track>
  </Action>
</Project>