﻿<?xml version="1.0" encoding="utf-8"?>
<Project>
  <TemplateObjectList>
    <TemplateObject id="0" objectName="self" isTemp="false" />
    <TemplateObject id="1" objectName="target" isTemp="false" />
  </TemplateObjectList>
  <RefParamList>
    <int name="_InitIntParam" value="0" refParamName="" useRefParam="false" />
  </RefParamList>
  <Action tag="" length="0.200" loop="false">
    <Track trackName="HitTriggerTick1" eventType="HitTriggerTick" guid="24adbcf7-b2fb-4fcb-83d9-2c94ad31320a" enabled="true" useRefParam="false" refParamName="" r="0.000" g="0.000" b="0.000" execOnForceStopped="false" execOnActionCompleted="false" stopAfterLastEvent="true" nameSpace="">
      <Event eventName="HitTriggerTick" time="0.000" isDuration="false" guid="83da6eea-b4aa-4c99-8cee-8acdcc418a60">
        <TemplateObject name="targetId" id="0" objectName="self" isTemp="false" refParamName="" useRefParam="false" />
        <int name="SelfSkillCombineID_1" value="599600" refParamName="_InitIntParam" useRefParam="false" />
      </Event>
    </Track>
  </Action>
</Project>