﻿<?xml version="1.0" encoding="utf-8"?>
<Project>
  <TemplateObjectList>
    <TemplateObject objectName="self" id="0" isTemp="false" />
    <TemplateObject objectName="target" id="1" isTemp="false" />
    <TemplateObject objectName="bullet" id="2" isTemp="true" />
    <TemplateObject objectName="Findbullet" id="3" isTemp="true" />
  </TemplateObjectList>
  <RefParamList>
    <Vector3i name="targetdir" x="0" y="0" z="0" refParamName="" useRefParam="false" />
    <Vector3i name="_BulletDir" x="0" y="0" z="0" refParamName="" useRefParam="false" />
  </RefParamList>
  <Action tag="" length="1.000" loop="false">
    <Track trackName="SimpleSpawnPassiveDuration0" eventType="SimpleSpawnPassiveDuration" guid="7234ecc9-cb8b-4fe1-9275-abb0a8b62945" enabled="true" useRefParam="false" refParamName="" r="0.000" g="0.000" b="0.000" execOnForceStopped="false" execOnActionCompleted="false" stopAfterLastEvent="true">
      <Event eventName="SimpleSpawnPassiveDuration" time="0.000" length="1.000" isDuration="true" guid="c981687a-a014-42c3-91ad-f9c9a4150cd0">
        <TemplateObject name="sourceActorId" objectName="target" id="1" isTemp="false" refParamName="" useRefParam="false" />
        <bool name="bRemoveBuffWhenLeave" value="true" refParamName="" useRefParam="false" />
        <int name="passiveSkillId" value="59901" refParamName="" useRefParam="false" />
      </Event>
    </Track>
    <Track trackName="NewSaveActorRootTick0" eventType="NewSaveActorRootTick" guid="3a87d130-c76f-4745-aeb2-c3464151069b" enabled="true" useRefParam="false" refParamName="" r="0.000" g="0.000" b="0.000" execOnForceStopped="false" execOnActionCompleted="false" stopAfterLastEvent="true">
      <Event eventName="NewSaveActorRootTick" time="0.000" isDuration="false" guid="b81f4aa9-faee-46df-aeca-671352773ae1">
        <Enum name="dataDest" value="2" EnumValue="SkillLogicUnit" refParamName="" useRefParam="false" />
        <TemplateObject name="actorId" objectName="target" id="1" isTemp="false" refParamName="" useRefParam="false" />
        <TemplateObject name="targetId" objectName="self" id="0" isTemp="false" refParamName="" useRefParam="false" />
        <String name="variableName" value="lanbenti" refParamName="" useRefParam="false" />
      </Event>
    </Track>
    <Track trackName="SimpleSpawnPassiveDuration0" eventType="SimpleSpawnPassiveDuration" guid="b5a45326-ccf2-46fd-9a1f-ce701c64b40d" enabled="true" useRefParam="false" refParamName="" r="0.000" g="0.000" b="0.000" execOnForceStopped="false" execOnActionCompleted="false" stopAfterLastEvent="true">
      <Event eventName="SimpleSpawnPassiveDuration" time="0.000" length="1.000" isDuration="true" guid="19d91df9-f861-48e5-8e22-1627d78d1fe4">
        <TemplateObject name="sourceActorId" objectName="target" id="1" isTemp="false" refParamName="" useRefParam="false" />
        <bool name="bRemoveBuffWhenLeave" value="true" refParamName="" useRefParam="false" />
        <int name="passiveSkillId" value="59904" refParamName="" useRefParam="false" />
      </Event>
    </Track>
    <Track trackName="SimpleSpawnBuffTick0" eventType="SimpleSpawnBuffTick" guid="ac256a1a-676f-48ee-b5ed-370ccc8486d0" enabled="true" useRefParam="false" refParamName="" r="0.000" g="0.000" b="0.000" execOnForceStopped="false" execOnActionCompleted="false" stopAfterLastEvent="false" SkinAvatarFilterType="11">
      <Event eventName="SimpleSpawnBuffTick" time="0.000" isDuration="false" guid="ea9aef56-68d3-4a6b-9aea-533eb85e7986">
        <TemplateObject name="originatorId" objectName="self" id="0" isTemp="false" refParamName="" useRefParam="false" />
        <TemplateObject name="targetId" objectName="target" id="1" isTemp="false" refParamName="" useRefParam="false" />
        <bool name="bIgnoreSetTargetBeAttackHit" value="true" refParamName="" useRefParam="false" />
        <Array name="buffIds" refParamName="" useRefParam="false" type="int">
          <int value="599896" />
        </Array>
        <int name="buffLayer" value="1" refParamName="" useRefParam="false" />
      </Event>
      <SkinOrAvatarList id="59901" />
    </Track>
    <Track trackName="SimpleSpawnBuffTick0" eventType="SimpleSpawnBuffTick" guid="ecd8ffcb-fc3d-42c7-9382-d316eac9ad4b" enabled="true" useRefParam="false" refParamName="" r="0.000" g="0.000" b="0.000" execOnForceStopped="false" execOnActionCompleted="false" stopAfterLastEvent="false" SkinAvatarFilterType="9">
      <Event eventName="SimpleSpawnBuffTick" time="0.000" isDuration="false" guid="6af44c6e-6672-411d-a8a0-954a879167a2">
        <TemplateObject name="originatorId" objectName="self" id="0" isTemp="false" refParamName="" useRefParam="false" />
        <TemplateObject name="targetId" objectName="target" id="1" isTemp="false" refParamName="" useRefParam="false" />
        <bool name="bIgnoreSetTargetBeAttackHit" value="true" refParamName="" useRefParam="false" />
        <Array name="buffIds" refParamName="" useRefParam="false" type="int">
          <int value="599895" />
        </Array>
        <int name="buffLayer" value="1" refParamName="" useRefParam="false" />
      </Event>
      <SkinOrAvatarList id="59901" />
    </Track>
  </Action>
</Project>