﻿<?xml version="1.0" encoding="utf-8"?>
<Project>
  <TemplateObjectList>
    <TemplateObject id="0" objectName="self" isTemp="false" />
    <TemplateObject id="1" objectName="target" isTemp="false" />
    <TemplateObject id="2" objectName="bullet" isTemp="true" />
    <TemplateObject id="3" objectName="Findbullet" isTemp="true" />
  </TemplateObjectList>
  <RefParamList>
    <Vector3i name="targetdir" x="0" y="0" z="0" refParamName="" useRefParam="false" />
    <Vector3i name="_BulletDir" x="0" y="0" z="0" refParamName="" useRefParam="false" />
  </RefParamList>
  <Action tag="" length="1.000" loop="false">
    <Track trackName="SkillFuncInstant0" eventType="SkillFuncInstant" guid="7bfc1a27-8f15-49b7-9676-496fdc726626" enabled="true" useRefParam="false" refParamName="" r="0.000" g="0.000" b="0.000" execOnForceStopped="false" execOnActionCompleted="false" stopAfterLastEvent="true" nameSpace="">
      <Event eventName="SkillFuncInstant" time="0.000" isDuration="false" guid="8752091a-8d9b-4e21-a0f1-925dd023150a">
        <Enum name="SkillFuncType" value="16" EnumValue="减少技能CD" refParamName="" useRefParam="false" />
      </Event>
    </Track>
  </Action>
</Project>