﻿<?xml version="1.0" encoding="utf-8"?>
<Project>
  <TemplateObjectList>
    <TemplateObject objectName="self" id="0" isTemp="false" />
    <TemplateObject objectName="target" id="1" isTemp="false" />
    <TemplateObject objectName="bullet" id="2" isTemp="true" />
    <TemplateObject objectName="Findbullet" id="3" isTemp="true" />
  </TemplateObjectList>
  <RefParamList>
    <Vector3i name="targetdir" x="0" y="0" z="0" refParamName="" useRefParam="false" />
    <Vector3i name="_BulletDir" x="0" y="0" z="0" refParamName="" useRefParam="false" />
  </RefParamList>
  <Action tag="" length="1.000" loop="false">
    <Track trackName="SkillFuncInstant0" eventType="SkillFuncInstant" guid="7bfc1a27-8f15-49b7-9676-496fdc726626" enabled="true" useRefParam="false" refParamName="" r="0.000" g="0.000" b="0.000" execOnForceStopped="false" execOnActionCompleted="false" stopAfterLastEvent="true" nameSpace="">
      <Event eventName="SkillFuncInstant" time="0.000" isDuration="false" guid="8752091a-8d9b-4e21-a0f1-925dd023150a">
        <Enum name="SkillFuncType" value="70" EnumValue="移除技能效果" refParamName="" useRefParam="false" />
      </Event>
    </Track>
  </Action>
</Project>