﻿<?xml version="1.0" encoding="utf-8"?>
<Project>
  <TemplateObjectList>
    <TemplateObject id="0" objectName="self" isTemp="false" />
    <TemplateObject id="1" objectName="target" isTemp="false" />
  </TemplateObjectList>
  <RefParamList>
    <Vector3i name="targetdir" x="0" y="0" z="0" refParamName="" useRefParam="false" />
    <Vector3i name="_BulletDir" x="0" y="0" z="0" refParamName="" useRefParam="false" />
  </RefParamList>
  <Action tag="" length="9.500" loop="false">
    <Track trackName="ChangeAnimDuration0" eventType="ChangeAnimDuration" guid="d1874c6f-acbb-4ec6-9539-22a494e93e99" enabled="true" useRefParam="false" refParamName="" r="0.000" g="0.000" b="0.000" execOnForceStopped="false" execOnActionCompleted="false" stopAfterLastEvent="true">
      <Event eventName="ChangeAnimDuration" time="0.000" length="0.600" isDuration="true" guid="fc06fc18-27a7-4889-beed-018b4220a899">
        <TemplateObject name="targetId" id="0" objectName="self" isTemp="false" refParamName="" useRefParam="false" />
        <String name="originalAnimName" value="Run" refParamName="" useRefParam="false" />
        <String name="changedAnimName" value="RuntoRun1" refParamName="" useRefParam="false" />
      </Event>
    </Track>
    <Track trackName="ChangeAnimDuration0" eventType="ChangeAnimDuration" guid="e1e1f1da-80c5-455a-8962-50a2b6bee41a" enabled="true" useRefParam="false" refParamName="" r="0.000" g="0.000" b="0.000" execOnForceStopped="false" execOnActionCompleted="false" stopAfterLastEvent="true">
      <Event eventName="ChangeAnimDuration" time="0.600" length="8.000" isDuration="true" guid="2b7be017-03b7-445b-b0a8-b260f872301e">
        <TemplateObject name="targetId" id="0" objectName="self" isTemp="false" refParamName="" useRefParam="false" />
        <String name="originalAnimName" value="Run" refParamName="" useRefParam="false" />
        <String name="changedAnimName" value="Run1" refParamName="" useRefParam="false" />
      </Event>
    </Track>
    <Track trackName="ChangeAnimDuration0" eventType="ChangeAnimDuration" guid="a725d572-9660-4578-98c0-50bdf2209b70" enabled="true" useRefParam="false" refParamName="" r="0.000" g="0.000" b="0.000" execOnForceStopped="false" execOnActionCompleted="false" stopAfterLastEvent="true">
      <Event eventName="ChangeAnimDuration" time="8.600" length="0.900" isDuration="true" guid="362f7aa0-5c67-47f1-ba3f-93b6d3b4dba8">
        <TemplateObject name="targetId" id="0" objectName="self" isTemp="false" refParamName="" useRefParam="false" />
        <String name="originalAnimName" value="Run" refParamName="" useRefParam="false" />
        <String name="changedAnimName" value="Run1toRun" refParamName="" useRefParam="false" />
      </Event>
    </Track>
  </Action>
</Project>