﻿<?xml version="1.0" encoding="utf-8"?>
<Project>
  <TemplateObjectList>
    <TemplateObject objectName="self" id="0" isTemp="false" />
    <TemplateObject objectName="target" id="1" isTemp="false" />
    <TemplateObject objectName="bullet" id="2" isTemp="true" />
    <TemplateObject objectName="bullet2" id="3" isTemp="true" />
    <TemplateObject objectName="攻击者" id="4" isTemp="false" />
    <TemplateObject objectName="monster" id="5" isTemp="false" />
  </TemplateObjectList>
  <RefParamList>
    <Vector3i name="targetdir" x="0" y="0" z="0" refParamName="" useRefParam="false" />
  </RefParamList>
  <Action tag="" length="1.300" loop="false">
    <Track trackName="SetAttackDirDuration0" eventType="SetAttackDirDuration" guid="13f98c0c-0c95-4e18-aeb2-1fef43e76e8b" enabled="true" useRefParam="false" refParamName="" r="0.000" g="0.000" b="0.000" execOnForceStopped="false" execOnActionCompleted="false" stopAfterLastEvent="true">
      <Event eventName="SetAttackDirDuration" time="0.000" length="0.050" isDuration="true" guid="911a0190-6398-443f-a513-9de9f5b4d867">
        <TemplateObject name="attackerId" objectName="self" id="0" isTemp="false" refParamName="" useRefParam="false" />
      </Event>
    </Track>
    <Track trackName="ForbidAbilityDuration0" eventType="ForbidAbilityDuration" guid="70d891be-ca4c-4c49-af6f-53ed54d35f4b" enabled="true" useRefParam="false" refParamName="" r="0.000" g="0.000" b="0.000" execOnForceStopped="false" execOnActionCompleted="false" stopAfterLastEvent="true">
      <Event eventName="ForbidAbilityDuration" time="0.000" length="0.300" isDuration="true" guid="dbe77f62-2ea1-4398-ab53-25cd59603adf">
        <TemplateObject name="attackerId" objectName="self" id="0" isTemp="false" refParamName="" useRefParam="false" />
        <bool name="forbidMove" value="true" refParamName="" useRefParam="false" />
        <bool name="abortFilterSkill1" value="true" refParamName="" useRefParam="false" />
        <bool name="abortFilterSkill2" value="true" refParamName="" useRefParam="false" />
        <bool name="abortFilterSkill3" value="true" refParamName="" useRefParam="false" />
      </Event>
    </Track>
    <Track trackName="SkillInputCacheDuration0" eventType="SkillInputCacheDuration" guid="43618e12-f288-4877-9d44-4cb1ef89f0a2" enabled="true" useRefParam="false" refParamName="" r="0.000" g="0.000" b="0.000" execOnForceStopped="false" execOnActionCompleted="false" stopAfterLastEvent="true">
      <Event eventName="SkillInputCacheDuration" time="0.000" length="0.300" isDuration="true" guid="69c84e53-37d2-43ce-a4a3-b14bc8e91b36">
        <TemplateObject name="targetId" objectName="self" id="0" isTemp="false" refParamName="" useRefParam="false" />
        <bool name="cacheSkill" value="true" refParamName="" useRefParam="false" />
      </Event>
    </Track>
    <Track trackName="SkillInputCacheDuration0" eventType="SkillInputCacheDuration" guid="fa62a33c-f233-4a4a-ac8d-ceb391095a37" enabled="true" useRefParam="false" refParamName="" r="0.000" g="0.000" b="0.000" execOnForceStopped="false" execOnActionCompleted="false" stopAfterLastEvent="true">
      <Event eventName="SkillInputCacheDuration" time="0.200" length="0.100" isDuration="true" guid="9c634fbe-0164-4247-8ba2-ead48e95588e">
        <TemplateObject name="targetId" objectName="self" id="0" isTemp="false" refParamName="" useRefParam="false" />
        <bool name="cacheMove" value="true" refParamName="" useRefParam="false" />
      </Event>
    </Track>
    <Track trackName="水花" eventType="TriggerParticleTick" guid="8324ad6e-50ec-4ed6-9829-02f1811d4c50" enabled="true" useRefParam="false" refParamName="" r="0.000" g="0.000" b="0.000" execOnForceStopped="false" execOnActionCompleted="false" stopAfterLastEvent="true" SkinAvatarFilterType="11">
      <Event eventName="TriggerParticleTick" time="0.000" isDuration="false" guid="e48b0888-cf39-40c7-97f9-562ff7ff8c2b">
        <TemplateObject name="targetId" objectName="None" id="-1" isTemp="false" refParamName="" useRefParam="false" />
        <TemplateObject name="objectSpaceId" objectName="self" id="0" isTemp="false" refParamName="" useRefParam="false" />
        <int name="frameRate" value="120" refParamName="" useRefParam="false" />
        <bool name="bUseTargetSkinEffect" value="true" refParamName="" useRefParam="false"/>
        <String name="resourceName" value="prefab_skill_effects/hero_skill_effects/599_lvmeng/59901/lvmeng_attack_spell01A" refParamName="" useRefParam="false" />
        <bool name="applyActionSpeedToParticle" value="false" refParamName="" useRefParam="false" />
      </Event>
      <SkinOrAvatarList id="59901" />
    </Track>
    <Track trackName="HitTriggerTick0" eventType="HitTriggerTick" guid="7515f201-8a78-4a1e-aaf9-d1555d867594" enabled="true" useRefParam="false" refParamName="" r="0.000" g="0.000" b="0.000" execOnForceStopped="false" execOnActionCompleted="false" stopAfterLastEvent="true">
      <Event eventName="HitTriggerTick" time="0.000" isDuration="false" guid="7fbb5d5e-7f76-478e-97ce-942318b1de1d">
        <TemplateObject name="targetId" objectName="self" id="0" isTemp="false" refParamName="" useRefParam="false" />
        <int name="SelfSkillCombineID_1" value="599141" refParamName="" useRefParam="false" />
        <int name="SelfSkillCombineID_2" value="599151" refParamName="" useRefParam="false" />
        <int name="SelfSkillCombineID_3" value="599161" refParamName="" useRefParam="false" />
      </Event>
    </Track>
    <Track trackName="RemoveBuffTick0" eventType="RemoveBuffTick" guid="06d84cdb-091b-4331-9a66-0135269fc92f" enabled="true" useRefParam="false" refParamName="" r="0.000" g="0.000" b="0.000" execOnForceStopped="false" execOnActionCompleted="false" stopAfterLastEvent="true">
      <Event eventName="RemoveBuffTick" time="0.000" isDuration="false" guid="d9a673f7-bc70-425d-a8fa-0556e13da7a7">
        <TemplateObject name="targetId" objectName="self" id="0" isTemp="false" refParamName="" useRefParam="false" />
        <int name="buffId" value="599142" refParamName="" useRefParam="false" />
        <int name="BuffLayer" value="1" refParamName="" useRefParam="false" />
      </Event>
    </Track>
    <Track trackName="RemoveBuffTick0" eventType="RemoveBuffTick" guid="07899e4a-fb52-4cfe-918e-0036ad614fb8" enabled="true" useRefParam="false" refParamName="" r="0.000" g="0.000" b="0.000" execOnForceStopped="false" execOnActionCompleted="false" stopAfterLastEvent="true">
      <Event eventName="RemoveBuffTick" time="0.000" isDuration="false" guid="1f94c1ba-8056-4807-90e1-c1b2882a61ab">
        <TemplateObject name="targetId" objectName="self" id="0" isTemp="false" refParamName="" useRefParam="false" />
        <int name="buffId" value="599143" refParamName="" useRefParam="false" />
        <int name="BuffLayer" value="1" refParamName="" useRefParam="false" />
      </Event>
    </Track>
    <Track trackName="PlayAnimDuration0" eventType="PlayAnimDuration" guid="9d243092-f160-4189-a9da-f132595032c9" enabled="true" useRefParam="false" refParamName="" r="0.000" g="0.000" b="0.000" execOnForceStopped="false" execOnActionCompleted="false" stopAfterLastEvent="true" SkinAvatarFilterType="11">
      <Event eventName="PlayAnimDuration" time="0.000" length="1.300" isDuration="true" guid="e674e36d-3567-42b3-8238-c6892f7af3c1">
        <TemplateObject name="targetId" objectName="self" id="0" isTemp="false" refParamName="" useRefParam="false" />
        <int name="frameRate" value="120" refParamName="" useRefParam="false" />
        <bool name="bUseTargetSkinEffect" value="true" refParamName="" useRefParam="false"/>
        <String name="clipName" value="Spell1_4" refParamName="" useRefParam="false" />
        <int name="layer" value="3" refParamName="" useRefParam="false" />
      </Event>
      <SkinOrAvatarList id="59901" />
    </Track>
    <Track trackName="刀光" eventType="TriggerParticleTick" guid="2ab65344-d47c-4189-a7f2-c4112dfd1944" enabled="true" useRefParam="false" refParamName="" r="0.000" g="0.000" b="0.000" execOnForceStopped="false" execOnActionCompleted="false" stopAfterLastEvent="true">
      <Event eventName="TriggerParticleTick" time="0.000" isDuration="false" guid="741075dd-1c8c-4e2a-a889-2b13c61f2eb5">
        <TemplateObject name="targetId" objectName="None" id="-1" isTemp="false" refParamName="" useRefParam="false" />
        <TemplateObject name="objectSpaceId" objectName="self" id="0" isTemp="false" refParamName="" useRefParam="false" />
        <int name="frameRate" value="120" refParamName="" useRefParam="false" />
        <bool name="bUseTargetSkinEffect" value="true" refParamName="" useRefParam="false"/>
        <String name="resourceName" value="prefab_skill_effects/hero_skill_effects/599_lvmeng/59901/LvMeng_attack_spell01E" refParamName="" useRefParam="false" />
        <float name="lifeTime" value="2.000" refParamName="" useRefParam="false" />
        <Vector3 name="bindPosOffset" x="0.000" y="0.000" z="3.000" refParamName="" useRefParam="false" />
        <bool name="applyActionSpeedToParticle" value="false" refParamName="" useRefParam="false" />
      </Event>
    </Track>
    <Track trackName="刀光-地面" eventType="TriggerParticleTick" guid="b62d159e-815f-4d4a-928d-27156cb547b5" enabled="true" useRefParam="false" refParamName="" r="0.000" g="0.000" b="0.000" execOnForceStopped="false" execOnActionCompleted="false" stopAfterLastEvent="true">
      <Event eventName="TriggerParticleTick" time="0.000" isDuration="false" guid="aadc4039-b175-4a37-bb03-f2febbdae568">
        <TemplateObject name="targetId" objectName="None" id="-1" isTemp="false" refParamName="" useRefParam="false" />
        <TemplateObject name="objectSpaceId" objectName="self" id="0" isTemp="false" refParamName="" useRefParam="false" />
        <int name="frameRate" value="120" refParamName="" useRefParam="false" />
        <bool name="bUseTargetSkinEffect" value="true" refParamName="" useRefParam="false"/>
        <String name="resourceName" value="prefab_skill_effects/hero_skill_effects/599_lvmeng/59901/LvMeng_attack_spell01F" refParamName="" useRefParam="false" />
        <float name="lifeTime" value="2.000" refParamName="" useRefParam="false" />
        <Vector3 name="bindPosOffset" x="0.000" y="0.000" z="3.000" refParamName="" useRefParam="false" />
        <bool name="applyActionSpeedToParticle" value="false" refParamName="" useRefParam="false" />
      </Event>
    </Track>
    <Track trackName="SkillUseCacheTick0" eventType="SkillUseCacheTick" guid="53c33571-7838-484f-9f06-7b93d4bc28e0" enabled="true" useRefParam="false" refParamName="" r="0.000" g="0.000" b="0.000" execOnForceStopped="false" execOnActionCompleted="false" stopAfterLastEvent="true">
      <Event eventName="SkillUseCacheTick" time="0.300" isDuration="false" guid="1cd58bb3-c1d2-441f-8252-fd9875f43eaa">
        <TemplateObject name="targetId" objectName="self" id="0" isTemp="false" refParamName="" useRefParam="false" />
        <bool name="excuteMoveCmd" value="true" refParamName="" useRefParam="false" />
      </Event>
    </Track>
    <Track trackName="SpawnObjectDuration0" eventType="SpawnObjectDuration" guid="e8a22af8-4078-4313-893b-f729c0f328ed" enabled="true" useRefParam="false" refParamName="" r="0.000" g="0.000" b="0.000" execOnForceStopped="false" execOnActionCompleted="false" stopAfterLastEvent="true">
      <Event eventName="SpawnObjectDuration" time="0.000" length="0.300" isDuration="true" guid="2ea8e9cf-eef7-4876-81c2-c2e82c67569e">
        <TemplateObject name="targetId" objectName="bullet" id="2" isTemp="true" refParamName="" useRefParam="false" />
        <TemplateObject name="objectSpaceId" objectName="self" id="0" isTemp="false" refParamName="" useRefParam="false" />
        <Vector3i name="translation" x="0" y="0" z="1000" refParamName="" useRefParam="false" />
      </Event>
    </Track>
    <Track trackName="SetCollisionTick0" eventType="SetCollisionTick" guid="dcd824ef-bb03-4fc8-bf5c-a64a29c3c0ad" enabled="true" useRefParam="false" refParamName="" r="0.000" g="0.000" b="0.000" execOnForceStopped="false" execOnActionCompleted="false" stopAfterLastEvent="true">
      <Event eventName="SetCollisionTick" time="0.000" isDuration="false" guid="43fcf80d-02fa-4f00-acf5-cbb558419609">
        <TemplateObject name="targetId" objectName="bullet" id="2" isTemp="true" refParamName="" useRefParam="false" />
        <Vector3i name="Size" x="3000" y="10000" z="7500" refParamName="" useRefParam="false" />
      </Event>
    </Track>
    <Track trackName="给野怪挂被动" eventType="HitTriggerDuration" guid="0205cc60-bdf3-4c3e-9fb6-d44df82bf308" enabled="true" useRefParam="false" refParamName="" r="0.000" g="0.000" b="0.000" execOnForceStopped="false" execOnActionCompleted="false" stopAfterLastEvent="true">
      <Event eventName="HitTriggerDuration" time="0.000" length="0.300" isDuration="true" guid="cf208b1f-150c-4850-9e1e-bed1910273a9">
        <TemplateObject name="triggerId" objectName="bullet" id="2" isTemp="true" refParamName="" useRefParam="false" />
        <TemplateObject name="attackerId" objectName="self" id="0" isTemp="false" refParamName="" useRefParam="false" />
        <int name="TriggerActorInterval" value="60" refParamName="" useRefParam="false" />
        <bool name="bFileterOrgan" value="true" refParamName="" useRefParam="false" />
        <int name="TriggerActorCount" value="32" refParamName="" useRefParam="false" />
        <int name="CollideMaxCount" value="1" refParamName="" useRefParam="false" />
        <int name="TargetSkillCombine_1" value="599601" refParamName="" useRefParam="false" />
      </Event>
    </Track>
    <Track trackName="HitTriggerDuration0" eventType="HitTriggerDuration" guid="c5dbbdf3-0354-4aff-a645-30d0a9688ef0" enabled="true" useRefParam="false" refParamName="" r="0.000" g="0.000" b="0.000" execOnForceStopped="false" execOnActionCompleted="false" stopAfterLastEvent="true">
      <Event eventName="HitTriggerDuration" time="0.000" length="0.300" isDuration="true" guid="980b6dba-fc0a-4770-aa9a-8ecd2aabb88d">
        <TemplateObject name="triggerId" objectName="bullet" id="2" isTemp="true" refParamName="" useRefParam="false" />
        <TemplateObject name="attackerId" objectName="self" id="0" isTemp="false" refParamName="" useRefParam="false" />
        <int name="TriggerActorInterval" value="60" refParamName="" useRefParam="false" />
        <bool name="bFileterOrgan" value="true" refParamName="" useRefParam="false" />
        <int name="TriggerActorCount" value="32" refParamName="" useRefParam="false" />
        <int name="CollideMaxCount" value="1" refParamName="" useRefParam="false" />
        <int name="TargetSkillCombine_1" value="599100" refParamName="" useRefParam="false" />
        <int name="TargetSkillCombine_2" value="599102" refParamName="" useRefParam="false" />
        <int name="TargetSkillCombine_3" value="599109" refParamName="" useRefParam="false" />
      </Event>
    </Track>
    <Track trackName="正常2" eventType="SpawnBulletTick" guid="7877b25f-90a5-4270-9035-e565e7823ea2" enabled="false" useRefParam="false" refParamName="" r="0.000" g="0.000" b="0.000" execOnForceStopped="false" execOnActionCompleted="false" stopAfterLastEvent="true">
      <Event eventName="SpawnBulletTick" time="0.000" isDuration="false" guid="d5aefa27-3bed-45a4-909c-f3ea6ea98108">
        <TemplateObject name="targetId" objectName="self" id="0" isTemp="false" refParamName="" useRefParam="false" />
        <String name="ActionName" value="prefab_characters/prefab_hero/599_lvmeng/skill/s11b1" refParamName="" useRefParam="false" />
        <String name="SpecialActionName" value="prefab_characters/prefab_hero/599_lvmeng/skill/s11b1" refParamName="" useRefParam="false" />
      </Event>
    </Track>
    <Track trackName="MoveActorDuration0" eventType="MoveActorDuration" guid="1b15a4a6-f80f-4f1a-bd15-3f5034cdaedb" enabled="true" useRefParam="false" refParamName="" r="0.000" g="0.000" b="0.000" execOnForceStopped="false" execOnActionCompleted="false" stopAfterLastEvent="true">
      <Event eventName="MoveActorDuration" time="0.000" length="0.200" isDuration="true" guid="b6840e14-8886-44c6-90d2-3e5460103267">
        <Enum name="moveType" value="2" EnumValue="指定朝向" refParamName="" useRefParam="false" />
        <TemplateObject name="actorId" objectName="self" id="0" isTemp="false" refParamName="" useRefParam="false" />
        <int name="moveDistance" value="3500" refParamName="" useRefParam="false" />
        <int name="moveSpeed" value="20000" refParamName="" useRefParam="false" />
        <bool name="IgnoreCollision" value="true" refParamName="" useRefParam="false" />
        <bool name="bContinuousFowDetection" value="true" refParamName="" useRefParam="false" />
      </Event>
    </Track>
    <Track trackName="MoveActorDuration0" eventType="MoveActorDuration" guid="53a56f47-73e9-4856-9832-40ee559e8618" enabled="false" useRefParam="false" refParamName="" r="0.000" g="0.000" b="0.000" execOnForceStopped="false" execOnActionCompleted="false" stopAfterLastEvent="true">
      <Event eventName="MoveActorDuration" time="0.000" length="0.200" isDuration="true" guid="0665f774-fd14-42a9-b137-c95b2237385d">
        <Enum name="moveType" value="2" EnumValue="指定朝向" refParamName="" useRefParam="false" />
        <TemplateObject name="actorId" objectName="bullet" id="2" isTemp="true" refParamName="" useRefParam="false" />
        <int name="moveDistance" value="3500" refParamName="" useRefParam="false" />
        <int name="moveSpeed" value="20000" refParamName="" useRefParam="false" />
        <bool name="IgnoreCollision" value="true" refParamName="" useRefParam="false" />
        <bool name="bContinuousFowDetection" value="true" refParamName="" useRefParam="false" />
      </Event>
    </Track>
    <Track trackName="CameraShakeDuration0" eventType="CameraShakeDuration" guid="ce5b6755-1ce9-4f5c-b048-c26fd9408d4d" enabled="true" useRefParam="false" refParamName="" r="0.000" g="0.000" b="0.000" execOnForceStopped="false" execOnActionCompleted="false" stopAfterLastEvent="true">
      <Event eventName="CameraShakeDuration" time="0.100" length="0.200" isDuration="true" guid="bb17fde7-d8cd-4ec3-be99-4884b1abf00d">
        <bool name="useMainCamera" value="true" refParamName="" useRefParam="false" />
        <bool name="filter_self" value="true" refParamName="" useRefParam="false" />
        <Vector3 name="shakeRange" x="0.100" y="0.100" z="0.100" refParamName="" useRefParam="false" />
      </Event>
    </Track>
    <Track trackName="正常cd" eventType="SkillCDTriggerTick" guid="401179c3-7e21-41df-b9f8-fb9af71d31ba" enabled="true" useRefParam="false" refParamName="" r="0.000" g="0.000" b="0.000" execOnForceStopped="false" execOnActionCompleted="false" stopAfterLastEvent="true">
      <Event eventName="SkillCDTriggerTick" time="0.000" isDuration="false" guid="b0fa3b37-7a1b-44bd-8f9d-014b03615d29">
        <TemplateObject name="targetId" objectName="self" id="0" isTemp="false" refParamName="" useRefParam="false" />
        <bool name="useSlotType" value="true" refParamName="" useRefParam="false" />
        <Enum name="slotType" value="1" EnumValue="技能1" refParamName="" useRefParam="false" />
      </Event>
    </Track>
    <Track trackName="RemoveBulletTick0" eventType="RemoveBulletTick" guid="43a1dca6-555b-4b83-b1ea-fca3c60256cc" enabled="true" useRefParam="false" refParamName="" r="0.000" g="0.000" b="0.000" execOnForceStopped="false" execOnActionCompleted="false" stopAfterLastEvent="true">
      <Event eventName="RemoveBulletTick" time="0.000" isDuration="false" guid="fd99f719-c9d5-4600-a898-f6d57004ea98">
        <TemplateObject name="targetId" objectName="self" id="0" isTemp="false" refParamName="" useRefParam="false" />
        <int name="bulletTypeId" value="5991" refParamName="" useRefParam="false" />
      </Event>
    </Track>
    <Track trackName="PlayHeroSoundTick0" eventType="PlayHeroSoundTick" guid="33a20239-ac6a-43cc-a60a-cabcf6735234" enabled="true" useRefParam="false" refParamName="" r="0.000" g="0.000" b="0.000" execOnForceStopped="false" execOnActionCompleted="false" stopAfterLastEvent="true">
      <Event eventName="PlayHeroSoundTick" time="0.000" isDuration="false" guid="f12e9b9b-0d47-450b-a2ac-1b08f4a8b68a">
        <TemplateObject name="targetId" objectName="self" id="0" isTemp="false" refParamName="" useRefParam="false" />
        <String name="eventName" value="Play_Billow_S_Skill_A_Skin1" refParamName="" useRefParam="false" />
      </Event>
    </Track>
    <Track trackName="PlayHeroSoundTick0" eventType="PlayHeroSoundTick" guid="ec685a06-1888-489b-86e9-e2fc6fc459fb" enabled="true" useRefParam="false" refParamName="" r="0.000" g="0.000" b="0.000" execOnForceStopped="false" execOnActionCompleted="false" stopAfterLastEvent="true">
      <Event eventName="PlayHeroSoundTick" time="0.000" isDuration="false" guid="c35b495e-bdca-469a-bf6c-876464ca0b09">
        <TemplateObject name="targetId" objectName="self" id="0" isTemp="false" refParamName="" useRefParam="false" />
        <String name="eventName" value="Play_Billow_VO_Skill_A_Skin1" refParamName="" useRefParam="false" />
      </Event>
    </Track>
    <Track trackName="MoveBulletDuration0" eventType="MoveBulletDuration" guid="1042c3b0-a2b2-436c-ae00-5bd0b78e5678" enabled="true" useRefParam="false" refParamName="" r="0.000" g="0.000" b="0.000" execOnForceStopped="false" execOnActionCompleted="false" stopAfterLastEvent="true">
      <Event eventName="MoveBulletDuration" time="0.000" length="0.200" isDuration="true" guid="54375547-4183-417f-8414-73f6eb0a476c">
        <TemplateObject name="targetId" objectName="bullet" id="2" isTemp="true" refParamName="" useRefParam="false" />
        <Enum name="MoveType" value="2" EnumValue="指定朝向" refParamName="" useRefParam="false" />
        <int name="distance" value="3500" refParamName="" useRefParam="false" />
        <int name="velocity" value="20000" refParamName="" useRefParam="false" />
      </Event>
    </Track>
    <Track trackName="水花" eventType="TriggerParticleTick" guid="441956e9-c583-4a58-a156-23a50164f59f" enabled="true" useRefParam="false" refParamName="" r="0.000" g="0.000" b="0.000" execOnForceStopped="false" execOnActionCompleted="false" stopAfterLastEvent="false" SkinAvatarFilterType="9">
      <Event eventName="TriggerParticleTick" time="0.100" isDuration="false" guid="39d7dfa9-1dcc-4aa4-a699-bd368dcfdc0b">
        <TemplateObject name="targetId" objectName="None" id="-1" isTemp="false" refParamName="" useRefParam="false" />
        <TemplateObject name="objectSpaceId" objectName="self" id="0" isTemp="false" refParamName="" useRefParam="false" />
        <int name="frameRate" value="120" refParamName="" useRefParam="false" />
        <bool name="bUseTargetSkinEffect" value="true" refParamName="" useRefParam="false"/>
        <String name="resourceName" value="prefab_skill_effects/hero_skill_effects/599_lvmeng/59901/lvmeng_attack_spell01A" refParamName="" useRefParam="false" />
        <Vector3 name="bindPosOffset" x="0.000" y="0.000" z="0.800" refParamName="" useRefParam="false" />
        <bool name="applyActionSpeedToParticle" value="false" refParamName="" useRefParam="false" />
      </Event>
      <SkinOrAvatarList id="59901" />
    </Track>
    <Track trackName="SetAnimationParamsTick0" eventType="SetAnimationParamsTick" guid="dba78e13-87a0-4a55-ae4c-43d4c8610628" enabled="true" useRefParam="false" refParamName="" r="0.000" g="0.000" b="0.000" execOnForceStopped="false" execOnActionCompleted="false" stopAfterLastEvent="false" SkinAvatarFilterType="9">
      <Event eventName="SetAnimationParamsTick" time="0.000" isDuration="false" guid="13d031a2-9b39-4955-b946-a932ca138b0b">
        <TemplateObject name="targetId" objectName="self" id="0" isTemp="false" refParamName="" useRefParam="false" />
        <Array name="boolNames" refParamName="" useRefParam="false" type="String">
          <String value="Spell1_4_start" />
        </Array>
        <Array name="boolValues" refParamName="" useRefParam="false" type="bool">
          <bool value="true" />
        </Array>
      </Event>
      <Event eventName="SetAnimationParamsTick" time="0.000" isDuration="false" guid="873ed7b7-6ace-4f66-8606-c560567f9bf8">
        <TemplateObject name="targetId" objectName="self" id="0" isTemp="false" refParamName="" useRefParam="false" />
        <Array name="boolNames" refParamName="" useRefParam="false" type="String">
          <String value="Spell1_4_start" />
        </Array>
        <Array name="boolValues" refParamName="" useRefParam="false" type="bool">
          <bool value="true" />
        </Array>
      </Event>
      <SkinOrAvatarList id="59901" />
    </Track>
    <Track trackName="SetAnimationParamsTick0" eventType="SetAnimationParamsTick" guid="575f1580-b1d1-4013-8f47-a7ea846e2b3e" enabled="true" useRefParam="false" refParamName="" r="0.000" g="0.000" b="0.000" execOnForceStopped="false" execOnActionCompleted="false" stopAfterLastEvent="false" SkinAvatarFilterType="9">
      <Event eventName="SetAnimationParamsTick" time="0.066" isDuration="false" guid="b7a99215-c5dd-46b9-a1f9-721e2335fbae">
        <TemplateObject name="targetId" objectName="self" id="0" isTemp="false" refParamName="" useRefParam="false" />
        <Array name="boolNames" refParamName="" useRefParam="false" type="String">
          <String value="Spell1_4_start" />
        </Array>
        <Array name="boolValues" refParamName="" useRefParam="false" type="bool">
          <bool value="false" />
        </Array>
      </Event>
      <Event eventName="SetAnimationParamsTick" time="0.066" isDuration="false" guid="7a3aab50-17f5-49ec-9cf4-49938e1ffaa8">
        <TemplateObject name="targetId" objectName="self" id="0" isTemp="false" refParamName="" useRefParam="false" />
        <Array name="boolNames" refParamName="" useRefParam="false" type="String">
          <String value="Spell1_4_start" />
        </Array>
        <Array name="boolValues" refParamName="" useRefParam="false" type="bool">
          <bool value="false" />
        </Array>
      </Event>
      <SkinOrAvatarList id="59901" />
    </Track>
    <Track trackName="PlayAnimDuration0" eventType="PlayAnimDuration" guid="a47c9589-4f5e-436e-9a6a-5969804a7730" enabled="true" useRefParam="false" refParamName="" r="0.000" g="0.000" b="0.000" execOnForceStopped="false" execOnActionCompleted="false" stopAfterLastEvent="false" SkinAvatarFilterType="9">
      <Event eventName="PlayAnimDuration" time="0.000" length="0.300" isDuration="true" guid="28063c77-ce8a-4bac-93f5-5f853729b801">
        <TemplateObject name="targetId" objectName="self" id="0" isTemp="false" refParamName="" useRefParam="false" />
        <int name="frameRate" value="120" refParamName="" useRefParam="false" />
        <bool name="bUseTargetSkinEffect" value="true" refParamName="" useRefParam="false"/>
        <String name="clipName" value="Spell1_4" refParamName="" useRefParam="false" />
        <int name="layer" value="3" refParamName="" useRefParam="false" />
      </Event>
      <SkinOrAvatarList id="59901" />
    </Track>
  </Action>
</Project>