﻿<?xml version="1.0" encoding="utf-8"?>
<Project>
  <TemplateObjectList>
    <TemplateObject objectName="self" id="0" isTemp="false" />
    <TemplateObject objectName="target" id="1" isTemp="false" />
    <TemplateObject objectName="bullet" id="2" isTemp="true" />
    <TemplateObject objectName="bullet2" id="3" isTemp="true" />
  </TemplateObjectList>
  <RefParamList>
    <Vector3i name="targetdir" x="0" y="0" z="0" refParamName="" useRefParam="false" />
  </RefParamList>
  <Action tag="" length="1.000" loop="false">
    <Track trackName="FilterTargetState0" eventType="FilterTargetState" guid="8fd79a8c-5688-49f9-a6fd-94dea7184ed3" enabled="true" useRefParam="false" refParamName="" r="0.000" g="0.000" b="0.000" execOnForceStopped="false" execOnActionCompleted="false" stopAfterLastEvent="true">
      <Event eventName="FilterTargetState" time="0.000" isDuration="false" guid="f2a1b5eb-d9b5-4b9a-be63-fd148ae16ac5">
        <TemplateObject name="targetId" objectName="self" id="0" isTemp="false" refParamName="" useRefParam="false" />
        <bool name="checkBehaviorMode" value="true" refParamName="" useRefParam="false" />
        <bool name="bInIdle" value="true" refParamName="" useRefParam="false" />
      </Event>
    </Track>
    <Track trackName="StopTrack0" eventType="StopTrack" guid="f9678f81-5075-4459-bcb7-8368d9bd50a8" enabled="true" useRefParam="false" refParamName="" r="0.000" g="0.000" b="0.000" execOnForceStopped="false" execOnActionCompleted="false" stopAfterLastEvent="true">
      <Condition id="0" guid="8fd79a8c-5688-49f9-a6fd-94dea7184ed3" status="true" />
      <Event eventName="StopTrack" time="0.000" isDuration="false" guid="563bad83-e75d-40a9-84ea-2ec6985890f8">
        <TrackObject name="trackId" id="2" guid="860d6617-d678-403f-845c-7ff4f42de7ac" refParamName="" useRefParam="false" />
        <bool name="alsoStopNotStartedTrack" value="true" refParamName="" useRefParam="false" />
      </Event>
    </Track>
    <Track trackName="TriggerParticleTick0" eventType="TriggerParticleTick" guid="860d6617-d678-403f-845c-7ff4f42de7ac" enabled="true" useRefParam="false" refParamName="" r="0.000" g="0.000" b="0.000" execOnForceStopped="false" execOnActionCompleted="false" stopAfterLastEvent="true">
      <Event eventName="TriggerParticleTick" time="0.000" isDuration="false" guid="10fbfa0d-906f-4413-8df2-4a293cb0eebf">
        <TemplateObject name="targetId" objectName="None" id="-1" isTemp="false" refParamName="" useRefParam="false" />
        <TemplateObject name="objectSpaceId" objectName="self" id="0" isTemp="false" refParamName="" useRefParam="false" />
        <int name="frameRate" value="120" refParamName="" useRefParam="false" />
        <bool name="bUseTargetSkinEffect" value="true" refParamName="" useRefParam="false"/>
        <String name="resourceName" value="Prefab_Skill_Effects/Hero_Skill_Effects/599_LvMeng/59901/59904/LvMeng_attack_spell01B_01" refParamName="" useRefParam="false" />
      </Event>
    </Track>
  </Action>
</Project>