﻿<?xml version="1.0" encoding="utf-8"?>
<Project>
  <TemplateObjectList>
    <TemplateObject objectName="self" id="0" isTemp="false" />
    <TemplateObject objectName="target" id="1" isTemp="false" />
    <TemplateObject objectName="bullet" id="2" isTemp="true" />
    <TemplateObject objectName="bullet2" id="3" isTemp="true" />
  </TemplateObjectList>
  <RefParamList>
    <Vector3i name="targetdir" x="0" y="0" z="0" refParamName="" useRefParam="false" />
    <Vector3i name="_TargetPos" x="0" y="0" z="0" refParamName="" useRefParam="false" />
  </RefParamList>
  <Action tag="" length="3.000" loop="false">
    <Track trackName="ScaleMeshDuration0" eventType="ScaleMeshDuration" guid="9f2275fe-3ac9-4fa9-ade4-56612402c1a3" enabled="true" useRefParam="false" refParamName="" r="0.000" g="0.000" b="0.000" execOnForceStopped="false" execOnActionCompleted="false" SkinAvatarFilterType="11" nameSpace="">
      <Event eventName="ScaleMeshDuration" time="0.000" length="0.300" isDuration="true" guid="2207aba1-f33f-4e93-808c-c0c68f1f2e58">
        <TemplateObject name="targetId" objectName="self" id="0" isTemp="false" refParamName="" useRefParam="false" />
        <bool name="isCollsionChangeScaleByAnotherRate" value="true" refParamName="" useRefParam="false" />
        <int name="collisionScaleRate" value="1000" refParamName="" useRefParam="false" />
      </Event>
      <SkinOrAvatarList id="59901" />
    </Track>
    <Track trackName="HitTriggerTick0" eventType="HitTriggerTick" guid="f3957237-79b1-4fd0-b4b1-ee90bdb46f05" enabled="false" useRefParam="false" refParamName="" r="0.000" g="0.000" b="0.000" execOnForceStopped="false" execOnActionCompleted="false" nameSpace="">
      <Event eventName="HitTriggerTick" time="0.000" isDuration="false" guid="23d3c04a-f6ec-48ca-b063-502e20823856">
        <TemplateObject name="targetId" objectName="self" id="0" isTemp="false" refParamName="" useRefParam="false" />
        <int name="SelfSkillCombineID_1" value="599161" refParamName="" useRefParam="false" />
      </Event>
    </Track>
    <Track trackName="PlayAnimDuration0" eventType="PlayAnimDuration" guid="489244d8-5e63-43fc-a238-4941e1b4d289" enabled="true" useRefParam="false" refParamName="" r="0.000" g="0.000" b="0.000" execOnForceStopped="false" execOnActionCompleted="false" OrConditions="true" SkinAvatarFilterType="11" nameSpace="">
      <Event eventName="PlayAnimDuration" time="0.150" length="1.500" isDuration="true" guid="d14c1da8-f8a0-4213-954b-3da3b775c8a0">
        <TemplateObject name="targetId" objectName="self" id="0" isTemp="false" refParamName="" useRefParam="false" />
        <int name="frameRate" value="120" refParamName="" useRefParam="false" />
        <bool name="bUseTargetSkinEffect" value="true" refParamName="" useRefParam="false"/>
        <String name="clipName" value="Spell1_11" refParamName="" useRefParam="false" />
        <int name="layer" value="3" refParamName="" useRefParam="false" />
        <float name="startTime" value="0.600" refParamName="" useRefParam="false" />
        <float name="endTime" value="999999.000" refParamName="" useRefParam="false" />
      </Event>
      <SkinOrAvatarList id="59901" />
    </Track>
    <Track trackName="PlayHeroSoundTick0" eventType="PlayHeroSoundTick" guid="a58497ca-1a3c-4e5f-ac7d-7080d757cd4b" enabled="true" useRefParam="false" refParamName="" r="0.000" g="0.000" b="0.000" execOnForceStopped="false" execOnActionCompleted="false" nameSpace="">
      <Event eventName="PlayHeroSoundTick" time="0.000" isDuration="false" guid="fe305bf1-f681-42a5-9d21-3862547b0140">
        <TemplateObject name="targetId" objectName="self" id="0" isTemp="false" refParamName="" useRefParam="false" />
        <String name="eventName" value="Play_Billow_Skill_A_2_Skin1" refParamName="" useRefParam="false" />
      </Event>
    </Track>
    <Track trackName="SetAnimationParamsTick0" eventType="SetAnimationParamsTick" guid="c2e40485-fa44-4c14-a09b-1d2e010bce50" enabled="true" useRefParam="false" refParamName="" r="0.000" g="0.000" b="0.000" execOnForceStopped="false" execOnActionCompleted="false" SkinAvatarFilterType="9">
      <Event eventName="SetAnimationParamsTick" time="0.000" isDuration="false" guid="d376c3bc-4c1d-4c28-8198-cfe33a7f29d2">
        <TemplateObject name="targetId" objectName="self" id="0" isTemp="false" refParamName="" useRefParam="false" />
        <Array name="boolNames" refParamName="" useRefParam="false" type="String">
          <String value="Spell1_1_Start" />
        </Array>
        <Array name="boolValues" refParamName="" useRefParam="false" type="bool">
          <bool value="true" />
        </Array>
      </Event>
      <SkinOrAvatarList id="59901" />
    </Track>
    <Track trackName="SetAnimationParamsTick0" eventType="SetAnimationParamsTick" guid="1f2d81a7-47bc-4ba1-8ea4-3f8d6631872c" enabled="true" useRefParam="false" refParamName="" r="0.000" g="0.000" b="0.000" execOnForceStopped="false" execOnActionCompleted="false" SkinAvatarFilterType="9">
      <Event eventName="SetAnimationParamsTick" time="0.066" isDuration="false" guid="67735e55-debf-43ab-9854-0f65154bf4f8">
        <TemplateObject name="targetId" objectName="self" id="0" isTemp="false" refParamName="" useRefParam="false" />
        <Array name="boolNames" refParamName="" useRefParam="false" type="String">
          <String value="Spell1_1_Start" />
        </Array>
        <Array name="boolValues" refParamName="" useRefParam="false" type="bool">
          <bool value="false" />
        </Array>
      </Event>
      <SkinOrAvatarList id="59901" />
    </Track>
    <Track trackName="PlayAnimDuration0" eventType="PlayAnimDuration" guid="f367f53c-2614-4451-8662-1d6c9abf8d19" enabled="true" useRefParam="false" refParamName="" r="0.000" g="0.000" b="0.000" execOnForceStopped="false" execOnActionCompleted="false" OrConditions="true" SkinAvatarFilterType="9">
      <Event eventName="PlayAnimDuration" time="0.000" length="1.000" isDuration="true" guid="96b1fc43-7446-4e66-ac22-d6617f0c1dde">
        <TemplateObject name="targetId" objectName="self" id="0" isTemp="false" refParamName="" useRefParam="false" />
        <int name="frameRate" value="120" refParamName="" useRefParam="false" />
        <bool name="bUseTargetSkinEffect" value="true" refParamName="" useRefParam="false"/>
        <String name="clipName" value="Spell1_11" refParamName="" useRefParam="false" />
        <int name="layer" value="3" refParamName="" useRefParam="false" />
        <float name="endTime" value="999999.000" refParamName="" useRefParam="false" />
      </Event>
      <SkinOrAvatarList id="59901" />
    </Track>
  </Action>
</Project>