﻿<?xml version="1.0" encoding="utf-8"?>
<Project>
  <TemplateObjectList>
    <TemplateObject objectName="self" id="0" isTemp="false" />
    <TemplateObject objectName="target" id="1" isTemp="false" />
  </TemplateObjectList>
  <RefParamList>
    <Vector3i name="_BulletDir" x="0" y="0" z="0" refParamName="" useRefParam="false" />
  </RefParamList>
  <Action tag="" length="0.200" loop="false">
    <Track trackName="TriggerParticleTick0" eventType="TriggerParticleTick" guid="7df09936-e2f5-4ee0-bdfc-3dcb8bf67d44" enabled="true" useRefParam="false" refParamName="" r="0.000" g="0.000" b="0.000" execOnForceStopped="false" execOnActionCompleted="false" stopAfterLastEvent="true" SkinAvatarFilterType="11">
      <Event eventName="TriggerParticleTick" time="0.000" isDuration="false" guid="6dee1f2a-0c7e-4f58-85b6-7873748b68a6">
        <TemplateObject name="targetId" objectName="None" id="-1" isTemp="false" refParamName="" useRefParam="false" />
        <TemplateObject name="objectSpaceId" objectName="target" id="1" isTemp="false" refParamName="" useRefParam="false" />
        <int name="frameRate" value="120" refParamName="" useRefParam="false" />
        <bool name="bUseTargetSkinEffect" value="true" refParamName="" useRefParam="false"/>
        <String name="resourceName" value="prefab_skill_effects/hero_skill_effects/599_lvmeng/59901/LvMeng_hurt01" refParamName="" useRefParam="false" />
        <float name="lifeTime" value="0.600" refParamName="" useRefParam="false" />
        <Vector3 name="bindPosOffset" x="0.000" y="1.000" z="0.000" refParamName="" useRefParam="false" />
      </Event>
      <SkinOrAvatarList id="59901" />
    </Track>
    <Track trackName="SkillFuncInstant0" eventType="SkillFuncInstant" guid="8d09eb2f-50ed-4358-a741-27ca7e1a94dd" enabled="true" useRefParam="false" refParamName="" r="0.000" g="0.000" b="0.000" execOnForceStopped="false" execOnActionCompleted="false" stopAfterLastEvent="true">
      <Event eventName="SkillFuncInstant" time="0.000" isDuration="false" guid="6667f932-f5f7-46ee-815a-430587416a18" />
    </Track>
    <Track trackName="FilterTargetType0" eventType="FilterTargetType" guid="369c3491-3f2d-4582-bd78-e9806d23af80" enabled="true" useRefParam="false" refParamName="" r="0.000" g="0.000" b="0.000" execOnForceStopped="false" execOnActionCompleted="false" stopAfterLastEvent="true">
      <Event eventName="FilterTargetType" time="0.000" isDuration="false" guid="bbf5f73b-f66e-457b-9552-42fac35b49f3">
        <TemplateObject name="targetId" objectName="target" id="1" isTemp="false" refParamName="" useRefParam="false" />
        <bool name="bFilterBufferLayers" value="true" refParamName="" useRefParam="false" />
        <int name="buffId" value="599600" refParamName="" useRefParam="false" />
        <Enum name="operatorType" value="4" EnumValue="大于" refParamName="" useRefParam="false" />
      </Event>
    </Track>
    <Track trackName="SimpleSpawnBuffTick0" eventType="SimpleSpawnBuffTick" guid="4419b897-822e-4706-a1f5-3bc576d3d617" enabled="true" useRefParam="false" refParamName="" r="0.000" g="0.000" b="0.000" execOnForceStopped="false" execOnActionCompleted="false" stopAfterLastEvent="true">
      <Condition id="2" guid="369c3491-3f2d-4582-bd78-e9806d23af80" status="true" />
      <Event eventName="SimpleSpawnBuffTick" time="0.000" isDuration="false" guid="1d82f536-a29a-40ee-a168-b7bc26c9d162">
        <TemplateObject name="originatorId" objectName="self" id="0" isTemp="false" refParamName="" useRefParam="false" />
        <TemplateObject name="targetId" objectName="target" id="1" isTemp="false" refParamName="" useRefParam="false" />
        <Array name="buffIds" refParamName="" useRefParam="false" type="int">
          <int value="599101" />
        </Array>
      </Event>
    </Track>
    <Track trackName="PlayHeroSoundTick0" eventType="PlayHeroSoundTick" guid="4f81b95f-317b-4b50-b808-69ba6e7a594b" enabled="true" useRefParam="false" refParamName="" r="0.000" g="0.000" b="0.000" execOnForceStopped="false" execOnActionCompleted="false" stopAfterLastEvent="true">
      <Event eventName="PlayHeroSoundTick" time="0.000" isDuration="false" guid="47d1e640-98ef-468a-9300-16dc1059d3b3">
        <TemplateObject name="targetId" objectName="target" id="1" isTemp="false" refParamName="" useRefParam="false" />
        <String name="eventName" value="Play_Billow_S_Skill_A_Hit_Skin1" refParamName="" useRefParam="false" />
      </Event>
    </Track>
    <Track trackName="FilterTargetType0" eventType="FilterTargetType" guid="a03ee3c0-093c-4e10-9440-1359a47a683d" enabled="true" useRefParam="false" refParamName="" r="0.000" g="0.000" b="0.000" execOnForceStopped="false" execOnActionCompleted="false" stopAfterLastEvent="false" SkinAvatarFilterType="9">
      <Event eventName="FilterTargetType" time="0.000" isDuration="false" guid="6edc2e82-5cb6-436a-b494-350a4546d88d">
        <TemplateObject name="targetId" objectName="target" id="1" isTemp="false" refParamName="" useRefParam="false" />
        <bool name="bFilterBufferLayers" value="true" refParamName="" useRefParam="false" />
        <int name="buffId" value="599600" refParamName="" useRefParam="false" />
        <Enum name="operatorType" value="4" EnumValue="大于" refParamName="" useRefParam="false" />
      </Event>
      <SkinOrAvatarList id="59901" />
    </Track>
    <Track trackName="TriggerParticleTick0" eventType="TriggerParticleTick" guid="60cb2d5a-6261-414d-9093-2fbbd29d268f" enabled="true" useRefParam="false" refParamName="" r="0.000" g="0.000" b="0.000" execOnForceStopped="false" execOnActionCompleted="false" stopAfterLastEvent="false" SkinAvatarFilterType="9">
      <Condition id="5" guid="a03ee3c0-093c-4e10-9440-1359a47a683d" status="false" />
      <Event eventName="TriggerParticleTick" time="0.000" isDuration="false" guid="9cb039f4-792a-44d4-8a76-4c99e95c35b4">
        <TemplateObject name="targetId" objectName="None" id="-1" isTemp="false" refParamName="" useRefParam="false" />
        <TemplateObject name="objectSpaceId" objectName="target" id="1" isTemp="false" refParamName="" useRefParam="false" />
        <int name="frameRate" value="120" refParamName="" useRefParam="false" />
        <bool name="bUseTargetSkinEffect" value="true" refParamName="" useRefParam="false"/>
        <String name="resourceName" value="prefab_skill_effects/hero_skill_effects/599_lvmeng/59901/LvMeng_hurt03" refParamName="" useRefParam="false" />
        <float name="lifeTime" value="0.600" refParamName="" useRefParam="false" />
        <Vector3 name="bindPosOffset" x="0.000" y="1.000" z="0.000" refParamName="" useRefParam="false" />
      </Event>
      <SkinOrAvatarList id="59901" />
    </Track>
    <Track trackName="被动hurt" eventType="TriggerParticleTick" guid="323ef506-6166-4bb3-aeed-f9cd0b07f2fc" enabled="true" useRefParam="false" refParamName="" r="0.000" g="0.000" b="0.000" execOnForceStopped="false" execOnActionCompleted="false" stopAfterLastEvent="false" SkinAvatarFilterType="9">
      <Condition id="5" guid="a03ee3c0-093c-4e10-9440-1359a47a683d" status="true" />
      <Event eventName="TriggerParticleTick" time="0.000" isDuration="false" guid="7209585c-d95f-4446-bb92-4091959effd3">
        <TemplateObject name="targetId" objectName="None" id="-1" isTemp="false" refParamName="" useRefParam="false" />
        <TemplateObject name="objectSpaceId" objectName="target" id="1" isTemp="false" refParamName="" useRefParam="false" />
        <int name="frameRate" value="120" refParamName="" useRefParam="false" />
        <bool name="bUseTargetSkinEffect" value="true" refParamName="" useRefParam="false"/>
        <String name="resourceName" value="prefab_skill_effects/hero_skill_effects/599_lvmeng/59901/LvMeng_Debuff_hurt" refParamName="" useRefParam="false" />
        <float name="lifeTime" value="0.600" refParamName="" useRefParam="false" />
        <Vector3 name="bindPosOffset" x="0.000" y="1.000" z="0.000" refParamName="" useRefParam="false" />
        <TemplateObject name="lookTargetId" objectName="self" id="0" isTemp="false" refParamName="" useRefParam="false" />
        <bool name="applyActionSpeedToParticle" value="false" refParamName="" useRefParam="false" />
      </Event>
      <SkinOrAvatarList id="59901" />
    </Track>
  </Action>
</Project>