﻿<?xml version="1.0" encoding="utf-8"?>
<Project>
  <TemplateObjectList>
    <TemplateObject id="0" objectName="self" isTemp="false" />
    <TemplateObject id="1" objectName="target" isTemp="false" />
  </TemplateObjectList>
  <RefParamList>
    <Vector3i name="_BulletDir" x="0" y="0" z="0" refParamName="" useRefParam="false" />
  </RefParamList>
  <Action tag="" length="6.100" loop="false">
    <Track trackName="SkillFuncDuration0" eventType="SkillFuncDuration" guid="b123c103-8e04-474e-af09-510b8559cc9d" enabled="false" useRefParam="false" refParamName="" r="0.000" g="0.000" b="0.000" execOnForceStopped="false" execOnActionCompleted="false" stopAfterLastEvent="true" nameSpace="">
      <Event eventName="SkillFuncDuration" time="0.000" length="6.000" isDuration="true" guid="37dedb55-cfc1-4688-b75f-23058ad997f3">
        <Enum name="SkillFuncType" value="55" EnumValue="改变技能" refParamName="" useRefParam="false" />
      </Event>
    </Track>
    <Track trackName="SkillFuncDuration0" eventType="SkillFuncDuration" guid="e43b2b86-c58f-4640-be97-d8f9f764e17c" enabled="true" useRefParam="false" refParamName="" r="0.000" g="0.000" b="0.000" execOnForceStopped="false" execOnActionCompleted="false" stopAfterLastEvent="true" nameSpace="">
      <Event eventName="SkillFuncDuration" time="0.000" length="6.000" isDuration="true" guid="52df75cf-3454-46ac-8294-1877b87777f3">
        <Enum name="SkillFuncType" value="6" EnumValue="增加移动速度" refParamName="" useRefParam="false" />
      </Event>
    </Track>
    <Track trackName="TriggerParticle0" eventType="TriggerParticle" guid="7c485949-0bdf-4782-843c-5280c4e810da" enabled="true" useRefParam="false" refParamName="" r="0.000" g="0.000" b="0.000" execOnForceStopped="false" execOnActionCompleted="false" stopAfterLastEvent="true" nameSpace="">
      <Event eventName="TriggerParticle" time="0.000" length="6.000" isDuration="true" guid="08d5c1a8-8c3d-4c7d-87c8-41b7077ee4f8">
        <TemplateObject name="targetId" id="0" objectName="self" isTemp="false" refParamName="" useRefParam="false" />
        <int name="frameRate" value="120" refParamName="" useRefParam="false" />
        <bool name="bUseTargetSkinEffect" value="true" refParamName="" useRefParam="false"/>
        <String name="resourceName" value="prefab_skill_effects/hero_skill_effects/599_lvmeng/59901/lvmeng_attack_spell01B" refParamName="" useRefParam="false" />
        <bool name="applyActionSpeedToParticle" value="false" refParamName="" useRefParam="false" />
      </Event>
    </Track>
    <Track trackName="ForbidAbilityDuration0" eventType="ForbidAbilityDuration" guid="acb8d8bc-89c0-4c09-8c17-9e4953561021" enabled="true" useRefParam="false" refParamName="" r="0.000" g="0.000" b="0.000" execOnForceStopped="false" execOnActionCompleted="false" stopAfterLastEvent="true" nameSpace="">
      <Event eventName="ForbidAbilityDuration" time="0.000" length="6.000" isDuration="true" guid="a376bf7d-1253-4e00-a26e-9e02d37350be">
        <TemplateObject name="attackerId" id="0" objectName="self" isTemp="false" refParamName="" useRefParam="false" />
        <bool name="forbidSkill" value="true" refParamName="" useRefParam="false" />
        <bool name="forbidFilterSkill1" value="true" refParamName="" useRefParam="false" />
        <bool name="forbidFilterSkill2" value="true" refParamName="" useRefParam="false" />
        <bool name="forbidFilterSkill3" value="true" refParamName="" useRefParam="false" />
        <bool name="forbidFilterSkill4" value="true" refParamName="" useRefParam="false" />
        <bool name="forbidFilterSkill5" value="true" refParamName="" useRefParam="false" />
        <bool name="forbidFilterSkill6" value="true" refParamName="" useRefParam="false" />
        <bool name="forbidFilterSkill7" value="true" refParamName="" useRefParam="false" />
        <bool name="forbidFilterSkill8" value="true" refParamName="" useRefParam="false" />
        <bool name="forbidFilterSkill9" value="true" refParamName="" useRefParam="false" />
        <bool name="forbidFilterSkill10" value="true" refParamName="" useRefParam="false" />
        <bool name="forbidFilterSkill11" value="true" refParamName="" useRefParam="false" />
        <bool name="forbidFilterSkill12" value="true" refParamName="" useRefParam="false" />
        <bool name="forbidFilterSummonerSkill" value="true" refParamName="" useRefParam="false" />
        <bool name="forbidFilterMapSkill" value="true" refParamName="" useRefParam="false" />
        <bool name="forbidFilterEquipActiveSkill" value="true" refParamName="" useRefParam="false" />
        <bool name="forbidFilterCallBoss" value="true" refParamName="" useRefParam="false" />
        <bool name="forbidFilterExtraBtnSlot1" value="true" refParamName="" useRefParam="false" />
      </Event>
    </Track>
    <Track trackName="SkillFuncPerioidc0" eventType="SkillFuncPerioidc" guid="9becbed9-2cf0-4cca-a32c-c7839f6761db" enabled="false" useRefParam="false" refParamName="" r="0.000" g="0.000" b="0.000" execOnForceStopped="false" execOnActionCompleted="false" stopAfterLastEvent="true" nameSpace="">
      <Event eventName="SkillFuncPerioidc" time="0.000" length="5.940" isDuration="true" guid="b5d8f4a2-b29b-4e29-ab9b-432e83b5d1b7">
        <Enum name="SkillFuncType" value="3" EnumValue="回复生命值" refParamName="" useRefParam="false" />
      </Event>
    </Track>
    <Track trackName="SetCameraHeightDuration0" eventType="SetCameraHeightDuration" guid="8e717c77-2cf6-4c75-a916-f545c60b818f" enabled="true" useRefParam="false" refParamName="" r="0.000" g="0.000" b="0.000" execOnForceStopped="false" execOnActionCompleted="false" stopAfterLastEvent="true" nameSpace="">
      <Event eventName="SetCameraHeightDuration" time="0.000" length="6.000" isDuration="true" guid="ee606ead-09af-46ec-a8ea-7ca1d724acbb">
        <float name="heightRate" value="1.200" refParamName="" useRefParam="false" />
      </Event>
    </Track>
    <Track trackName="HitTriggerTick0" eventType="HitTriggerTick" guid="6033f332-9baa-4b67-a1c8-9eff7a92ff50" enabled="true" useRefParam="false" refParamName="" r="0.000" g="0.000" b="0.000" execOnForceStopped="true" execOnActionCompleted="true" stopAfterLastEvent="true" nameSpace="">
      <Event eventName="HitTriggerTick" time="0.000" isDuration="false" guid="dc1221a4-c81d-47dc-9c0f-9681a755f9c7">
        <TemplateObject name="targetId" id="0" objectName="self" isTemp="false" refParamName="" useRefParam="false" />
        <int name="SelfSkillCombineID_1" value="599191" refParamName="" useRefParam="false" />
        <int name="SelfSkillCombineID_2" value="599180" refParamName="" useRefParam="false" />
      </Event>
    </Track>
    <Track trackName="TriggerParticle0" eventType="TriggerParticle" guid="90ccd2f1-ac80-44f0-a7cf-b1e04899b8c7" enabled="false" useRefParam="false" refParamName="" r="0.000" g="0.000" b="0.000" execOnForceStopped="false" execOnActionCompleted="false" stopAfterLastEvent="true" nameSpace="">
      <Event eventName="TriggerParticle" time="0.000" length="6.000" isDuration="true" guid="51976278-9d1e-4c54-a439-f90224d41b22">
        <TemplateObject name="targetId" id="0" objectName="self" isTemp="false" refParamName="" useRefParam="false" />
        <int name="frameRate" value="120" refParamName="" useRefParam="false" />
        <bool name="bUseTargetSkinEffect" value="true" refParamName="" useRefParam="false"/>
        <String name="resourceName" value="prefab_skill_effects/hero_skill_effects/167_Wukong/SunWukong_Auto" refParamName="" useRefParam="false" />
        <bool name="applyActionSpeedToParticle" value="false" refParamName="" useRefParam="false" />
      </Event>
    </Track>
    <Track trackName="PlayHeroSoundTick0" eventType="PlayHeroSoundTick" guid="739fd8e1-3ec9-441f-b924-831af8169a36" enabled="true" useRefParam="false" refParamName="" r="0.000" g="0.000" b="0.000" execOnForceStopped="false" execOnActionCompleted="false" stopAfterLastEvent="true" nameSpace="">
      <Event eventName="PlayHeroSoundTick" time="0.000" isDuration="false" guid="feae53df-bebe-4a42-b228-221d761fa30f">
        <TemplateObject name="targetId" id="0" objectName="self" isTemp="false" refParamName="" useRefParam="false" />
        <String name="eventName" value="Play_Billow_Skill_A_Loop_Skin1" refParamName="" useRefParam="false" />
      </Event>
    </Track>
    <Track trackName="PlayHeroSoundTick0" eventType="PlayHeroSoundTick" guid="d7858e87-17ef-4399-8116-96487d8d3922" enabled="true" useRefParam="false" refParamName="" r="0.000" g="0.000" b="0.000" execOnForceStopped="true" execOnActionCompleted="true" stopAfterLastEvent="true" nameSpace="">
      <Event eventName="PlayHeroSoundTick" time="0.000" isDuration="false" guid="2a4f98e8-1a57-4523-824e-e1c7e05e1763">
        <TemplateObject name="targetId" id="0" objectName="self" isTemp="false" refParamName="" useRefParam="false" />
        <String name="eventName" value="Stop_Billow_Skill_A_Loop_Skin1" refParamName="" useRefParam="false" />
        <bool name="canNotBeCulled" value="true" refParamName="" useRefParam="false" />
      </Event>
    </Track>
    <Track trackName="ChangeSkillTriggerTick0" eventType="ChangeSkillTriggerTick" guid="2b3a9147-5286-4997-8ace-9b77c431d4be" enabled="true" useRefParam="false" refParamName="" r="0.000" g="0.000" b="0.000" execOnForceStopped="false" execOnActionCompleted="false" stopAfterLastEvent="true">
      <Event eventName="ChangeSkillTriggerTick" time="0.000" isDuration="false" guid="bf6f2b75-11d4-4355-a070-197d8fbe3081">
        <TemplateObject name="targetId" id="0" objectName="self" isTemp="false" refParamName="" useRefParam="false" />
        <Enum name="slotType" value="1" EnumValue="技能1" refParamName="" useRefParam="false" />
        <int name="effectTime" value="9999999" refParamName="" useRefParam="false" />
        <int name="recoverSkillID" value="59910" refParamName="" useRefParam="false" />
        <bool name="bSendEvent" value="false" refParamName="" useRefParam="false" />
        <bool name="bUseCombo" value="false" refParamName="" useRefParam="false" />
        <int name="changeSkillID" value="59911" refParamName="" useRefParam="false" />
      </Event>
    </Track>
    <Track trackName="ChangeSkillTriggerTick0" eventType="ChangeSkillTriggerTick" guid="43a1dc1f-1485-4228-806d-e669922def98" enabled="true" useRefParam="false" refParamName="" r="0.000" g="0.000" b="0.000" execOnForceStopped="true" execOnActionCompleted="true" stopAfterLastEvent="true">
      <Event eventName="ChangeSkillTriggerTick" time="0.000" isDuration="false" guid="06581f89-cd78-487e-957b-10dbfa81040c">
        <TemplateObject name="targetId" id="0" objectName="self" isTemp="false" refParamName="" useRefParam="false" />
        <Enum name="slotType" value="1" EnumValue="技能1" refParamName="" useRefParam="false" />
        <int name="effectTime" value="99999999" refParamName="" useRefParam="false" />
        <int name="recoverSkillID" value="59910" refParamName="" useRefParam="false" />
        <bool name="bSendEvent" value="false" refParamName="" useRefParam="false" />
        <int name="changeSkillID" value="59910" refParamName="" useRefParam="false" />
      </Event>
    </Track>
  </Action>
</Project>