﻿<?xml version="1.0" encoding="utf-8"?>
<Project>
  <TemplateObjectList>
    <TemplateObject id="0" objectName="self" isTemp="false" />
    <TemplateObject id="1" objectName="target" isTemp="false" />
  </TemplateObjectList>
  <RefParamList>
    <Vector3i name="_BulletDir" x="0" y="0" z="0" refParamName="" useRefParam="false" />
  </RefParamList>
  <Action tag="" length="3.400" loop="false">
    <Track trackName="SkillFuncPerioidc0" eventType="SkillFuncPerioidc" guid="f5e74cb6-32db-4e0c-b582-2db8af4e9153" enabled="false" useRefParam="false" refParamName="" r="0.000" g="0.000" b="0.000" execOnForceStopped="false" execOnActionCompleted="false" stopAfterLastEvent="true" nameSpace="">
      <Event eventName="SkillFuncPerioidc" time="0.000" length="3.000" isDuration="true" guid="8dcc1d54-a0a9-4fcf-a002-a586c818911c">
        <Enum name="SkillFuncType" value="6" EnumValue="增加移动速度" refParamName="" useRefParam="false" />
      </Event>
    </Track>
    <Track trackName="v94优化之前时间条" eventType="SkillTimerProcessBarDuration" guid="d52aebdc-cd43-4f48-bf47-a468384cf2ea" enabled="false" useRefParam="false" refParamName="" r="0.000" g="0.000" b="0.000" execOnForceStopped="false" execOnActionCompleted="false" stopAfterLastEvent="true" nameSpace="">
      <Event eventName="SkillTimerProcessBarDuration" time="0.300" length="3.000" isDuration="true" guid="2fda1011-8a95-444f-b3a8-4e03c4d0d1ed">
        <TemplateObject name="targetId" id="0" objectName="self" isTemp="false" refParamName="" useRefParam="false" />
      </Event>
    </Track>
    <Track trackName="SkillTimerProcessBarDuration0" eventType="SkillTimerProcessBarDuration" guid="92425f88-c48d-4e49-9ab3-5541b37b14ba" enabled="true" useRefParam="false" refParamName="" r="0.000" g="0.000" b="0.000" execOnForceStopped="false" execOnActionCompleted="false" stopAfterLastEvent="true">
      <Event eventName="SkillTimerProcessBarDuration" time="0.300" length="3.000" isDuration="true" guid="54ab9856-56f1-4abe-ad0f-3d807cc05b08">
        <TemplateObject name="targetId" id="0" objectName="self" isTemp="false" refParamName="" useRefParam="false" />
      </Event>
    </Track>
    <Track trackName="HitTriggerTick0" eventType="HitTriggerTick" guid="2621d186-114c-4e5f-abee-2cef8d87ef62" enabled="true" useRefParam="false" refParamName="" r="0.000" g="0.000" b="0.000" execOnForceStopped="false" execOnActionCompleted="false" stopAfterLastEvent="true" nameSpace="">
      <Event eventName="HitTriggerTick" time="3.300" isDuration="false" guid="d559ab10-43eb-4e2f-854a-59e316a027a6">
        <TemplateObject name="targetId" id="0" objectName="self" isTemp="false" refParamName="" useRefParam="false" />
        <int name="SelfSkillCombineID_1" value="599161" refParamName="" useRefParam="false" />
        <int name="SelfSkillCombineID_2" value="599141" refParamName="" useRefParam="false" />
        <int name="SelfSkillCombineID_3" value="599191" refParamName="" useRefParam="false" />
      </Event>
    </Track>
    <Track trackName="SpawnBulletTick0" eventType="SpawnBulletTick" guid="e699f563-d5e5-4e33-bc53-f1dc2fb4f2fc" enabled="true" useRefParam="false" refParamName="" r="0.000" g="0.000" b="0.000" execOnForceStopped="false" execOnActionCompleted="false" stopAfterLastEvent="true" nameSpace="">
      <Event eventName="SpawnBulletTick" time="3.300" isDuration="false" guid="59c13d01-5757-43e3-b239-ad27d71b6777">
        <TemplateObject name="targetId" id="0" objectName="self" isTemp="false" refParamName="" useRefParam="false" />
        <String name="ActionName" value="Prefab_Characters/Prefab_Hero/599_LvMeng/skill/S1B0" refParamName="" useRefParam="false" />
        <bool name="bDestroyedBySpecialBullet" value="true" refParamName="" useRefParam="false" />
      </Event>
    </Track>
    <Track trackName="SkillCDTriggerTick0" eventType="SkillCDTriggerTick" guid="94439308-0108-4b4f-8d43-517a6531d34b" enabled="true" useRefParam="false" refParamName="" r="0.000" g="0.000" b="0.000" execOnForceStopped="false" execOnActionCompleted="false" stopAfterLastEvent="true" nameSpace="">
      <Event eventName="SkillCDTriggerTick" time="3.300" isDuration="false" guid="92a64c63-b62a-45a7-8248-242a174faa94">
        <TemplateObject name="targetId" id="0" objectName="self" isTemp="false" refParamName="" useRefParam="false" />
        <bool name="useSlotType" value="true" refParamName="" useRefParam="false" />
        <Enum name="slotType" value="1" EnumValue="技能1" refParamName="" useRefParam="false" />
        <int name="triggerRatio" value="5000" refParamName="" useRefParam="false" />
      </Event>
    </Track>
    <Track trackName="RemoveBuffTick0" eventType="RemoveBuffTick" guid="78d7cbd0-d687-4997-bdc0-a450c8cb1626" enabled="true" useRefParam="false" refParamName="" r="0.000" g="0.000" b="0.000" execOnForceStopped="false" execOnActionCompleted="false" stopAfterLastEvent="true" nameSpace="">
      <Event eventName="RemoveBuffTick" time="3.300" isDuration="false" guid="da003496-d23e-483b-b729-05304d2672dc">
        <TemplateObject name="targetId" id="0" objectName="self" isTemp="false" refParamName="" useRefParam="false" />
        <int name="buffId" value="599142" refParamName="" useRefParam="false" />
        <int name="BuffLayer" value="1" refParamName="" useRefParam="false" />
      </Event>
    </Track>
    <Track trackName="RemoveBuffTick0" eventType="RemoveBuffTick" guid="8c1f0aab-068f-499f-93fd-d24a70389cbf" enabled="true" useRefParam="false" refParamName="" r="0.000" g="0.000" b="0.000" execOnForceStopped="false" execOnActionCompleted="false" stopAfterLastEvent="true">
      <Event eventName="RemoveBuffTick" time="3.300" isDuration="false" guid="a1672946-dc98-48fe-a7c6-45230379ca7a">
        <TemplateObject name="targetId" id="0" objectName="self" isTemp="false" refParamName="" useRefParam="false" />
        <int name="buffId" value="599143" refParamName="" useRefParam="false" />
        <int name="BuffLayer" value="1" refParamName="" useRefParam="false" />
      </Event>
    </Track>
  </Action>
</Project>