﻿<?xml version="1.0" encoding="utf-8"?>
<Project>
  <TemplateObjectList>
    <TemplateObject objectName="self" id="0" isTemp="false" />
    <TemplateObject objectName="target" id="1" isTemp="false" />
    <TemplateObject objectName="bullet" id="2" isTemp="true" />
    <TemplateObject objectName="monster" id="3" isTemp="false" />
  </TemplateObjectList>
  <RefParamList>
    <Vector3i name="_BulletDir" x="0" y="0" z="0" refParamName="" useRefParam="false" />
  </RefParamList>
  <Action tag="" length="0.100" loop="false">
    <Track trackName="SkillFuncInstant0" eventType="SkillFuncInstant" guid="c5e44079-f20c-4ce6-b609-1d6ab891522d" enabled="true" useRefParam="false" refParamName="" r="0.000" g="0.000" b="0.000" execOnForceStopped="false" execOnActionCompleted="false" stopAfterLastEvent="true">
      <Event eventName="SkillFuncInstant" time="0.000" isDuration="false" guid="96210b27-89d6-46c7-b096-90d0460d2f2e">
        <Enum name="SkillFuncType" value="70" EnumValue="移除技能效果" refParamName="" useRefParam="false" />
      </Event>
    </Track>
  </Action>
</Project>