﻿<?xml version="1.0" encoding="utf-8"?>
<Project>
  <TemplateObjectList>
    <TemplateObject objectName="self" id="0" isTemp="false" />
    <TemplateObject objectName="target" id="1" isTemp="false" />
    <TemplateObject objectName="bullet" id="2" isTemp="true" />
  </TemplateObjectList>
  <RefParamList>
    <Vector3i name="_BulletDir" x="0" y="0" z="0" refParamName="" useRefParam="false" />
  </RefParamList>
  <Action tag="" length="3.300" loop="false">
    <Track trackName="ChangeActorMeshDuration0" eventType="ChangeActorMeshDuration" guid="0b4ccb4b-c3c2-4c45-a619-be1cce567f1f" enabled="true" useRefParam="false" refParamName="" r="0.000" g="0.000" b="0.000" execOnForceStopped="false" execOnActionCompleted="false" SkinAvatarFilterType="11">
      <Event eventName="ChangeActorMeshDuration" time="0.300" length="3.000" isDuration="true" guid="bbe57b69-d43d-41be-853f-df03d7c3c267">
        <TemplateObject name="targetId" objectName="self" id="0" isTemp="false" refParamName="" useRefParam="false" />
        <String name="prefabName" value="Prefab_Skill_Effects/Hero_Skill_Effects/599_LvMeng/59901/5991_LvMeng_Shak" refParamName="" useRefParam="false" />
        <bool name="bModelChangeLabel" value="true" refParamName="" useRefParam="false" />
      </Event>
      <SkinOrAvatarList id="59901" />
    </Track>
    <Track trackName="SkillFuncDuration0" eventType="SkillFuncDuration" guid="886c2d2b-fc1f-47be-9348-80c0b95ae920" enabled="false" useRefParam="false" refParamName="" r="0.000" g="0.000" b="0.000" execOnForceStopped="false" execOnActionCompleted="false">
      <Event eventName="SkillFuncDuration" time="0.000" length="3.000" isDuration="true" guid="751ae3fa-739f-4e52-ba19-f90a15cd2234">
        <Enum name="SkillFuncType" value="55" EnumValue="改变技能" refParamName="" useRefParam="false" />
      </Event>
    </Track>
    <Track trackName="FilterTargetType0" eventType="FilterTargetType" guid="2f2f8613-4a17-40b5-8607-67919051661a" enabled="true" useRefParam="false" refParamName="" r="0.000" g="0.000" b="0.000" execOnForceStopped="false" execOnActionCompleted="false">
      <Event eventName="FilterTargetType" time="0.308" isDuration="false" guid="1f1f85c2-fdbb-40fd-b98a-c679d23cad9a">
        <TemplateObject name="targetId" objectName="self" id="0" isTemp="false" refParamName="" useRefParam="false" />
        <bool name="bFilterBufferLayers" value="true" refParamName="" useRefParam="false" />
        <int name="buffId" value="599190" refParamName="" useRefParam="false" />
        <Enum name="operatorType" value="4" EnumValue="大于" refParamName="" useRefParam="false" />
      </Event>
    </Track>
    <Track trackName="SimpleSpawnBuffTick0" eventType="SimpleSpawnBuffTick" guid="02d00c45-fde8-4cb3-9d93-cac14786b10d" enabled="true" useRefParam="false" refParamName="" r="0.000" g="0.000" b="0.000" execOnForceStopped="false" execOnActionCompleted="false">
      <Condition id="2" guid="2f2f8613-4a17-40b5-8607-67919051661a" status="true" />
      <Event eventName="SimpleSpawnBuffTick" time="0.000" isDuration="false" guid="ec1ffd51-9e5a-4b13-ac4a-26e9e699efbc">
        <TemplateObject name="originatorId" objectName="self" id="0" isTemp="false" refParamName="" useRefParam="false" />
        <TemplateObject name="targetId" objectName="self" id="0" isTemp="false" refParamName="" useRefParam="false" />
        <Array name="buffIds" refParamName="" useRefParam="false" type="int">
          <int value="599192" />
        </Array>
      </Event>
    </Track>
    <Track trackName="ScaleMeshDuration0" eventType="ScaleMeshDuration" guid="193071bd-60d9-417a-8fd3-adc3e9b129ee" enabled="true" useRefParam="false" refParamName="" r="0.000" g="0.000" b="0.000" execOnForceStopped="true" execOnActionCompleted="true" SkinAvatarFilterType="11">
      <Event eventName="ScaleMeshDuration" time="0.000" length="0.300" isDuration="true" guid="4f7f8684-c948-423c-b554-6cf3a514f99e">
        <TemplateObject name="targetId" objectName="self" id="0" isTemp="false" refParamName="" useRefParam="false" />
      </Event>
      <SkinOrAvatarList id="59901" />
    </Track>
    <Track trackName="SetAnimationParamsTick0" eventType="SetAnimationParamsTick" guid="d9550123-ac63-4ef6-bce0-12f61bc6a852" enabled="true" useRefParam="false" refParamName="" r="0.000" g="0.000" b="0.000" execOnForceStopped="false" execOnActionCompleted="false">
      <Event eventName="SetAnimationParamsTick" time="0.300" isDuration="false" guid="f9f014cf-e233-42cb-ad9c-c21f22b74c04">
        <TemplateObject name="targetId" objectName="self" id="0" isTemp="false" refParamName="" useRefParam="false" />
        <Array name="boolNames" refParamName="" useRefParam="false" type="String">
          <String value="Shark_Start" />
          <String value="yu" />
        </Array>
        <Array name="boolValues" refParamName="" useRefParam="false" type="bool">
          <bool value="true" />
          <bool value="true" />
        </Array>
      </Event>
    </Track>
    <Track trackName="SetAnimationParamsTick0" eventType="SetAnimationParamsTick" guid="2b5e71e2-533d-4d3e-af48-9b5be0190b55" enabled="true" useRefParam="false" refParamName="" r="0.000" g="0.000" b="0.000" execOnForceStopped="false" execOnActionCompleted="false">
      <Event eventName="SetAnimationParamsTick" time="0.300" isDuration="false" guid="0b2524b0-0d97-41a9-928f-7fe037377564">
        <TemplateObject name="targetId" objectName="self" id="0" isTemp="false" refParamName="" useRefParam="false" />
        <Array name="boolNames" refParamName="" useRefParam="false" type="String">
          <String value="Shark_Start" />
        </Array>
        <Array name="boolValues" refParamName="" useRefParam="false" type="bool">
          <bool value="false" />
        </Array>
      </Event>
    </Track>
    <Track trackName="SetAnimationParamsTick0" eventType="SetAnimationParamsTick" guid="7e3796d8-4f08-4120-9a15-a439df9a186a" enabled="true" useRefParam="false" refParamName="" r="0.000" g="0.000" b="0.000" execOnForceStopped="true" execOnActionCompleted="true">
      <Event eventName="SetAnimationParamsTick" time="0.000" isDuration="false" guid="28ec613f-4891-4226-b575-d6b10f91aed5">
        <TemplateObject name="targetId" objectName="self" id="0" isTemp="false" refParamName="" useRefParam="false" />
        <Array name="boolNames" refParamName="" useRefParam="false" type="String">
          <String value="yu" />
        </Array>
        <Array name="boolValues" refParamName="" useRefParam="false" type="bool">
          <bool value="true" />
        </Array>
      </Event>
    </Track>
    <Track trackName="ChangeActorMeshDuration0" eventType="ChangeActorMeshDuration" guid="a160a3a2-5ac7-4f25-8db3-a30de68ad3ff" enabled="true" useRefParam="false" refParamName="" r="0.000" g="0.000" b="0.000" execOnForceStopped="false" execOnActionCompleted="false" SkinAvatarFilterType="9">
      <Event eventName="ChangeActorMeshDuration" time="0.000" length="3.300" isDuration="true" guid="5527c046-a2db-4cce-8042-848c87793a4c">
        <TemplateObject name="targetId" objectName="self" id="0" isTemp="false" refParamName="" useRefParam="false" />
        <String name="prefabName" value="Prefab_Skill_Effects/Hero_Skill_Effects/599_LvMeng/59901/5991_LvMeng_Shak_Mid" refParamName="" useRefParam="false" />
        <bool name="bModelChangeLabel" value="true" refParamName="" useRefParam="false" />
      </Event>
      <SkinOrAvatarList id="59901" />
    </Track>
  </Action>
</Project>