﻿<?xml version="1.0" encoding="utf-8"?>
<Project>
  <TemplateObjectList>
    <TemplateObject objectName="self" id="0" isTemp="false" />
    <TemplateObject objectName="target" id="1" isTemp="false" />
  </TemplateObjectList>
  <RefParamList>
    <Vector3i name="_BulletDir" x="0" y="0" z="0" refParamName="" useRefParam="false" />
  </RefParamList>
  <Action tag="" length="3.000" loop="false">
    <Track trackName="FilterTargetType0" eventType="FilterTargetType" guid="e9abc3c8-54a1-4de2-908b-a636c0d55a46" enabled="true" useRefParam="false" refParamName="" r="0.000" g="0.000" b="0.000" execOnForceStopped="false" execOnActionCompleted="false" stopAfterLastEvent="true">
      <Event eventName="FilterTargetType" time="0.000" isDuration="false" guid="6cf6d15d-073d-4b5c-a80c-d403e47fb42f">
        <TemplateObject name="targetId" objectName="target" id="1" isTemp="false" refParamName="" useRefParam="false" />
        <bool name="bFilterBufferLayers" value="true" refParamName="" useRefParam="false" />
        <int name="buffId" value="599140" refParamName="" useRefParam="false" />
        <Enum name="operatorType" value="4" EnumValue="大于" refParamName="" useRefParam="false" />
      </Event>
    </Track>
    <Track trackName="SkillFuncDuration0" eventType="SkillFuncDuration" guid="e3bad7d8-51bb-4321-8c48-c1657f417d19" enabled="true" useRefParam="false" refParamName="" r="0.000" g="0.000" b="0.000" execOnForceStopped="false" execOnActionCompleted="false" stopAfterLastEvent="true">
      <Condition id="0" guid="e9abc3c8-54a1-4de2-908b-a636c0d55a46" status="true" />
      <Event eventName="SkillFuncDuration" time="0.000" length="3.000" isDuration="true" guid="84ba254b-0a3c-41dd-a757-0fc3fce6c1ad">
        <Enum name="SkillFuncType" value="6" EnumValue="增加移动速度" refParamName="" useRefParam="false" />
      </Event>
    </Track>
    <Track trackName="TriggerParticle0" eventType="TriggerParticle" guid="eac7dbcc-6fbf-4aa3-9053-f5cdfe4446a2" enabled="false" useRefParam="false" refParamName="" r="0.000" g="0.000" b="0.000" execOnForceStopped="false" execOnActionCompleted="false" stopAfterLastEvent="true">
      <Condition id="0" guid="e9abc3c8-54a1-4de2-908b-a636c0d55a46" status="true" />
      <Event eventName="TriggerParticle" time="0.000" length="3.000" isDuration="true" guid="e23400a9-4ba4-4fd1-9ebe-5021f421b94e">
        <TemplateObject name="targetId" objectName="target" id="1" isTemp="false" refParamName="" useRefParam="false" />
        <TemplateObject name="objectSpaceId" objectName="target" id="1" isTemp="false" refParamName="" useRefParam="false" />
        <int name="frameRate" value="120" refParamName="" useRefParam="false" />
        <bool name="bUseTargetSkinEffect" value="true" refParamName="" useRefParam="false"/>
        <String name="resourceName" value="Prefab_Skill_Effects/Hero_Skill_Effects/599_LvMeng/59901/LvMeng_buff_03.prefab" refParamName="" useRefParam="false" />
        <String name="bindPointName" value="zuoyan_01" refParamName="" useRefParam="false" />
        <bool name="applyActionSpeedToParticle" value="false" refParamName="" useRefParam="false" />
      </Event>
    </Track>
    <Track trackName="TriggerParticle0" eventType="TriggerParticle" guid="c7226d8c-c7b2-48e0-a99e-8ba999add4c1" enabled="false" useRefParam="false" refParamName="" r="0.000" g="0.000" b="0.000" execOnForceStopped="false" execOnActionCompleted="false" stopAfterLastEvent="true">
      <Condition id="0" guid="e9abc3c8-54a1-4de2-908b-a636c0d55a46" status="true" />
      <Event eventName="TriggerParticle" time="0.000" length="3.000" isDuration="true" guid="4bc18d46-fd5f-44d7-8a10-6f31f1b3b0c5">
        <TemplateObject name="targetId" objectName="target" id="1" isTemp="false" refParamName="" useRefParam="false" />
        <TemplateObject name="objectSpaceId" objectName="target" id="1" isTemp="false" refParamName="" useRefParam="false" />
        <int name="frameRate" value="120" refParamName="" useRefParam="false" />
        <bool name="bUseTargetSkinEffect" value="true" refParamName="" useRefParam="false"/>
        <String name="resourceName" value="Prefab_Skill_Effects/Hero_Skill_Effects/599_LvMeng/59901/LvMeng_buff_03.prefab" refParamName="" useRefParam="false" />
        <String name="bindPointName" value="youyan_01" refParamName="" useRefParam="false" />
        <bool name="applyActionSpeedToParticle" value="false" refParamName="" useRefParam="false" />
      </Event>
    </Track>
    <Track trackName="非59901" eventType="CheckSkinIdTick" guid="71f37c71-f84a-4157-a70d-1b738d204968" enabled="true" useRefParam="false" refParamName="" r="0.000" g="0.000" b="0.000" execOnForceStopped="false" execOnActionCompleted="false" stopAfterLastEvent="false">
      <Event eventName="CheckSkinIdTick" time="0.000" isDuration="false" guid="c6b6ee05-6581-4ef5-903c-9e2047e75b8b">
        <TemplateObject name="targetId" objectName="target" id="1" isTemp="false" refParamName="" useRefParam="false" />
        <int name="skinId" value="59901" refParamName="" useRefParam="false" />
        <bool name="bEqual" value="false" refParamName="" useRefParam="false" />
        <bool name="useNegateValue" value="true" refParamName="" useRefParam="false" />
      </Event>
    </Track>
    <Track trackName="TriggerParticle0" eventType="TriggerParticle" guid="c45b2b37-a184-49c5-a080-9e89da64e5c2" enabled="true" useRefParam="false" refParamName="" r="0.000" g="0.000" b="0.000" execOnForceStopped="false" execOnActionCompleted="false" stopAfterLastEvent="true">
      <Condition id="0" guid="e9abc3c8-54a1-4de2-908b-a636c0d55a46" status="true" />
      <Condition id="4" guid="71f37c71-f84a-4157-a70d-1b738d204968" status="true" />
      <Event eventName="TriggerParticle" time="0.000" length="3.000" isDuration="true" guid="0a2f384b-f739-4ea2-a805-cb521d708ff3">
        <TemplateObject name="targetId" objectName="target" id="1" isTemp="false" refParamName="" useRefParam="false" />
        <int name="frameRate" value="120" refParamName="" useRefParam="false" />
        <bool name="bUseTargetSkinEffect" value="true" refParamName="" useRefParam="false"/>
        <String name="resourceName" value="prefab_skill_effects/hero_skill_effects/599_lvmeng/59901/LvMeng_buff_01" refParamName="" useRefParam="false" />
        <Vector3 name="bindPosOffset" x="0.000" y="2.600" z="0.000" refParamName="" useRefParam="false" />
        <bool name="applyActionSpeedToParticle" value="false" refParamName="" useRefParam="false" />
      </Event>
    </Track>
    <Track trackName="59901" eventType="CheckSkinIdTick" guid="20894341-caf6-4a01-bbf2-3fdc1ed6b4e2" enabled="true" useRefParam="false" refParamName="" r="0.000" g="0.000" b="0.000" execOnForceStopped="false" execOnActionCompleted="false" stopAfterLastEvent="false">
      <Event eventName="CheckSkinIdTick" time="0.000" isDuration="false" guid="dd90ea41-621c-451d-8ee8-5ece6e40b878">
        <TemplateObject name="targetId" objectName="target" id="1" isTemp="false" refParamName="" useRefParam="false" />
        <int name="skinId" value="59901" refParamName="" useRefParam="false" />
        <bool name="bEqual" value="false" refParamName="" useRefParam="false" />
      </Event>
    </Track>
    <Track trackName="TriggerParticle0" eventType="TriggerParticle" guid="3ea775cd-3640-4f00-90bc-2baf896bba1a" enabled="true" useRefParam="false" refParamName="" r="0.000" g="0.000" b="0.000" execOnForceStopped="false" execOnActionCompleted="false" stopAfterLastEvent="false">
      <Condition id="0" guid="e9abc3c8-54a1-4de2-908b-a636c0d55a46" status="true" />
      <Condition id="6" guid="20894341-caf6-4a01-bbf2-3fdc1ed6b4e2" status="true" />
      <Event eventName="TriggerParticle" time="0.000" length="3.000" isDuration="true" guid="8cb32bd7-deb1-4abc-ad86-f64550832203">
        <TemplateObject name="targetId" objectName="target" id="1" isTemp="false" refParamName="" useRefParam="false" />
        <int name="frameRate" value="120" refParamName="" useRefParam="false" />
        <bool name="bUseTargetSkinEffect" value="true" refParamName="" useRefParam="false"/>
        <String name="resourceName" value="prefab_skill_effects/hero_skill_effects/599_lvmeng/59901/LvMeng_buff_01" refParamName="" useRefParam="false" />
        <Vector3 name="bindPosOffset" x="0.000" y="2.600" z="0.000" refParamName="" useRefParam="false" />
        <bool name="applyActionSpeedToParticle" value="false" refParamName="" useRefParam="false" />
      </Event>
    </Track>
    <Track trackName="TriggerParticle0" eventType="TriggerParticle" guid="b98cd50e-fc34-4044-9b2d-d6b90efc86db" enabled="true" useRefParam="false" refParamName="" r="0.000" g="0.000" b="0.000" execOnForceStopped="false" execOnActionCompleted="false" stopAfterLastEvent="false">
      <Condition id="0" guid="e9abc3c8-54a1-4de2-908b-a636c0d55a46" status="true" />
      <Condition id="6" guid="20894341-caf6-4a01-bbf2-3fdc1ed6b4e2" status="true" />
      <Event eventName="TriggerParticle" time="0.000" length="3.000" isDuration="true" guid="a9029714-1818-4fb4-ad5f-cda06a314146">
        <TemplateObject name="targetId" objectName="target" id="1" isTemp="false" refParamName="" useRefParam="false" />
        <int name="frameRate" value="120" refParamName="" useRefParam="false" />
        <bool name="bUseTargetSkinEffect" value="true" refParamName="" useRefParam="false"/>
        <String name="resourceName" value="prefab_skill_effects/hero_skill_effects/599_lvmeng/59901/LvMeng_buff_02" refParamName="" useRefParam="false" />
        <bool name="applyActionSpeedToParticle" value="false" refParamName="" useRefParam="false" />
      </Event>
    </Track>
  </Action>
</Project>