﻿<?xml version="1.0" encoding="utf-8"?>
<Project>
  <TemplateObjectList>
    <TemplateObject objectName="self" id="0" isTemp="false" />
    <TemplateObject objectName="target" id="1" isTemp="false" />
    <TemplateObject objectName="bullet" id="2" isTemp="true" />
    <TemplateObject objectName="bullet2" id="3" isTemp="true" />
    <TemplateObject objectName="攻击者" id="4" isTemp="false" />
    <TemplateObject objectName="monster" id="5" isTemp="false" />
  </TemplateObjectList>
  <RefParamList>
    <Vector3i name="targetdir" x="0" y="0" z="0" refParamName="" useRefParam="false" />
  </RefParamList>
  <Action tag="" length="1.300" loop="false">
    <Track trackName="PlayAnimDuration0" eventType="PlayAnimDuration" guid="790fe1ae-cf5f-4c06-b645-aa6d931a00d4" enabled="true" useRefParam="false" refParamName="" r="0.000" g="0.000" b="0.000" execOnForceStopped="false" execOnActionCompleted="false" stopAfterLastEvent="true" SkinAvatarFilterType="11" nameSpace="">
      <Event eventName="PlayAnimDuration" time="0.000" length="0.750" isDuration="true" guid="4342f3fe-034b-4beb-94e7-ce880f1f0f40">
        <TemplateObject name="targetId" objectName="self" id="0" isTemp="false" refParamName="" useRefParam="false" />
        <int name="frameRate" value="120" refParamName="" useRefParam="false" />
        <bool name="bUseTargetSkinEffect" value="true" refParamName="" useRefParam="false"/>
        <String name="clipName" value="Spell2" refParamName="" useRefParam="false" />
        <int name="layer" value="2" refParamName="" useRefParam="false" />
        <float name="endTime" value="1.200" refParamName="" useRefParam="false" />
      </Event>
      <SkinOrAvatarList id="59901" />
    </Track>
    <Track trackName="SetAnimationParamsDuration0" eventType="SetAnimationParamsDuration" guid="e73e0053-02f9-4699-b34f-eddffeb1407e" enabled="true" useRefParam="false" refParamName="" r="0.000" g="0.000" b="0.000" execOnForceStopped="false" execOnActionCompleted="false" stopAfterLastEvent="true" SkinAvatarFilterType="9">
      <Event eventName="SetAnimationParamsDuration" time="0.000" length="0.330" isDuration="true" guid="22aefe9d-f472-4fc7-a4d1-b9186bdffa62">
        <TemplateObject name="targetId" objectName="self" id="0" isTemp="false" refParamName="" useRefParam="false" />
        <Array name="boolNames" refParamName="" useRefParam="false" type="String">
          <String value="Spell2_Start" />
        </Array>
        <Array name="boolValues" refParamName="" useRefParam="false" type="bool">
          <bool value="true" />
        </Array>
      </Event>
      <SkinOrAvatarList id="59901" />
    </Track>
    <Track trackName="PlayAnimDuration0" eventType="PlayAnimDuration" guid="6430a04d-d40e-4b30-aa83-5fbc78564b7c" enabled="true" useRefParam="false" refParamName="" r="0.000" g="0.000" b="0.000" execOnForceStopped="false" execOnActionCompleted="false" stopAfterLastEvent="true" SkinAvatarFilterType="9">
      <Event eventName="PlayAnimDuration" time="0.000" length="0.633" isDuration="true" guid="73d33ae3-1df8-4a46-9d11-fa3bc47f33ff">
        <TemplateObject name="targetId" objectName="self" id="0" isTemp="false" refParamName="" useRefParam="false" />
        <int name="frameRate" value="120" refParamName="" useRefParam="false" />
        <bool name="bUseTargetSkinEffect" value="true" refParamName="" useRefParam="false"/>
        <String name="clipName" value="Spell2" refParamName="" useRefParam="false" />
        <int name="layer" value="2" refParamName="" useRefParam="false" />
        <float name="endTime" value="1.200" refParamName="" useRefParam="false" />
      </Event>
      <SkinOrAvatarList id="59901" />
    </Track>
  </Action>
</Project>