﻿<?xml version="1.0" encoding="utf-8"?>
<Project>
  <TemplateObjectList>
    <TemplateObject objectName="self" id="0" isTemp="false" />
    <TemplateObject objectName="target" id="1" isTemp="false" />
    <TemplateObject objectName="bullet" id="2" isTemp="true" />
  </TemplateObjectList>
  <RefParamList>
    <Vector3i name="_BulletDir" x="0" y="0" z="0" refParamName="" useRefParam="false" />
  </RefParamList>
  <Action tag="" length="5.100" loop="false">
    <Track trackName="SetSpecialHurtTargetDuration0" eventType="SetSpecialHurtTargetDuration" guid="638ad59f-5ca3-4e19-8dc7-091071a302eb" enabled="false" useRefParam="false" refParamName="" r="0.000" g="0.000" b="0.000" execOnForceStopped="false" execOnActionCompleted="false" stopAfterLastEvent="true" nameSpace="">
      <Event eventName="SetSpecialHurtTargetDuration" time="0.000" length="5.000" isDuration="true" guid="72f9188a-f222-4e98-8db9-9227157d247d">
        <TemplateObject name="targetId" objectName="self" id="0" isTemp="false" refParamName="" useRefParam="false" />
        <TemplateObject name="specialHurtTargetID" objectName="target" id="1" isTemp="false" refParamName="" useRefParam="false" />
        <bool name="bMultiTarget" value="true" refParamName="" useRefParam="false" />
      </Event>
    </Track>
    <Track trackName="TriggerParticle0" eventType="TriggerParticle" guid="9b4ba9e3-475e-4211-8f98-3ee724f8a6fb" enabled="false" useRefParam="false" refParamName="" r="0.000" g="0.000" b="0.000" execOnForceStopped="false" execOnActionCompleted="false" stopAfterLastEvent="true" nameSpace="">
      <Event eventName="TriggerParticle" time="0.000" length="5.000" isDuration="true" guid="4212a416-fec5-4698-aca5-54b023bceeb6">
        <TemplateObject name="targetId" objectName="target" id="1" isTemp="false" refParamName="" useRefParam="false" />
        <bool name="bIgnoreParticleWhenTargetDead" value="true" refParamName="" useRefParam="false" />
        <TemplateObject name="objectSpaceId" objectName="target" id="1" isTemp="false" refParamName="" useRefParam="false" />
        <int name="frameRate" value="120" refParamName="" useRefParam="false" />
        <bool name="bUseTargetSkinEffect" value="true" refParamName="" useRefParam="false"/>
        <String name="resourceName" value="prefab_skill_effects/hero_skill_effects/599_LvMeng/59901/LvMeng_buff_02" refParamName="" useRefParam="false" />
        <Vector3 name="bindPosOffset" x="0.000" y="4.000" z="0.000" refParamName="" useRefParam="false" />
        <bool name="applyActionSpeedToParticle" value="false" refParamName="" useRefParam="false" />
      </Event>
    </Track>
    <Track trackName="SpawnObjectDuration0" eventType="SpawnObjectDuration" guid="ac59fef0-c510-41f1-bdee-9b6daf21fb39" enabled="false" useRefParam="false" refParamName="" r="0.000" g="0.000" b="0.000" execOnForceStopped="false" execOnActionCompleted="false" stopAfterLastEvent="true" nameSpace="">
      <Event eventName="SpawnObjectDuration" time="0.000" length="5.000" isDuration="true" guid="843b1a68-00bb-45ce-b415-9bd6359a17d7">
        <TemplateObject name="targetId" objectName="bullet" id="2" isTemp="true" refParamName="" useRefParam="false" />
        <TemplateObject name="parentId" objectName="target" id="1" isTemp="false" refParamName="" useRefParam="false" />
        <TemplateObject name="objectSpaceId" objectName="target" id="1" isTemp="false" refParamName="" useRefParam="false" />
      </Event>
    </Track>
    <Track trackName="SetCollisionTick0" eventType="SetCollisionTick" guid="c73101ee-72fd-4bcf-94dd-9797b937d294" enabled="false" useRefParam="false" refParamName="" r="0.000" g="0.000" b="0.000" execOnForceStopped="false" execOnActionCompleted="false" stopAfterLastEvent="true" nameSpace="">
      <Event eventName="SetCollisionTick" time="0.000" isDuration="false" guid="851b3eff-ae56-4e02-876d-51ab10bd9611">
        <TemplateObject name="targetId" objectName="bullet" id="2" isTemp="true" refParamName="" useRefParam="false" />
        <Vector3i name="Size" x="3000" y="10000" z="4000" refParamName="" useRefParam="false" />
        <int name="Radius" value="4500" refParamName="" useRefParam="false" />
      </Event>
    </Track>
    <Track trackName="HitTriggerDuration0" eventType="HitTriggerDuration" guid="72200f8f-fbc1-4b08-a822-ce0f389fe17d" enabled="false" useRefParam="false" refParamName="" r="0.000" g="0.000" b="0.000" execOnForceStopped="false" execOnActionCompleted="false" stopAfterLastEvent="true" nameSpace="">
      <Event eventName="HitTriggerDuration" time="0.000" length="5.000" isDuration="true" guid="e44d89fc-dd92-46cc-bb3f-980876171775">
        <TemplateObject name="triggerId" objectName="bullet" id="2" isTemp="true" refParamName="" useRefParam="false" />
        <TemplateObject name="attackerId" objectName="self" id="0" isTemp="false" refParamName="" useRefParam="false" />
        <TemplateObject name="specifiedActorId" objectName="self" id="0" isTemp="false" refParamName="" useRefParam="false" />
        <TemplateObject name="hitTargetId" objectName="self" id="0" isTemp="false" refParamName="" useRefParam="false" />
        <int name="triggerInterval" value="30" refParamName="" useRefParam="false" />
        <int name="TriggerActorInterval" value="0" refParamName="" useRefParam="false" />
        <bool name="bFilterEnemy" value="true" refParamName="" useRefParam="false" />
        <bool name="bFilterFriend" value="false" refParamName="" useRefParam="false" />
        <bool name="bFileterMonter" value="true" refParamName="" useRefParam="false" />
        <bool name="bFileterOrgan" value="true" refParamName="" useRefParam="false" />
        <bool name="bFilterCallActor" value="true" refParamName="" useRefParam="false" />
        <bool name="bFilterMyself" value="false" refParamName="" useRefParam="false" />
        <bool name="bFilterFriendWithoutSelf" value="true" refParamName="" useRefParam="false" />
        <int name="TriggerActorCount" value="32" refParamName="" useRefParam="false" />
        <int name="TargetSkillCombine_1" value="599280" refParamName="" useRefParam="false" />
        <bool name="bTriggerMode" value="true" refParamName="" useRefParam="false" />
      </Event>
    </Track>
    <Track trackName="SimpleSpawnBuffTick0" eventType="SimpleSpawnBuffTick" guid="39831801-66ce-4cb3-a5a7-63eddc85bf4f" enabled="false" useRefParam="false" refParamName="" r="0.000" g="0.000" b="0.000" execOnForceStopped="true" execOnActionCompleted="true" stopAfterLastEvent="true" nameSpace="">
      <Event eventName="SimpleSpawnBuffTick" time="0.000" isDuration="false" guid="8420f62b-202a-465e-a816-055584026863">
        <TemplateObject name="originatorId" objectName="self" id="0" isTemp="false" refParamName="" useRefParam="false" />
        <TemplateObject name="targetId" objectName="target" id="1" isTemp="false" refParamName="" useRefParam="false" />
        <Array name="buffIds" refParamName="" useRefParam="false" type="int">
          <int value="599221" />
          <int value="599223" />
        </Array>
      </Event>
    </Track>
    <Track trackName="StopTracks0" eventType="StopTracks" guid="a45dcc8b-3522-4e41-a289-104cbd4d2ce8" enabled="false" useRefParam="false" refParamName="" r="0.000" g="0.000" b="0.000" execOnForceStopped="false" execOnActionCompleted="false" stopAfterLastEvent="true" nameSpace="">
      <Event eventName="StopTracks" time="5.000" isDuration="false" guid="d19805c9-d95b-46f8-9620-19a9a13a7c3d">
        <Array name="trackIds" refParamName="" useRefParam="false" type="TrackObject">
          <TrackObject id="5" guid="39831801-66ce-4cb3-a5a7-63eddc85bf4f" />
        </Array>
        <bool name="alsoStopNotStartedTrack" value="true" refParamName="" useRefParam="false" />
      </Event>
    </Track>
  </Action>
</Project>