﻿<?xml version="1.0" encoding="utf-8"?>
<Project>
  <TemplateObjectList>
    <TemplateObject objectName="self" id="0" isTemp="false" />
    <TemplateObject objectName="target" id="1" isTemp="false" />
    <TemplateObject objectName="bullet" id="2" isTemp="true" />
  </TemplateObjectList>
  <RefParamList>
    <Vector3i name="_BulletDir" x="0" y="0" z="0" refParamName="" useRefParam="false" />
  </RefParamList>
  <Action tag="" length="2.000" loop="false">
    <Track trackName="SkillFuncInstant0" eventType="SkillFuncInstant" guid="3ef5539b-6310-447e-bdfb-c89ed77b4bf9" enabled="true" useRefParam="false" refParamName="" r="0.000" g="0.000" b="0.000" execOnForceStopped="false" execOnActionCompleted="false" stopAfterLastEvent="true" nameSpace="">
      <Event eventName="SkillFuncInstant" time="0.000" isDuration="false" guid="9c316347-c4eb-4fd6-a33a-11c12c1a35b6">
        <Enum name="SkillFuncType" value="2" EnumValue="真实伤害" refParamName="" useRefParam="false" />
      </Event>
    </Track>
  </Action>
</Project>