﻿<?xml version="1.0" encoding="utf-8"?>
<Project>
  <TemplateObjectList>
    <TemplateObject objectName="self" id="0" isTemp="false" />
    <TemplateObject objectName="target" id="1" isTemp="false" />
    <TemplateObject objectName="findbullet" id="2" isTemp="false" />
  </TemplateObjectList>
  <RefParamList>
    <Vector3i name="_BulletDir" x="0" y="0" z="0" refParamName="" useRefParam="false" />
  </RefParamList>
  <Action tag="" length="5.100" loop="false">
    <Track trackName="SkillTimerProcessBarDuration0" eventType="SkillTimerProcessBarDuration" guid="4c9ad1d9-66f3-4656-aa58-38eb0557f8b8" enabled="false" useRefParam="false" refParamName="" r="0.000" g="0.000" b="0.000" execOnForceStopped="false" execOnActionCompleted="false" stopAfterLastEvent="true" nameSpace="">
      <Event eventName="SkillTimerProcessBarDuration" time="0.000" length="5.000" isDuration="true" guid="177e9baf-be76-469f-8f0c-95c38411f941">
        <TemplateObject name="targetId" objectName="self" id="0" isTemp="false" refParamName="" useRefParam="false" />
      </Event>
    </Track>
    <Track trackName="RemoveBuffTick0" eventType="RemoveBuffTick" guid="fec8dbe1-e584-4646-9877-f99e959b9abc" enabled="true" useRefParam="false" refParamName="" r="0.000" g="0.000" b="0.000" execOnForceStopped="false" execOnActionCompleted="false" stopAfterLastEvent="true" nameSpace="">
      <Event eventName="RemoveBuffTick" time="5.000" isDuration="false" guid="5e28d483-1c1e-4b0f-9400-15949c7dc4ae">
        <TemplateObject name="targetId" objectName="self" id="0" isTemp="false" refParamName="" useRefParam="false" />
        <int name="buffId" value="599280" refParamName="" useRefParam="false" />
        <int name="BuffLayer" value="1" refParamName="" useRefParam="false" />
      </Event>
    </Track>
    <Track trackName="RemoveBuffTick0" eventType="RemoveBuffTick" guid="68a7b0d6-d426-4a37-97ae-b31f5c5c9384" enabled="true" useRefParam="false" refParamName="" r="0.000" g="0.000" b="0.000" execOnForceStopped="false" execOnActionCompleted="false" stopAfterLastEvent="true">
      <Event eventName="RemoveBuffTick" time="5.000" isDuration="false" guid="2d872228-582c-4252-8c5e-500dec7096c5">
        <TemplateObject name="targetId" objectName="self" id="0" isTemp="false" refParamName="" useRefParam="false" />
        <int name="buffId" value="599208" refParamName="" useRefParam="false" />
        <int name="BuffLayer" value="1" refParamName="" useRefParam="false" />
      </Event>
    </Track>
    <Track trackName="RemoveBuffTick0" eventType="RemoveBuffTick" guid="ec7a6ec8-6213-4b4b-95b7-7ff5355fbe6a" enabled="false" useRefParam="false" refParamName="" r="0.000" g="0.000" b="0.000" execOnForceStopped="false" execOnActionCompleted="false" stopAfterLastEvent="true">
      <Event eventName="RemoveBuffTick" time="5.000" isDuration="false" guid="da745171-8690-4f34-9cc1-85af28587058">
        <TemplateObject name="targetId" objectName="self" id="0" isTemp="false" refParamName="" useRefParam="false" />
        <int name="buffId" value="599207" refParamName="" useRefParam="false" />
      </Event>
    </Track>
  </Action>
</Project>