﻿<?xml version="1.0" encoding="utf-8"?>
<Project>
  <TemplateObjectList>
    <TemplateObject objectName="self" id="0" isTemp="false" />
    <TemplateObject objectName="target" id="1" isTemp="false" />
    <TemplateObject objectName="findbullet" id="2" isTemp="false" />
  </TemplateObjectList>
  <RefParamList>
    <Vector3i name="_BulletDir" x="0" y="0" z="0" refParamName="" useRefParam="false" />
  </RefParamList>
  <Action tag="" length="3.000" loop="false">
    <Track trackName="TriggerParticle0" eventType="TriggerParticle" guid="f67e81ef-866f-4614-b884-c696829fdcef" enabled="false" useRefParam="false" refParamName="" r="0.000" g="0.000" b="0.000" execOnForceStopped="false" execOnActionCompleted="false" nameSpace="">
      <Event eventName="TriggerParticle" time="0.000" length="1.000" isDuration="true" guid="4c80f969-485b-4bc2-b6e7-43938eb0bc4e">
        <TemplateObject name="targetId" objectName="self" id="0" isTemp="false" refParamName="" useRefParam="false" />
        <int name="frameRate" value="120" refParamName="" useRefParam="false" />
        <bool name="bUseTargetSkinEffect" value="true" refParamName="" useRefParam="false"/>
        <String name="resourceName" value="prefab_skill_effects/hero_skill_effects/599_lvmeng/59901/LvMeng_buff_01" refParamName="" useRefParam="false" />
        <Vector3 name="bindPosOffset" x="0.000" y="2.600" z="0.000" refParamName="" useRefParam="false" />
        <bool name="applyActionSpeedToParticle" value="false" refParamName="" useRefParam="false" />
      </Event>
    </Track>
    <Track trackName="SkillFuncDuration0" eventType="SkillFuncDuration" guid="75da35f8-83b5-45e5-a632-8f662a64ac4e" enabled="false" useRefParam="false" refParamName="" r="0.000" g="0.000" b="0.000" execOnForceStopped="false" execOnActionCompleted="false" nameSpace="">
      <Event eventName="SkillFuncDuration" time="0.000" length="3.000" isDuration="true" guid="e27a1903-3025-4d8b-a588-9788b617909b">
        <Enum name="SkillFuncType" value="55" EnumValue="改变技能" refParamName="" useRefParam="false" />
      </Event>
    </Track>
    <Track trackName="普通攻击" eventType="ChangeSkillTriggerTick" guid="76e316fe-8b4b-4383-a806-66a790862d9e" enabled="true" useRefParam="false" refParamName="" r="0.000" g="0.000" b="0.000" execOnForceStopped="false" execOnActionCompleted="false">
      <Event eventName="ChangeSkillTriggerTick" time="0.000" isDuration="false" guid="af2bb21d-3df6-4692-9d40-f990e0bf8f47">
        <TemplateObject name="targetId" objectName="self" id="0" isTemp="false" refParamName="" useRefParam="false" />
        <int name="effectTime" value="5000" refParamName="" useRefParam="false" />
        <int name="recoverSkillID" value="59900" refParamName="" useRefParam="false" />
        <bool name="bOvertimeCD" value="false" refParamName="" useRefParam="false" />
        <int name="changeSkillID" value="59905" refParamName="" useRefParam="false" />
      </Event>
    </Track>
    <Track trackName="RemoveBuffTick0" eventType="RemoveBuffTick" guid="11aee3cd-4c67-492e-a7b5-c40e165940b5" enabled="false" useRefParam="false" refParamName="" r="0.000" g="0.000" b="0.000" execOnForceStopped="false" execOnActionCompleted="false" nameSpace="">
      <Event eventName="RemoveBuffTick" time="0.000" isDuration="false" guid="43134409-c618-4e9b-937f-64ea61665338">
        <TemplateObject name="targetId" objectName="self" id="0" isTemp="false" refParamName="" useRefParam="false" />
      </Event>
    </Track>
    <Track trackName="TriggerParticle0" eventType="TriggerParticle" guid="db17ebfc-e384-40cc-918f-e9dce40112e7" enabled="false" useRefParam="false" refParamName="" r="0.000" g="0.000" b="0.000" execOnForceStopped="false" execOnActionCompleted="false" nameSpace="">
      <Event eventName="TriggerParticle" time="0.000" length="3.000" isDuration="true" guid="347a6707-fcad-4052-acdd-059754fcd71f">
        <TemplateObject name="targetId" objectName="self" id="0" isTemp="false" refParamName="" useRefParam="false" />
        <int name="frameRate" value="120" refParamName="" useRefParam="false" />
        <bool name="bUseTargetSkinEffect" value="true" refParamName="" useRefParam="false"/>
        <String name="resourceName" value="prefab_skill_effects/hero_skill_effects/599_LvMeng/59901/LvMeng_buff_spell02_05" refParamName="" useRefParam="false" />
        <bool name="applyActionSpeedToParticle" value="false" refParamName="" useRefParam="false" />
        <bool name="bOnlyFollowPos" value="true" refParamName="" useRefParam="false" />
      </Event>
    </Track>
    <Track trackName="TriggerParticle0" eventType="TriggerParticle" guid="c77c4175-ba18-4bff-a441-3c9ea21be702" enabled="true" useRefParam="false" refParamName="" r="0.000" g="0.000" b="0.000" execOnForceStopped="false" execOnActionCompleted="false" nameSpace="">
      <Event eventName="TriggerParticle" time="0.000" length="3.000" isDuration="true" guid="3260fc87-f968-41af-9b16-40ee89a2bb35">
        <TemplateObject name="targetId" objectName="self" id="0" isTemp="false" refParamName="" useRefParam="false" />
        <int name="frameRate" value="120" refParamName="" useRefParam="false" />
        <bool name="bUseTargetSkinEffect" value="true" refParamName="" useRefParam="false"/>
        <String name="resourceName" value="Prefab_Skill_Effects/tongyong_effects/Indicator/AutoY" refParamName="" useRefParam="false" />
        <Vector3 name="scaling" x="0.650" y="0.650" z="0.650" refParamName="" useRefParam="false" />
        <bool name="useScalingInt" value="true" refParamName="" useRefParam="false" />
        <Vector3i name="scalingInt" x="3500" y="3500" z="3500" refParamName="" useRefParam="false" />
        <bool name="bUseRealScaling" value="true" refParamName="" useRefParam="false" />
        <bool name="applyActionSpeedToParticle" value="false" refParamName="" useRefParam="false" />
        <bool name="bInvisibleEnemy" value="true" refParamName="" useRefParam="false" />
        <bool name="bInvisibleTeamNotSelf" value="true" refParamName="" useRefParam="false" />
      </Event>
    </Track>
    <Track trackName="SimpleSpawnBuffTick0" eventType="SimpleSpawnBuffTick" guid="a84b3fd0-b17a-43b9-9115-677694ce6db3" enabled="true" useRefParam="false" refParamName="" r="0.000" g="0.000" b="0.000" execOnForceStopped="true" execOnActionCompleted="false">
      <Event eventName="SimpleSpawnBuffTick" time="0.000" isDuration="false" guid="f608c46b-b02d-404f-b6f8-d5f219c8a509">
        <TemplateObject name="originatorId" objectName="self" id="0" isTemp="false" refParamName="" useRefParam="false" />
        <TemplateObject name="targetId" objectName="self" id="0" isTemp="false" refParamName="" useRefParam="false" />
        <Array name="buffIds" refParamName="" useRefParam="false" type="int">
          <int value="599900" />
        </Array>
      </Event>
    </Track>
  </Action>
</Project>