﻿<?xml version="1.0" encoding="utf-8"?>
<Project>
  <TemplateObjectList>
    <TemplateObject objectName="self" id="0" isTemp="false" />
    <TemplateObject objectName="target" id="1" isTemp="false" />
    <TemplateObject objectName="bullet" id="2" isTemp="true" />
    <TemplateObject objectName="bullet2" id="3" isTemp="true" />
  </TemplateObjectList>
  <RefParamList>
    <Vector3i name="targetdir" x="0" y="0" z="0" refParamName="" useRefParam="false" />
  </RefParamList>
  <Action tag="" length="2.000" loop="false">
    <Track trackName="移除二技能动画" eventType="RemoveBuffTick" guid="dcaea9fe-d4b3-4ee9-a444-86e2101acbd2" enabled="true" useRefParam="false" refParamName="" r="0.000" g="0.000" b="0.000" execOnForceStopped="false" execOnActionCompleted="false">
      <Event eventName="RemoveBuffTick" time="0.000" isDuration="false" guid="97a8e934-c691-4bb4-9ab7-f933397d5889">
        <TemplateObject name="targetId" objectName="self" id="0" isTemp="false" refParamName="" useRefParam="false" />
        <int name="buffId" value="599230" refParamName="" useRefParam="false" />
        <int name="BuffLayer" value="1" refParamName="" useRefParam="false" />
      </Event>
    </Track>
    <Track trackName="人" eventType="FilterTargetType" guid="8ed58e84-7fdc-465a-a371-92dd514a503c" enabled="true" useRefParam="false" refParamName="" r="0.000" g="0.000" b="0.000" execOnForceStopped="false" execOnActionCompleted="false">
      <Event eventName="FilterTargetType" time="0.000" isDuration="false" guid="bb25d21b-42c7-4f3f-8a91-4466ba65920a">
        <TemplateObject name="targetId" objectName="self" id="0" isTemp="false" refParamName="" useRefParam="false" />
        <bool name="bFilterBufferLayers" value="true" refParamName="" useRefParam="false" />
        <int name="buffId" value="599160" refParamName="" useRefParam="false" />
        <Enum name="operatorType" value="1" EnumValue="小于" refParamName="" useRefParam="false" />
        <int name="buffLayers" value="1" refParamName="" useRefParam="false" />
      </Event>
    </Track>
    <Track trackName="鱼" eventType="FilterTargetType" guid="8ebf9cac-619a-413f-80c7-ffeb29a38382" enabled="true" useRefParam="false" refParamName="" r="0.000" g="0.000" b="0.000" execOnForceStopped="false" execOnActionCompleted="false">
      <Event eventName="FilterTargetType" time="0.000" isDuration="false" guid="4277ed8a-3155-4f74-99de-c16cd5b3ed1c">
        <TemplateObject name="targetId" objectName="self" id="0" isTemp="false" refParamName="" useRefParam="false" />
        <bool name="bFilterBufferLayers" value="true" refParamName="" useRefParam="false" />
        <int name="buffId" value="599160" refParamName="" useRefParam="false" />
        <Enum name="operatorType" value="5" EnumValue="大于等于" refParamName="" useRefParam="false" />
        <int name="buffLayers" value="1" refParamName="" useRefParam="false" />
      </Event>
    </Track>
    <Track trackName="HitTriggerTick0" eventType="HitTriggerTick" guid="4254c4ca-f28d-406b-bd21-12a4835d5b57" enabled="true" useRefParam="false" refParamName="" r="0.000" g="0.000" b="0.000" execOnForceStopped="false" execOnActionCompleted="false">
      <Event eventName="HitTriggerTick" time="0.000" isDuration="false" guid="c043c08c-c40d-42c0-b5c2-6eadb1d6311b">
        <TemplateObject name="targetId" objectName="self" id="0" isTemp="false" refParamName="" useRefParam="false" />
        <int name="SelfSkillCombineID_1" value="599141" refParamName="" useRefParam="false" />
        <int name="SelfSkillCombineID_2" value="599151" refParamName="" useRefParam="false" />
        <int name="SelfSkillCombineID_3" value="599161" refParamName="" useRefParam="false" />
      </Event>
    </Track>
    <Track trackName="人" eventType="SpawnBulletTick" guid="23672feb-5757-4961-ad34-9caf62a17a68" enabled="false" useRefParam="false" refParamName="" r="0.000" g="0.000" b="0.000" execOnForceStopped="false" execOnActionCompleted="false">
      <Event eventName="SpawnBulletTick" time="0.000" isDuration="false" guid="07b29d1c-454f-48a7-847b-104f2a37f4ab">
        <TemplateObject name="targetId" objectName="self" id="0" isTemp="false" refParamName="" useRefParam="false" />
        <String name="ActionName" value="prefab_characters/prefab_hero/599_lvmeng/skill/u1b0" refParamName="" useRefParam="false" />
        <bool name="bDeadRemove" value="true" refParamName="" useRefParam="false" />
        <int name="bulletTypeId" value="59930" refParamName="" useRefParam="false" />
        <bool name="bDestroyedBySpecialBullet" value="true" refParamName="" useRefParam="false" />
      </Event>
    </Track>
    <Track trackName="SkillCDTriggerTick0" eventType="SkillCDTriggerTick" guid="86a03b12-4907-4e1d-aaf6-e3bc61b4bb41" enabled="true" useRefParam="false" refParamName="" r="0.000" g="0.000" b="0.000" execOnForceStopped="false" execOnActionCompleted="false">
      <Event eventName="SkillCDTriggerTick" time="0.000" isDuration="false" guid="817aa189-8cc9-49d2-97b0-e6f4cfa08209">
        <TemplateObject name="targetId" objectName="self" id="0" isTemp="false" refParamName="" useRefParam="false" />
      </Event>
    </Track>
    <Track trackName="RemoveBulletTick0" eventType="RemoveBulletTick" guid="00c7f68d-6b3a-443a-914a-721d4ee30d9d" enabled="true" useRefParam="false" refParamName="" r="0.000" g="0.000" b="0.000" execOnForceStopped="false" execOnActionCompleted="false">
      <Event eventName="RemoveBulletTick" time="0.000" isDuration="false" guid="60402921-0035-452c-840f-9c4fa89d3203">
        <TemplateObject name="targetId" objectName="self" id="0" isTemp="false" refParamName="" useRefParam="false" />
        <int name="bulletTypeId" value="5991" refParamName="" useRefParam="false" />
      </Event>
    </Track>
    <Track trackName="SetAttackDirDuration0" eventType="SetAttackDirDuration" guid="9ea799f3-69e5-4e32-8b07-4cebac52911c" enabled="true" useRefParam="false" refParamName="" r="0.000" g="0.000" b="0.000" execOnForceStopped="false" execOnActionCompleted="false">
      <Event eventName="SetAttackDirDuration" time="0.000" length="0.050" isDuration="true" guid="f8917eed-e0be-4dfe-b95c-b739e41ebba7">
        <TemplateObject name="attackerId" objectName="self" id="0" isTemp="false" refParamName="" useRefParam="false" />
      </Event>
    </Track>
    <Track trackName="击退终点" eventType="SpawnBulletTick" guid="4805fb8b-99f8-4a1c-b0fa-6e9017d1779d" enabled="true" useRefParam="false" refParamName="" r="0.000" g="0.000" b="0.000" execOnForceStopped="false" execOnActionCompleted="false">
      <Event eventName="SpawnBulletTick" time="0.000" isDuration="false" guid="989aab85-165b-426a-9477-5a10b26dd16d">
        <TemplateObject name="targetId" objectName="self" id="0" isTemp="false" refParamName="" useRefParam="false" />
        <String name="ActionName" value="prefab_characters/prefab_hero/599_lvmeng/skill/u1b100" refParamName="" useRefParam="false" />
        <int name="bulletTypeId" value="5993100" refParamName="" useRefParam="false" />
        <int name="bulletUpperLimit" value="1" refParamName="" useRefParam="false" />
        <bool name="bRemoveWhenRepressed" value="true" refParamName="" useRefParam="false" />
      </Event>
    </Track>
    <Track trackName="ForbidAbilityDuration0" eventType="ForbidAbilityDuration" guid="b043d1c2-93fe-4659-87be-909df586177f" enabled="true" useRefParam="false" refParamName="" r="0.000" g="0.000" b="0.000" execOnForceStopped="false" execOnActionCompleted="false">
      <Event eventName="ForbidAbilityDuration" time="0.000" length="0.900" isDuration="true" guid="f8b6e19b-d974-4eca-bd68-01a515f13af6">
        <TemplateObject name="attackerId" objectName="self" id="0" isTemp="false" refParamName="" useRefParam="false" />
        <bool name="delaySkillAbort" value="true" refParamName="" useRefParam="false" />
      </Event>
    </Track>
    <Track trackName="MoveActorDuration0" eventType="MoveActorDuration" guid="2f02f256-26d6-4ed8-b26e-975a289cd5e4" enabled="true" useRefParam="false" refParamName="" r="0.000" g="0.000" b="0.000" execOnForceStopped="false" execOnActionCompleted="false">
      <Event eventName="MoveActorDuration" time="0.000" length="0.300" isDuration="true" guid="6b55d15d-589f-4786-bb50-2f05c826e3cf">
        <Enum name="moveType" value="2" EnumValue="指定朝向" refParamName="" useRefParam="false" />
        <TemplateObject name="actorId" objectName="self" id="0" isTemp="false" refParamName="" useRefParam="false" />
        <bool name="bUseSkillDir" value="true" refParamName="" useRefParam="false" />
        <int name="moveDistance" value="-3000" refParamName="" useRefParam="false" />
        <int name="moveSpeed" value="-10000" refParamName="" useRefParam="false" />
        <bool name="IgnoreCollision" value="true" refParamName="" useRefParam="false" />
      </Event>
    </Track>
    <Track trackName="SetAnimationParamsDuration0" eventType="SetAnimationParamsDuration" guid="248526c3-8f52-4580-8185-5ecac1fbb6a7" enabled="true" useRefParam="false" refParamName="" r="0.000" g="0.000" b="0.000" execOnForceStopped="false" execOnActionCompleted="false">
      <Event eventName="SetAnimationParamsDuration" time="0.000" length="0.066" isDuration="true" guid="5839ba28-2b8a-44ea-a420-669522028cbd">
        <TemplateObject name="targetId" objectName="self" id="0" isTemp="false" refParamName="" useRefParam="false" />
        <Array name="boolNames" refParamName="" useRefParam="false" type="String">
          <String value="Spell3_Start" />
        </Array>
        <Array name="boolValues" refParamName="" useRefParam="false" type="bool">
          <bool value="true" />
        </Array>
      </Event>
    </Track>
    <Track trackName="PlayAnimDuration0" eventType="PlayAnimDuration" guid="dbe37da9-bbfa-42c9-943f-13012f06a0dd" enabled="true" useRefParam="false" refParamName="" r="0.000" g="0.000" b="0.000" execOnForceStopped="false" execOnActionCompleted="false">
      <Event eventName="PlayAnimDuration" time="0.000" length="1.300" isDuration="true" guid="80a2de54-f66b-4e12-b26d-9046923f765e">
        <TemplateObject name="targetId" objectName="self" id="0" isTemp="false" refParamName="" useRefParam="false" />
        <int name="frameRate" value="120" refParamName="" useRefParam="false" />
        <bool name="bUseTargetSkinEffect" value="true" refParamName="" useRefParam="false"/>
        <String name="clipName" value="Spell3_1" refParamName="" useRefParam="false" />
        <int name="layer" value="4" refParamName="" useRefParam="false" />
        <float name="endTime" value="1.300" refParamName="" useRefParam="false" />
      </Event>
    </Track>
    <Track trackName="TriggerParticleTick0" eventType="TriggerParticleTick" guid="fbec16f9-1e7e-418f-aa53-ac18f958b056" enabled="true" useRefParam="false" refParamName="" r="0.000" g="0.000" b="0.000" execOnForceStopped="false" execOnActionCompleted="false" SkinAvatarFilterType="11">
      <Event eventName="TriggerParticleTick" time="0.000" isDuration="false" guid="4762d13d-f71c-410a-b9e4-a9faeea625ab">
        <TemplateObject name="targetId" objectName="None" id="-1" isTemp="false" refParamName="" useRefParam="false" />
        <TemplateObject name="objectSpaceId" objectName="self" id="0" isTemp="false" refParamName="" useRefParam="false" />
        <int name="frameRate" value="120" refParamName="" useRefParam="false" />
        <bool name="bUseTargetSkinEffect" value="true" refParamName="" useRefParam="false"/>
        <String name="resourceName" value="prefab_skill_effects/hero_skill_effects/599_lvmeng/59901/LvMeng_attack_spell01C" refParamName="" useRefParam="false" />
        <bool name="applyActionSpeedToParticle" value="false" refParamName="" useRefParam="false" />
      </Event>
      <SkinOrAvatarList id="59901" />
    </Track>
    <Track trackName="SpawnBulletTick0" eventType="SpawnBulletTick" guid="c427ec90-bd90-4a10-9b6a-db14eefb0bd5" enabled="true" useRefParam="false" refParamName="" r="0.000" g="0.000" b="0.000" execOnForceStopped="false" execOnActionCompleted="false">
      <Event eventName="SpawnBulletTick" time="0.000" isDuration="false" guid="f2d97735-510f-4eec-9109-88fac74cd494">
        <TemplateObject name="targetId" objectName="self" id="0" isTemp="false" refParamName="" useRefParam="false" />
        <String name="ActionName" value="prefab_characters/prefab_hero/599_lvmeng/skill/u1b1" refParamName="" useRefParam="false" />
        <bool name="bDeadRemove" value="true" refParamName="" useRefParam="false" />
        <int name="bulletTypeId" value="59931" refParamName="" useRefParam="false" />
        <int name="bulletUpperLimit" value="1" refParamName="" useRefParam="false" />
        <bool name="bRemoveWhenRepressed" value="true" refParamName="" useRefParam="false" />
      </Event>
    </Track>
    <Track trackName="StopTrack0" eventType="StopTrack" guid="866ee04e-1cf9-4e99-abce-d92e6205bc99" enabled="true" useRefParam="false" refParamName="" r="0.000" g="0.000" b="0.000" execOnForceStopped="false" execOnActionCompleted="false">
      <Event eventName="StopTrack" time="0.600" isDuration="false" guid="78dbd0ff-1fa9-42f9-8a77-6e0bdcd9e529">
        <TrackObject name="trackId" id="12" guid="dbe37da9-bbfa-42c9-943f-13012f06a0dd" refParamName="" useRefParam="false" />
      </Event>
    </Track>
    <Track trackName="PlayHeroSoundTick0" eventType="PlayHeroSoundTick" guid="f3500c7a-4769-4438-91a3-1be827622202" enabled="true" useRefParam="false" refParamName="" r="0.000" g="0.000" b="0.000" execOnForceStopped="false" execOnActionCompleted="false">
      <Event eventName="PlayHeroSoundTick" time="0.000" isDuration="false" guid="4cda2c6a-95d5-43c6-98b4-ac1a0ce2fa73">
        <TemplateObject name="targetId" objectName="self" id="0" isTemp="false" refParamName="" useRefParam="false" />
        <String name="eventName" value="Play_Billow_Skill_C_1_Skin1" refParamName="" useRefParam="false" />
      </Event>
    </Track>
    <Track trackName="PlayHeroSoundTick0" eventType="PlayHeroSoundTick" guid="8f659ef1-b7fe-4214-a84f-1402c4b79975" enabled="true" useRefParam="false" refParamName="" r="0.000" g="0.000" b="0.000" execOnForceStopped="false" execOnActionCompleted="false">
      <Event eventName="PlayHeroSoundTick" time="0.000" isDuration="false" guid="e1adafff-fd02-48e4-a696-ebe809bef287">
        <TemplateObject name="targetId" objectName="self" id="0" isTemp="false" refParamName="" useRefParam="false" />
        <String name="eventName" value="Play_Billow_VO_Skill_C_Skin1" refParamName="" useRefParam="false" />
      </Event>
    </Track>
    <Track trackName="TriggerParticleTick0" eventType="TriggerParticleTick" guid="cc53ac17-84f5-4a67-8ea9-eae6680753cd" enabled="true" useRefParam="false" refParamName="" r="0.000" g="0.000" b="0.000" execOnForceStopped="false" execOnActionCompleted="false" SkinAvatarFilterType="9">
      <Event eventName="TriggerParticleTick" time="0.000" isDuration="false" guid="7e1276c3-0d73-4e28-bad6-2935c98e0539">
        <TemplateObject name="targetId" objectName="None" id="-1" isTemp="false" refParamName="" useRefParam="false" />
        <TemplateObject name="objectSpaceId" objectName="self" id="0" isTemp="false" refParamName="" useRefParam="false" />
        <int name="frameRate" value="120" refParamName="" useRefParam="false" />
        <bool name="bUseTargetSkinEffect" value="true" refParamName="" useRefParam="false"/>
        <String name="resourceName" value="prefab_skill_effects/hero_skill_effects/599_lvmeng/59901/LvMeng_attack_spell01C" refParamName="" useRefParam="false" />
        <float name="lifeTime" value="1.500" refParamName="" useRefParam="false" />
        <bool name="applyActionSpeedToParticle" value="false" refParamName="" useRefParam="false" />
      </Event>
      <SkinOrAvatarList id="59901" />
    </Track>
  </Action>
</Project>