﻿<?xml version="1.0" encoding="utf-8"?>
<Project>
  <TemplateObjectList>
    <TemplateObject objectName="self" id="0" isTemp="false" />
    <TemplateObject objectName="target" id="1" isTemp="false" />
    <TemplateObject objectName="bullet" id="2" isTemp="true" />
    <TemplateObject objectName="Findbullet" id="3" isTemp="true" />
    <TemplateObject objectName="攻击者" id="4" isTemp="false" />
    <TemplateObject objectName="nokillbullet" id="5" isTemp="true" />
    <TemplateObject objectName="release" id="6" isTemp="false" />
    <TemplateObject objectName="hitcheckbullet" id="7" isTemp="true" />
  </TemplateObjectList>
  <RefParamList>
    <Vector3i name="targetdir" x="0" y="0" z="0" refParamName="" useRefParam="false" />
    <Vector3i name="_BulletDir" x="0" y="0" z="0" refParamName="" useRefParam="false" />
  </RefParamList>
  <Action tag="" length="3.000" loop="false">
    <Track trackName="移除二技能动画" eventType="RemoveBuffTick" guid="86a7cd09-c6c5-4dd9-a8ad-9f011223e8a3" enabled="true" useRefParam="false" refParamName="" r="0.000" g="0.000" b="0.000" execOnForceStopped="false" execOnActionCompleted="false">
      <Event eventName="RemoveBuffTick" time="0.000" isDuration="false" guid="85c6380b-1c11-4266-a65f-518e1c5b587e">
        <TemplateObject name="targetId" objectName="self" id="0" isTemp="false" refParamName="" useRefParam="false" />
        <int name="buffId" value="599230" refParamName="" useRefParam="false" />
        <int name="BuffLayer" value="1" refParamName="" useRefParam="false" />
      </Event>
    </Track>
    <Track trackName="RemoveBulletTick0" eventType="RemoveBulletTick" guid="59f06711-2692-4626-a388-7f63d8cf4415" enabled="true" useRefParam="false" refParamName="" r="0.000" g="0.000" b="0.000" execOnForceStopped="false" execOnActionCompleted="false">
      <Event eventName="RemoveBulletTick" time="0.000" isDuration="false" guid="3ea191a7-539d-4eb5-9b82-cde20ca59814">
        <TemplateObject name="targetId" objectName="self" id="0" isTemp="false" refParamName="" useRefParam="false" />
        <int name="bulletTypeId" value="5991" refParamName="" useRefParam="false" />
      </Event>
    </Track>
    <Track trackName="HitTriggerTick0" eventType="HitTriggerTick" guid="240413a0-4308-4a64-823b-e73597228b1e" enabled="true" useRefParam="false" refParamName="" r="0.000" g="0.000" b="0.000" execOnForceStopped="false" execOnActionCompleted="false">
      <Event eventName="HitTriggerTick" time="0.000" isDuration="false" guid="f840cf66-e89b-4e92-a601-02a6078eab3d">
        <TemplateObject name="targetId" objectName="self" id="0" isTemp="false" refParamName="" useRefParam="false" />
        <int name="SelfSkillCombineID_1" value="599141" refParamName="" useRefParam="false" />
        <int name="SelfSkillCombineID_2" value="599151" refParamName="" useRefParam="false" />
        <int name="SelfSkillCombineID_3" value="599161" refParamName="" useRefParam="false" />
      </Event>
    </Track>
    <Track trackName="RemoveBuffTick0" eventType="RemoveBuffTick" guid="381ca2a3-9b39-46bc-8534-dac61f37909d" enabled="true" useRefParam="false" refParamName="" r="0.000" g="0.000" b="0.000" execOnForceStopped="false" execOnActionCompleted="false">
      <Event eventName="RemoveBuffTick" time="0.000" isDuration="false" guid="80f39455-9e7c-4e0e-a275-adb92aa142a4">
        <TemplateObject name="targetId" objectName="self" id="0" isTemp="false" refParamName="" useRefParam="false" />
        <int name="buffId" value="599142" refParamName="" useRefParam="false" />
        <int name="BuffLayer" value="1" refParamName="" useRefParam="false" />
      </Event>
    </Track>
    <Track trackName="RemoveBuffTick0" eventType="RemoveBuffTick" guid="a19dfae0-c82a-4164-ac55-5de0433706e5" enabled="true" useRefParam="false" refParamName="" r="0.000" g="0.000" b="0.000" execOnForceStopped="false" execOnActionCompleted="false">
      <Event eventName="RemoveBuffTick" time="0.000" isDuration="false" guid="1549a1d0-1ebb-4c25-9a53-97bbd006d80d">
        <TemplateObject name="targetId" objectName="self" id="0" isTemp="false" refParamName="" useRefParam="false" />
        <int name="buffId" value="599143" refParamName="" useRefParam="false" />
        <int name="BuffLayer" value="1" refParamName="" useRefParam="false" />
      </Event>
    </Track>
    <Track trackName="SetAttackDirDuration0" eventType="SetAttackDirDuration" guid="734b9c33-4435-46d5-a510-21e7f7f1cca7" enabled="true" useRefParam="false" refParamName="" r="0.000" g="0.000" b="0.000" execOnForceStopped="false" execOnActionCompleted="false">
      <Event eventName="SetAttackDirDuration" time="0.000" length="0.050" isDuration="true" guid="2413121b-286e-4e6f-bb06-3cfb7e0f3adb">
        <TemplateObject name="attackerId" objectName="self" id="0" isTemp="false" refParamName="" useRefParam="false" />
      </Event>
    </Track>
    <Track trackName="RemoveBuffTick0" eventType="RemoveBuffTick" guid="6ac5b6a0-4b84-4388-9e50-75c023ae3a0d" enabled="true" useRefParam="false" refParamName="" r="0.000" g="0.000" b="0.000" execOnForceStopped="false" execOnActionCompleted="false" SkinAvatarFilterType="9">
      <Event eventName="RemoveBuffTick" time="0.000" isDuration="false" guid="20903ee1-970d-4911-84bb-b62d26151d80">
        <TemplateObject name="targetId" objectName="self" id="0" isTemp="false" refParamName="" useRefParam="false" />
        <int name="buffId" value="599899" refParamName="" useRefParam="false" />
        <int name="BuffLayer" value="2" refParamName="" useRefParam="false" />
        <bool name="bImmeStop" value="true" refParamName="" useRefParam="false" />
      </Event>
      <SkinOrAvatarList id="59901" />
    </Track>
    <Track trackName="HitTriggerTick0" eventType="HitTriggerTick" guid="12d7aef8-3082-4aba-b52d-9af5c9a9053e" enabled="true" useRefParam="false" refParamName="" r="0.000" g="0.000" b="0.000" execOnForceStopped="false" execOnActionCompleted="false" SkinAvatarFilterType="9">
      <Event eventName="HitTriggerTick" time="0.000" isDuration="false" guid="7f92ba5f-1384-448c-8800-ea88dbbd8213">
        <TemplateObject name="targetId" objectName="self" id="0" isTemp="false" refParamName="" useRefParam="false" />
        <TemplateObject name="hitTargetId" objectName="self" id="0" isTemp="false" refParamName="" useRefParam="false" />
        <int name="TargetSkillCombine_1" value="599898" refParamName="" useRefParam="false" />
      </Event>
      <SkinOrAvatarList id="59901" />
    </Track>
    <Track trackName="命中检查" eventType="SpawnObjectDuration" guid="78615394-1765-40c5-b480-846eddecf8b1" enabled="true" useRefParam="false" refParamName="" r="0.000" g="0.000" b="0.000" execOnForceStopped="false" execOnActionCompleted="false" SkinAvatarFilterType="9">
      <Event eventName="SpawnObjectDuration" time="0.000" length="0.100" isDuration="true" guid="5dd129dd-653b-4fe2-9a56-f0f286bcbb56">
        <TemplateObject name="targetId" objectName="hitcheckbullet" id="7" isTemp="true" refParamName="" useRefParam="false" />
        <TemplateObject name="objectSpaceId" objectName="self" id="0" isTemp="false" refParamName="" useRefParam="false" />
        <bool name="bMoveCollision" value="true" refParamName="" useRefParam="false" />
        <Vector3i name="translation" x="0" y="0" z="5000" refParamName="" useRefParam="false" />
        <bool name="bUseIndicatorDir" value="true" refParamName="" useRefParam="false" />
        <Vector3i name="direction" x="0" y="0" z="0" refParamName="targetdir" useRefParam="true" />
      </Event>
      <SkinOrAvatarList id="59901" />
    </Track>
    <Track trackName="命中检查" eventType="SetCollisionTick" guid="eb3dd322-d92f-453b-98bb-e3d26f3765e1" enabled="true" useRefParam="false" refParamName="" r="0.000" g="0.000" b="0.000" execOnForceStopped="false" execOnActionCompleted="false" SkinAvatarFilterType="9">
      <Event eventName="SetCollisionTick" time="0.000" isDuration="false" guid="41d2043a-572f-4313-a679-5aea9d6c0274">
        <TemplateObject name="targetId" objectName="hitcheckbullet" id="7" isTemp="true" refParamName="" useRefParam="false" />
        <Vector3i name="Size" x="3000" y="10000" z="10000" refParamName="" useRefParam="false" />
        <int name="Radius" value="2500" refParamName="" useRefParam="false" />
      </Event>
      <SkinOrAvatarList id="59901" />
    </Track>
    <Track trackName="命中检查" eventType="HitTriggerDuration" guid="542de572-8bc1-400b-bb43-09f9320feb77" enabled="true" useRefParam="false" refParamName="" r="0.000" g="0.000" b="0.000" execOnForceStopped="false" execOnActionCompleted="false" SkinAvatarFilterType="9">
      <Event eventName="HitTriggerDuration" time="0.000" length="0.100" isDuration="true" guid="21df2f71-0c3e-4277-9400-6511cb367a5c">
        <TemplateObject name="triggerId" objectName="hitcheckbullet" id="7" isTemp="true" refParamName="" useRefParam="false" />
        <TemplateObject name="attackerId" objectName="self" id="0" isTemp="false" refParamName="" useRefParam="false" />
        <int name="triggerInterval" value="100" refParamName="" useRefParam="false" />
        <int name="TriggerActorInterval" value="100" refParamName="" useRefParam="false" />
        <bool name="bFileterOrgan" value="true" refParamName="" useRefParam="false" />
        <int name="TriggerActorCount" value="32" refParamName="" useRefParam="false" />
        <int name="CollideMaxCount" value="1" refParamName="" useRefParam="false" />
        <int name="SelfSkillCombineID_1" value="599899" refParamName="" useRefParam="false" />
      </Event>
      <SkinOrAvatarList id="59901" />
    </Track>
    <Track trackName="击退终点" eventType="SpawnBulletTick" guid="fcc670d2-3846-451e-94f9-dd25900ffcaf" enabled="true" useRefParam="false" refParamName="" r="0.000" g="0.000" b="0.000" execOnForceStopped="false" execOnActionCompleted="false">
      <Event eventName="SpawnBulletTick" time="0.000" isDuration="false" guid="705f7d6b-73e4-4113-a089-6174dfc6fa3e">
        <TemplateObject name="targetId" objectName="self" id="0" isTemp="false" refParamName="" useRefParam="false" />
        <String name="ActionName" value="prefab_characters/prefab_hero/599_lvmeng/skill/u1b100" refParamName="" useRefParam="false" />
        <int name="bulletTypeId" value="5993100" refParamName="" useRefParam="false" />
        <int name="bulletUpperLimit" value="1" refParamName="" useRefParam="false" />
      </Event>
    </Track>
    <Track trackName="鲨鱼特效" eventType="SpawnBulletTick" guid="8c47a351-e86b-4068-a6c2-2e9a9d315ddc" enabled="true" useRefParam="false" refParamName="" r="0.000" g="0.000" b="0.000" execOnForceStopped="false" execOnActionCompleted="false">
      <Event eventName="SpawnBulletTick" time="0.000" isDuration="false" guid="e6f7fa41-91fa-43db-b4e8-1a0aedbdc321">
        <TemplateObject name="targetId" objectName="self" id="0" isTemp="false" refParamName="" useRefParam="false" />
        <String name="ActionName" value="prefab_characters/prefab_hero/599_lvmeng/skill/u11b1" refParamName="" useRefParam="false" />
        <bool name="bDeadRemove" value="true" refParamName="" useRefParam="false" />
        <int name="bulletUpperLimit" value="1" refParamName="" useRefParam="false" />
        <bool name="bRemoveWhenRepressed" value="true" refParamName="" useRefParam="false" />
      </Event>
    </Track>
    <Track trackName="ForbidAbilityDuration0" eventType="ForbidAbilityDuration" guid="6a8f3e95-12d8-4a56-b929-8b1101ccac08" enabled="true" useRefParam="false" refParamName="" r="0.000" g="0.000" b="0.000" execOnForceStopped="false" execOnActionCompleted="false">
      <Event eventName="ForbidAbilityDuration" time="0.000" length="0.500" isDuration="true" guid="efb13bd5-4ab3-438b-b81a-d5930a325472">
        <TemplateObject name="attackerId" objectName="self" id="0" isTemp="false" refParamName="" useRefParam="false" />
        <bool name="forbidMove" value="true" refParamName="" useRefParam="false" />
        <bool name="abortFilterSkill1" value="true" refParamName="" useRefParam="false" />
        <bool name="abortFilterSkill2" value="true" refParamName="" useRefParam="false" />
        <bool name="abortFilterSkill3" value="true" refParamName="" useRefParam="false" />
      </Event>
    </Track>
    <Track trackName="SkillInputCacheDuration0" eventType="SkillInputCacheDuration" guid="56cffef7-fedd-4eb6-b359-15d06c517c45" enabled="true" useRefParam="false" refParamName="" r="0.000" g="0.000" b="0.000" execOnForceStopped="false" execOnActionCompleted="false">
      <Event eventName="SkillInputCacheDuration" time="0.000" length="0.500" isDuration="true" guid="7fb6b5b8-c3e8-4400-b834-ef3d5ae48377">
        <TemplateObject name="targetId" objectName="self" id="0" isTemp="false" refParamName="" useRefParam="false" />
        <bool name="cacheSkill" value="true" refParamName="" useRefParam="false" />
      </Event>
    </Track>
    <Track trackName="SkillInputCacheDuration0" eventType="SkillInputCacheDuration" guid="fa3cc4d1-1698-4332-8ff4-fce6c5876722" enabled="true" useRefParam="false" refParamName="" r="0.000" g="0.000" b="0.000" execOnForceStopped="false" execOnActionCompleted="false">
      <Event eventName="SkillInputCacheDuration" time="0.400" length="0.100" isDuration="true" guid="f11e36b4-84c2-40c5-b9ba-c044716f1afd">
        <TemplateObject name="targetId" objectName="self" id="0" isTemp="false" refParamName="" useRefParam="false" />
        <bool name="cacheMove" value="true" refParamName="" useRefParam="false" />
      </Event>
    </Track>
    <Track trackName="SkillUseCacheTick0" eventType="SkillUseCacheTick" guid="166dd66d-9ebb-40d5-a6ee-930ea44e70f3" enabled="true" useRefParam="false" refParamName="" r="0.000" g="0.000" b="0.000" execOnForceStopped="false" execOnActionCompleted="false">
      <Event eventName="SkillUseCacheTick" time="0.500" isDuration="false" guid="14d1b956-f5ca-4853-a287-e29f8b4157ba">
        <TemplateObject name="targetId" objectName="self" id="0" isTemp="false" refParamName="" useRefParam="false" />
        <bool name="excuteMoveCmd" value="true" refParamName="" useRefParam="false" />
      </Event>
    </Track>
    <Track trackName="SetAnimationParamsDuration0" eventType="SetAnimationParamsDuration" guid="543a7eca-df3c-4d50-b4f9-54a407bdfbc6" enabled="false" useRefParam="false" refParamName="" r="0.000" g="0.000" b="0.000" execOnForceStopped="false" execOnActionCompleted="false">
      <Event eventName="SetAnimationParamsDuration" time="0.000" length="0.066" isDuration="true" guid="5a28e7b1-0bcc-46ce-bef7-9c30c8a06c63">
        <TemplateObject name="targetId" objectName="self" id="0" isTemp="false" refParamName="" useRefParam="false" />
        <Array name="boolNames" refParamName="" useRefParam="false" type="String">
          <String value="Spell3_Start" />
        </Array>
        <Array name="boolValues" refParamName="" useRefParam="false" type="bool">
          <bool value="true" />
        </Array>
      </Event>
    </Track>
    <Track trackName="PlayAnimDuration0" eventType="PlayAnimDuration" guid="79cedba0-61fc-48df-b04c-abde34edd285" enabled="true" useRefParam="false" refParamName="" r="0.000" g="0.000" b="0.000" execOnForceStopped="false" execOnActionCompleted="false">
      <Event eventName="PlayAnimDuration" time="0.000" length="1.200" isDuration="true" guid="e64437d3-fee2-49d5-a6f3-41ff162fe115">
        <TemplateObject name="targetId" objectName="self" id="0" isTemp="false" refParamName="" useRefParam="false" />
        <int name="frameRate" value="120" refParamName="" useRefParam="false" />
        <bool name="bUseTargetSkinEffect" value="true" refParamName="" useRefParam="false"/>
        <String name="clipName" value="Spell3_2" refParamName="" useRefParam="false" />
        <int name="layer" value="4" refParamName="" useRefParam="false" />
      </Event>
    </Track>
    <Track trackName="PlayAnimDuration0" eventType="PlayAnimDuration" guid="35a99d4b-e4d3-4b8c-95fc-4803a04235f8" enabled="true" useRefParam="false" refParamName="" r="0.000" g="0.000" b="0.000" execOnForceStopped="false" execOnActionCompleted="false">
      <Event eventName="PlayAnimDuration" time="0.100" length="1.200" isDuration="true" guid="cb3f6097-c987-4e45-9221-9f81db3d4237">
        <TemplateObject name="targetId" objectName="self" id="0" isTemp="false" refParamName="" useRefParam="false" />
        <int name="frameRate" value="120" refParamName="" useRefParam="false" />
        <bool name="bUseTargetSkinEffect" value="true" refParamName="" useRefParam="false"/>
        <String name="clipName" value="Spell3_2_Out" refParamName="" useRefParam="false" />
        <int name="layer" value="4" refParamName="" useRefParam="false" />
      </Event>
    </Track>
    <Track trackName="MoveActorDuration0" eventType="MoveActorDuration" guid="ef50b1d6-1712-49ed-937b-24d79a373178" enabled="true" useRefParam="false" refParamName="" r="0.000" g="0.000" b="0.000" execOnForceStopped="false" execOnActionCompleted="false">
      <Event eventName="MoveActorDuration" time="0.000" length="0.300" isDuration="true" guid="a81db990-42c7-46f4-9589-f34c4de44675">
        <Enum name="moveType" value="2" EnumValue="指定朝向" refParamName="" useRefParam="false" />
        <TemplateObject name="actorId" objectName="self" id="0" isTemp="false" refParamName="" useRefParam="false" />
        <bool name="bUseSkillDir" value="true" refParamName="" useRefParam="false" />
        <int name="moveDistance" value="6000" refParamName="" useRefParam="false" />
        <int name="minMoveDistance" value="6000" refParamName="" useRefParam="false" />
        <int name="moveSpeed" value="25000" refParamName="" useRefParam="false" />
        <bool name="IgnoreCollision" value="true" refParamName="" useRefParam="false" />
        <bool name="bContinuousFowDetection" value="true" refParamName="" useRefParam="false" />
      </Event>
    </Track>
    <Track trackName="CameraShakeDuration0" eventType="CameraShakeDuration" guid="7c61fd8a-55fc-41f7-ba9b-a3f341754b85" enabled="true" useRefParam="false" refParamName="" r="0.000" g="0.000" b="0.000" execOnForceStopped="false" execOnActionCompleted="false">
      <Event eventName="CameraShakeDuration" time="0.000" length="0.250" isDuration="true" guid="0c15a7c4-d063-4346-9378-97fef62821f7">
        <bool name="useMainCamera" value="true" refParamName="" useRefParam="false" />
        <bool name="filter_self" value="true" refParamName="" useRefParam="false" />
        <bool name="filter_target" value="true" refParamName="" useRefParam="false" />
        <Vector3 name="shakeRange" x="0.100" y="0.100" z="0.100" refParamName="" useRefParam="false" />
      </Event>
    </Track>
    <Track trackName="CameraShakeDuration0" eventType="CameraShakeDuration" guid="bd062d31-2d68-4aac-9f34-ad62a648a845" enabled="true" useRefParam="false" refParamName="" r="0.000" g="0.000" b="0.000" execOnForceStopped="false" execOnActionCompleted="false">
      <Event eventName="CameraShakeDuration" time="0.254" length="0.200" isDuration="true" guid="92f851e1-d1b5-47a9-b9f3-712ecd64b00f">
        <bool name="useMainCamera" value="true" refParamName="" useRefParam="false" />
        <bool name="filter_self" value="true" refParamName="" useRefParam="false" />
        <bool name="filter_target" value="true" refParamName="" useRefParam="false" />
        <Vector3 name="shakeRange" x="0.100" y="0.100" z="0.100" refParamName="" useRefParam="false" />
      </Event>
    </Track>
    <Track trackName="新霸体配置" eventType="HitTriggerTick" guid="51150bd7-ff3a-4dfb-8be6-2c0cf16f91fc" enabled="true" useRefParam="false" refParamName="" r="0.000" g="0.000" b="0.000" execOnForceStopped="false" execOnActionCompleted="false">
      <Event eventName="HitTriggerTick" time="0.000" isDuration="false" guid="5889b631-3172-4335-acb1-b147f087e626">
        <TemplateObject name="targetId" objectName="self" id="0" isTemp="false" refParamName="" useRefParam="false" />
        <int name="SelfSkillCombineID_1" value="11111" refParamName="" useRefParam="false" />
      </Event>
    </Track>
    <Track trackName="新霸体配置" eventType="RemoveBuffTick" guid="7eaf6fc8-ae9f-4387-ad83-d985f4b510e4" enabled="true" useRefParam="false" refParamName="" r="0.000" g="0.000" b="0.000" execOnForceStopped="false" execOnActionCompleted="false">
      <Event eventName="RemoveBuffTick" time="0.300" isDuration="false" guid="05e346af-67aa-40de-a30d-4124e309c8a8">
        <TemplateObject name="targetId" objectName="self" id="0" isTemp="false" refParamName="" useRefParam="false" />
        <int name="buffId" value="11111" refParamName="" useRefParam="false" />
        <int name="BuffLayer" value="1" refParamName="" useRefParam="false" />
      </Event>
    </Track>
    <Track trackName="新霸体配置" eventType="RemoveBuffTick" guid="539109c3-2c24-427a-943c-912199a1ca47" enabled="false" useRefParam="false" refParamName="" r="0.000" g="0.000" b="0.000" execOnForceStopped="true" execOnActionCompleted="true">
      <Event eventName="RemoveBuffTick" time="0.000" isDuration="false" guid="3d8687e1-9394-466d-b076-ae19c348f008">
        <TemplateObject name="targetId" objectName="self" id="0" isTemp="false" refParamName="" useRefParam="false" />
        <int name="buffId" value="11111" refParamName="" useRefParam="false" />
        <int name="BuffLayer" value="1" refParamName="" useRefParam="false" />
      </Event>
    </Track>
    <Track trackName="加霸体" eventType="HitTriggerTick" guid="34ef75eb-f6ad-4692-9cc4-8eac8d691f98" enabled="false" useRefParam="false" refParamName="" r="0.000" g="0.000" b="0.000" execOnForceStopped="false" execOnActionCompleted="false">
      <Event eventName="HitTriggerTick" time="0.000" isDuration="false" guid="d22456a1-e439-4c9b-b4cf-6e41a24fc3a7">
        <TemplateObject name="targetId" objectName="self" id="0" isTemp="false" refParamName="" useRefParam="false" />
        <int name="SelfSkillCombineID_1" value="599303" refParamName="" useRefParam="false" />
      </Event>
    </Track>
    <Track trackName="移除霸体" eventType="HitTriggerTick" guid="547d6b49-609b-4c45-971d-33ee82f87e6e" enabled="false" useRefParam="false" refParamName="" r="0.000" g="0.000" b="0.000" execOnForceStopped="false" execOnActionCompleted="false">
      <Condition id="-1" guid="" status="true" />
      <Event eventName="HitTriggerTick" time="0.000" isDuration="false" guid="b15a2c1e-2412-47f4-9ee7-7ebbd6825d28">
        <TemplateObject name="targetId" objectName="self" id="0" isTemp="false" refParamName="" useRefParam="false" />
        <int name="SelfSkillCombineID_1" value="599304" refParamName="" useRefParam="false" />
      </Event>
    </Track>
    <Track trackName="TriggerParticle0" eventType="TriggerParticle" guid="7ddbabf9-d19f-4968-836b-8d3d1f7fae00" enabled="false" useRefParam="false" refParamName="" r="0.000" g="0.000" b="0.000" execOnForceStopped="false" execOnActionCompleted="false">
      <Event eventName="TriggerParticle" time="0.000" length="1.000" isDuration="true" guid="c34b746e-01b8-46b7-bf88-f3a4112f7bbb">
        <TemplateObject name="targetId" objectName="self" id="0" isTemp="false" refParamName="" useRefParam="false" />
        <TemplateObject name="objectSpaceId" objectName="self" id="0" isTemp="false" refParamName="" useRefParam="false" />
        <int name="frameRate" value="120" refParamName="" useRefParam="false" />
        <bool name="bUseTargetSkinEffect" value="true" refParamName="" useRefParam="false"/>
        <String name="resourceName" value="prefab_skill_effects/hero_skill_effects/599_lvmeng/59901/LvMeng_attack_spell03F" refParamName="" useRefParam="false" />
        <String name="bindPointName" value="0" refParamName="" useRefParam="false" />
        <Vector3 name="bindPosOffset" x="0.000" y="0.000" z="-4.000" refParamName="" useRefParam="false" />
        <bool name="applyActionSpeedToParticle" value="false" refParamName="" useRefParam="false" />
        <int name="iDelayDisappearTime" value="1000" refParamName="" useRefParam="false" />
      </Event>
    </Track>
    <Track trackName="SkillCDTriggerTick0" eventType="SkillCDTriggerTick" guid="a8e9f111-7372-464d-8ec1-8556a84a9f98" enabled="true" useRefParam="false" refParamName="" r="0.000" g="0.000" b="0.000" execOnForceStopped="false" execOnActionCompleted="false">
      <Event eventName="SkillCDTriggerTick" time="0.000" isDuration="false" guid="4e0e5ce8-ca99-402b-bc74-706acb77734e">
        <TemplateObject name="targetId" objectName="self" id="0" isTemp="false" refParamName="" useRefParam="false" />
      </Event>
    </Track>
    <Track trackName="SkillCDTriggerTick0" eventType="SkillCDTriggerTick" guid="feed1e35-b92d-4ed9-8633-a93b7abc8cb0" enabled="true" useRefParam="false" refParamName="" r="0.000" g="0.000" b="0.000" execOnForceStopped="false" execOnActionCompleted="false">
      <Event eventName="SkillCDTriggerTick" time="0.000" isDuration="false" guid="4166bef9-ff9f-4059-8e1b-fce9839289c0">
        <TemplateObject name="targetId" objectName="self" id="0" isTemp="false" refParamName="" useRefParam="false" />
        <bool name="useSlotType" value="true" refParamName="" useRefParam="false" />
        <Enum name="slotType" value="1" EnumValue="技能1" refParamName="" useRefParam="false" />
        <int name="triggerRatio" value="5000" refParamName="" useRefParam="false" />
      </Event>
    </Track>
    <Track trackName="PlayHeroSoundTick0" eventType="PlayHeroSoundTick" guid="0eee4ffd-53db-4518-b45c-4c34bc968118" enabled="true" useRefParam="false" refParamName="" r="0.000" g="0.000" b="0.000" execOnForceStopped="false" execOnActionCompleted="false" SkinAvatarFilterType="11">
      <Event eventName="PlayHeroSoundTick" time="0.000" isDuration="false" guid="28e8e8f0-3942-45b9-a0a8-10c03a33941f">
        <TemplateObject name="targetId" objectName="self" id="0" isTemp="false" refParamName="" useRefParam="false" />
        <String name="eventName" value="Play_Billow_Skill_C_2_Skin1" refParamName="" useRefParam="false" />
      </Event>
      <SkinOrAvatarList id="59901" />
    </Track>
    <Track trackName="新霸体配置" eventType="RemoveBuffTick" guid="fbad7efa-a678-435c-a137-e68b4101d04b" enabled="true" useRefParam="false" refParamName="" r="0.000" g="0.000" b="0.000" execOnForceStopped="true" execOnActionCompleted="false">
      <Event eventName="RemoveBuffTick" time="0.000" isDuration="false" guid="c9068278-2cf8-4e35-a794-448f1dcf7922">
        <TemplateObject name="targetId" objectName="self" id="0" isTemp="false" refParamName="" useRefParam="false" />
        <int name="buffId" value="11111" refParamName="" useRefParam="false" />
        <int name="BuffLayer" value="1" refParamName="" useRefParam="false" />
      </Event>
    </Track>
    <Track trackName="PlayHeroSoundTick0" eventType="PlayHeroSoundTick" guid="b8d25e48-902a-4858-8d77-fa704a7a3aaf" enabled="true" useRefParam="false" refParamName="" r="0.000" g="0.000" b="0.000" execOnForceStopped="false" execOnActionCompleted="false" SkinAvatarFilterType="9">
      <Event eventName="PlayHeroSoundTick" time="0.000" isDuration="false" guid="b4bc2954-0c7c-41e8-a525-9fcbd3bb4c5c">
        <TemplateObject name="targetId" objectName="self" id="0" isTemp="false" refParamName="" useRefParam="false" />
        <String name="eventName" value="Play_Billow_S_Skill_C_Skin1" refParamName="" useRefParam="false" />
      </Event>
      <SkinOrAvatarList id="59901" />
    </Track>
    <Track trackName="PlayHeroSoundTick0" eventType="PlayHeroSoundTick" guid="31a76431-92cd-4971-8258-c78b64c53cf3" enabled="true" useRefParam="false" refParamName="" r="0.000" g="0.000" b="0.000" execOnForceStopped="false" execOnActionCompleted="false" SkinAvatarFilterType="9">
      <Event eventName="PlayHeroSoundTick" time="0.000" isDuration="false" guid="d2104ed1-85bf-4579-bdc3-163a28dbdd13">
        <TemplateObject name="targetId" objectName="self" id="0" isTemp="false" refParamName="" useRefParam="false" />
        <String name="eventName" value="Play_Billow_VO_Skill_C_1_Skin1" refParamName="" useRefParam="false" />
      </Event>
      <SkinOrAvatarList id="59901" />
    </Track>
  </Action>
</Project>