﻿<?xml version="1.0" encoding="utf-8"?>
<Project>
  <TemplateObjectList>
    <TemplateObject objectName="self" id="0" isTemp="false" />
    <TemplateObject objectName="bullet" id="1" isTemp="true" />
    <TemplateObject objectName="target" id="2" isTemp="false" />
    <TemplateObject objectName="killbullet" id="3" isTemp="true" />
    <TemplateObject objectName="nokillbullet" id="4" isTemp="true" />
    <TemplateObject objectName="self_pokemonchen" id="5" isTemp="false" />
    <TemplateObject objectName="Findbullet" id="6" isTemp="true" />
    <TemplateObject objectName="monster" id="7" isTemp="false" />
    <TemplateObject objectName="release" id="8" isTemp="false" />
    <TemplateObject objectName="hitcheckbullet" id="9" isTemp="true" />
  </TemplateObjectList>
  <RefParamList>
    <String name="BulletPrefab" value="" refParamName="" useRefParam="false" />
    <Vector3i name="_TargetPos" x="0" y="0" z="0" refParamName="" useRefParam="false" />
    <Vector3i name="_BulletDir" x="0" y="0" z="0" refParamName="" useRefParam="false" />
    <Vector3i name="_BulletMovingDir" x="0" y="0" z="0" refParamName="" useRefParam="false" />
    <Vector3i name="targetdir" x="0" y="0" z="0" refParamName="" useRefParam="false" />
  </RefParamList>
  <Action tag="" length="8.400" loop="false">
    <Track trackName="1" eventType="ForbidAbilityDuration" guid="fd4aba95-f9bf-4d27-af9d-30c78ba49955" enabled="true" useRefParam="false" refParamName="" r="0.000" g="0.000" b="0.000" execOnForceStopped="false" execOnActionCompleted="false" nameSpace="">
      <Event eventName="ForbidAbilityDuration" time="0.000" length="0.900" isDuration="true" guid="669ff73c-a4a4-4ac4-ba5a-3d3cc8c545d5">
        <TemplateObject name="attackerId" objectName="self" id="0" isTemp="false" refParamName="" useRefParam="false" />
        <bool name="forbidSkill" value="true" refParamName="" useRefParam="false" />
        <bool name="forbidFilterSkill1" value="true" refParamName="" useRefParam="false" />
        <bool name="forbidFilterSkill2" value="true" refParamName="" useRefParam="false" />
        <bool name="forbidFilterSkill3" value="true" refParamName="" useRefParam="false" />
        <bool name="forbidFilterSkill4" value="true" refParamName="" useRefParam="false" />
        <bool name="forbidFilterSkill5" value="true" refParamName="" useRefParam="false" />
        <bool name="forbidFilterSkill6" value="true" refParamName="" useRefParam="false" />
        <bool name="forbidFilterSkill7" value="true" refParamName="" useRefParam="false" />
        <bool name="forbidFilterSkill8" value="true" refParamName="" useRefParam="false" />
        <bool name="forbidFilterSkill9" value="true" refParamName="" useRefParam="false" />
        <bool name="forbidFilterSkill10" value="true" refParamName="" useRefParam="false" />
        <bool name="forbidFilterSkill11" value="true" refParamName="" useRefParam="false" />
        <bool name="forbidFilterSkill12" value="true" refParamName="" useRefParam="false" />
        <bool name="forbidFilterSummonerSkill" value="true" refParamName="" useRefParam="false" />
        <bool name="forbidFilterMapSkill" value="true" refParamName="" useRefParam="false" />
        <bool name="forbidFilterEquipActiveSkill" value="true" refParamName="" useRefParam="false" />
        <bool name="forbidFilterCallBoss" value="true" refParamName="" useRefParam="false" />
        <bool name="forbidFilterExtraBtnSlot1" value="true" refParamName="" useRefParam="false" />
        <bool name="delaySkillAbort" value="true" refParamName="" useRefParam="false" />
      </Event>
    </Track>
    <Track trackName="SkillInputCacheDuration0" eventType="SkillInputCacheDuration" guid="8cf8d115-4ec2-40ed-9d75-2c64c4454e9b" enabled="true" useRefParam="false" refParamName="" r="0.000" g="0.000" b="0.000" execOnForceStopped="false" execOnActionCompleted="false">
      <Event eventName="SkillInputCacheDuration" time="0.000" length="0.900" isDuration="true" guid="2797762d-ec73-49c4-b598-9c9cf3966217">
        <TemplateObject name="targetId" objectName="self" id="0" isTemp="false" refParamName="" useRefParam="false" />
        <bool name="cacheSkill" value="true" refParamName="" useRefParam="false" />
      </Event>
    </Track>
    <Track trackName="SkillInputCacheDuration0" eventType="SkillInputCacheDuration" guid="f85f6424-a14e-4228-8fa1-b1deca4ae3c9" enabled="true" useRefParam="false" refParamName="" r="0.000" g="0.000" b="0.000" execOnForceStopped="false" execOnActionCompleted="false">
      <Event eventName="SkillInputCacheDuration" time="0.800" length="0.100" isDuration="true" guid="ae67b6c4-55ac-425c-9304-3670b6455d8a">
        <TemplateObject name="targetId" objectName="self" id="0" isTemp="false" refParamName="" useRefParam="false" />
        <bool name="cacheMove" value="true" refParamName="" useRefParam="false" />
      </Event>
    </Track>
    <Track trackName="SkillUseCacheTick0" eventType="SkillUseCacheTick" guid="f071a2ae-b114-4189-b151-20d3ff3b10cc" enabled="true" useRefParam="false" refParamName="" r="0.000" g="0.000" b="0.000" execOnForceStopped="false" execOnActionCompleted="false">
      <Event eventName="SkillUseCacheTick" time="0.900" isDuration="false" guid="63217daa-5c1b-48f2-8a11-b0753f096ade">
        <TemplateObject name="targetId" objectName="self" id="0" isTemp="false" refParamName="" useRefParam="false" />
        <bool name="excuteMoveCmd" value="true" refParamName="" useRefParam="false" />
      </Event>
    </Track>
    <Track trackName="FilterTargetType0" eventType="FilterTargetType" guid="7299bca9-2c17-410d-8897-1382356232b4" enabled="true" useRefParam="false" refParamName="" r="0.000" g="0.000" b="0.000" execOnForceStopped="false" execOnActionCompleted="false" nameSpace="">
      <Event eventName="FilterTargetType" time="0.000" isDuration="false" guid="29bd0e73-7424-4f03-834c-547f470658e5">
        <TemplateObject name="targetId" objectName="self" id="0" isTemp="false" refParamName="" useRefParam="false" />
        <bool name="bFilterBufferLayers" value="true" refParamName="" useRefParam="false" />
        <int name="buffId" value="599250" refParamName="" useRefParam="false" />
        <Enum name="operatorType" value="4" EnumValue="大于" refParamName="" useRefParam="false" />
      </Event>
    </Track>
    <Track trackName="2" eventType="ForbidAbilityDuration" guid="5dcb58a9-329e-4015-b01e-828859cc032f" enabled="true" useRefParam="false" refParamName="" r="0.000" g="0.000" b="0.000" execOnForceStopped="false" execOnActionCompleted="false" nameSpace="">
      <Condition id="4" guid="7299bca9-2c17-410d-8897-1382356232b4" status="true" />
      <Event eventName="ForbidAbilityDuration" time="0.000" length="0.900" isDuration="true" guid="33832c1a-59f6-4398-adfe-a7bd34355a20">
        <TemplateObject name="attackerId" objectName="self" id="0" isTemp="false" refParamName="" useRefParam="false" />
        <bool name="forbidSkill" value="true" refParamName="" useRefParam="false" />
        <bool name="forbidFilterSkill1" value="true" refParamName="" useRefParam="false" />
        <bool name="forbidFilterSkill3" value="true" refParamName="" useRefParam="false" />
        <bool name="forbidFilterSkill4" value="true" refParamName="" useRefParam="false" />
        <bool name="forbidFilterSkill5" value="true" refParamName="" useRefParam="false" />
        <bool name="forbidFilterSkill6" value="true" refParamName="" useRefParam="false" />
        <bool name="forbidFilterSkill7" value="true" refParamName="" useRefParam="false" />
        <bool name="forbidFilterSkill8" value="true" refParamName="" useRefParam="false" />
        <bool name="forbidFilterSkill9" value="true" refParamName="" useRefParam="false" />
        <bool name="forbidFilterSkill10" value="true" refParamName="" useRefParam="false" />
        <bool name="forbidFilterSkill11" value="true" refParamName="" useRefParam="false" />
        <bool name="forbidFilterSkill12" value="true" refParamName="" useRefParam="false" />
        <bool name="forbidFilterSummonerSkill" value="true" refParamName="" useRefParam="false" />
        <bool name="forbidFilterEquipActiveSkill" value="true" refParamName="" useRefParam="false" />
        <bool name="forbidFilterCallBoss" value="true" refParamName="" useRefParam="false" />
        <bool name="forbidFilterExtraBtnSlot1" value="true" refParamName="" useRefParam="false" />
        <bool name="delaySkillAbort" value="true" refParamName="" useRefParam="false" />
      </Event>
    </Track>
    <Track trackName="第一段 子弹 碰撞" eventType="SpawnObjectDuration" guid="c890e4ed-8300-4e21-8d66-757283ec3cc0" enabled="true" useRefParam="false" refParamName="" r="0.000" g="0.000" b="0.000" execOnForceStopped="false" execOnActionCompleted="false" nameSpace="">
      <Event eventName="SpawnObjectDuration" time="0.000" length="8.400" isDuration="true" guid="1a931b24-2755-4ea0-8dca-6db52b9f4101">
        <TemplateObject name="targetId" objectName="bullet" id="1" isTemp="true" refParamName="" useRefParam="false" />
        <TemplateObject name="objectSpaceId" objectName="self" id="0" isTemp="false" refParamName="" useRefParam="false" />
        <bool name="modifyDirection" value="true" refParamName="" useRefParam="false" />
        <bool name="modifyScaling" value="true" refParamName="" useRefParam="false" />
        <bool name="bSameVisibleAsAttacker" value="true" refParamName="" useRefParam="false" />
        <TemplateObject name="visionActorId" objectName="self" id="0" isTemp="false" refParamName="" useRefParam="false" />
        <bool name="bRefreshVision" value="true" refParamName="" useRefParam="false" />
      </Event>
    </Track>
    <Track trackName="第一段 子弹 大小" eventType="SetCollisionTick" guid="244ad4bc-584d-4556-b7d4-1b372b743256" enabled="true" useRefParam="false" refParamName="" r="0.000" g="0.000" b="0.000" execOnForceStopped="false" execOnActionCompleted="false" nameSpace="">
      <Event eventName="SetCollisionTick" time="0.000" isDuration="false" guid="7f569799-7e28-4900-a5ab-b6bee4aca93c">
        <TemplateObject name="targetId" objectName="bullet" id="1" isTemp="true" refParamName="" useRefParam="false" />
        <Vector3i name="Pos" x="0" y="0" z="-500" refParamName="" useRefParam="false" />
        <Vector3i name="Size" x="2500" y="10000" z="2500" refParamName="" useRefParam="false" />
      </Event>
    </Track>
    <Track trackName="第一段 子弹 特效" eventType="TriggerParticle" guid="d1939f1f-84aa-46f2-9322-abcc2231ad1a" enabled="true" useRefParam="false" refParamName="" r="0.000" g="0.000" b="0.000" execOnForceStopped="false" execOnActionCompleted="false" nameSpace="">
      <Event eventName="TriggerParticle" time="0.000" length="0.400" isDuration="true" guid="e6ced300-1eef-4b3e-a51b-e23f36a612c0">
        <TemplateObject name="targetId" objectName="bullet" id="1" isTemp="true" refParamName="" useRefParam="false" />
        <int name="frameRate" value="120" refParamName="" useRefParam="false" />
        <bool name="bUseTargetSkinEffect" value="true" refParamName="" useRefParam="false"/>
        <String name="resourceName" value="prefab_skill_effects/hero_skill_effects/599_lvmeng/59901/lvmeng_attack_fly03" refParamName="" useRefParam="false" />
        <Vector3 name="bindPosOffset" x="0.000" y="1.000" z="0.000" refParamName="" useRefParam="false" />
        <bool name="applyActionSpeedToParticle" value="false" refParamName="" useRefParam="false" />
      </Event>
    </Track>
    <Track trackName="非59901" eventType="CheckSkinIdTick" guid="b9797072-59af-4b90-af8b-6b20f63955fe" enabled="true" useRefParam="false" refParamName="" r="0.000" g="0.000" b="0.000" execOnForceStopped="false" execOnActionCompleted="false">
      <Event eventName="CheckSkinIdTick" time="0.000" isDuration="false" guid="519b2dd8-99ff-4258-8776-752790bec0bb">
        <TemplateObject name="targetId" objectName="self" id="0" isTemp="false" refParamName="" useRefParam="false" />
                <int name="skinId" value="59901" refParamName="" useRefParam="false" />
      </Event>
    </Track>
    <Track trackName="59901" eventType="CheckSkinIdTick" guid="96a3bb93-d697-4f1e-9d3c-e2b15f037b87" enabled="true" useRefParam="false" refParamName="" r="0.000" g="0.000" b="0.000" execOnForceStopped="false" execOnActionCompleted="false">
      <Event eventName="CheckSkinIdTick" time="0.000" isDuration="false" guid="d99f2745-2a4e-4e81-95e3-1d4abe2fb0ca">
        <TemplateObject name="targetId" objectName="self" id="0" isTemp="false" refParamName="" useRefParam="false" />
        <int name="skinId" value="59901" refParamName="" useRefParam="false" />
        <bool name="bEqual" value="false" refParamName="" useRefParam="false" />
      </Event>
    </Track>
    <Track trackName="第一段 子弹 位移" eventType="MoveBulletDuration" guid="9e9691c1-8f2f-4f56-b2d7-4cf4ed4035d6" enabled="true" useRefParam="false" refParamName="" r="0.000" g="0.000" b="0.000" execOnForceStopped="false" execOnActionCompleted="false" nameSpace="">
      <Condition id="9" guid="b9797072-59af-4b90-af8b-6b20f63955fe" status="true" />
      <Event eventName="MoveBulletDuration" time="0.000" length="0.400" isDuration="true" guid="f53b0c4e-4364-42ad-b1e2-016d4bc55bda">
        <TemplateObject name="targetId" objectName="bullet" id="1" isTemp="true" refParamName="" useRefParam="false" />
        <Enum name="MoveType" value="2" EnumValue="指定朝向" refParamName="" useRefParam="false" />
        <int name="distance" value="6500" refParamName="" useRefParam="false" />
        <int name="velocity" value="18000" refParamName="" useRefParam="false" />
        <bool name="bMoveRotate" value="false" refParamName="" useRefParam="false" />
      </Event>
    </Track>
    <Track trackName="第一段 子弹 位移" eventType="MoveBulletDuration" guid="295ba20a-45f8-4aeb-87ea-99e37fd4ce2f" enabled="true" useRefParam="false" refParamName="" r="0.000" g="0.000" b="0.000" execOnForceStopped="false" execOnActionCompleted="false">
      <Condition id="10" guid="96a3bb93-d697-4f1e-9d3c-e2b15f037b87" status="true" />
      <Event eventName="MoveBulletDuration" time="0.000" length="0.400" isDuration="true" guid="334fc3c9-072c-4886-a6a9-b299f66e6b43">
        <TemplateObject name="targetId" objectName="bullet" id="1" isTemp="true" refParamName="" useRefParam="false" />
        <Enum name="MoveType" value="2" EnumValue="指定朝向" refParamName="" useRefParam="false" />
        <int name="distance" value="6500" refParamName="" useRefParam="false" />
        <int name="velocity" value="18000" refParamName="" useRefParam="false" />
      </Event>
    </Track>
    <Track trackName="HitTriggerDuration0" eventType="HitTriggerDuration" guid="a57154d4-08ed-42ea-8035-c87d3fa98843" enabled="true" useRefParam="false" refParamName="" r="0.000" g="0.000" b="0.000" execOnForceStopped="false" execOnActionCompleted="false" nameSpace="">
      <Event eventName="HitTriggerDuration" time="0.000" length="0.400" isDuration="true" guid="070a935c-5fce-4a35-847b-7ffa53c995a4">
        <TemplateObject name="triggerId" objectName="bullet" id="1" isTemp="true" refParamName="" useRefParam="false" />
        <TemplateObject name="attackerId" objectName="self" id="0" isTemp="false" refParamName="" useRefParam="false" />
        <int name="TriggerActorCount" value="32" refParamName="" useRefParam="false" />
        <int name="CollideMaxCount" value="1" refParamName="" useRefParam="false" />
        <int name="TargetSkillCombine_1" value="599308" refParamName="" useRefParam="false" />
      </Event>
    </Track>
    <Track trackName="FilterTargetType0" eventType="FilterTargetType" guid="aabe76e1-539c-4e59-807e-201df531db1f" enabled="true" useRefParam="false" refParamName="" r="0.000" g="0.000" b="0.000" execOnForceStopped="false" execOnActionCompleted="false">
      <Event eventName="FilterTargetType" time="0.000" isDuration="false" guid="c6d9e210-ab99-4dc4-8483-a46a5d32282f">
        <TemplateObject name="targetId" objectName="self" id="0" isTemp="false" refParamName="" useRefParam="false" />
        <bool name="bFilterDiffCamp" value="true" refParamName="" useRefParam="false" />
      </Event>
    </Track>
    <Track trackName="FilterTargetType0" eventType="FilterTargetType" guid="a0495b74-6dd0-4555-ad14-2e9b10fff829" enabled="true" useRefParam="false" refParamName="" r="0.000" g="0.000" b="0.000" execOnForceStopped="false" execOnActionCompleted="false">
      <Event eventName="FilterTargetType" time="0.000" isDuration="false" guid="271bd417-ba67-4176-8eff-7a5de5b1151e">
        <TemplateObject name="targetId" objectName="self" id="0" isTemp="false" refParamName="" useRefParam="false" />
        <bool name="bFilterSameCamp" value="true" refParamName="" useRefParam="false" />
      </Event>
    </Track>
    <Track trackName="匕首" eventType="TriggerParticle" guid="2ca6d086-6732-47f0-9f43-665df81f6955" enabled="true" useRefParam="false" refParamName="" r="0.000" g="0.000" b="0.000" execOnForceStopped="false" execOnActionCompleted="false" OrConditions="true" nameSpace="">
      <Condition id="11" guid="9e9691c1-8f2f-4f56-b2d7-4cf4ed4035d6" status="true" />
      <Condition id="12" guid="295ba20a-45f8-4aeb-87ea-99e37fd4ce2f" status="true" />
      <Event eventName="TriggerParticle" time="0.000" length="8.000" isDuration="true" guid="a4597791-3f19-4314-8b3f-49cd43b9ac57">
        <TemplateObject name="targetId" objectName="bullet" id="1" isTemp="true" refParamName="" useRefParam="false" />
        <int name="frameRate" value="120" refParamName="" useRefParam="false" />
        <bool name="bUseTargetSkinEffect" value="true" refParamName="" useRefParam="false"/>
        <String name="resourceName" value="prefab_skill_effects/hero_skill_effects/599_lvmeng/59901/lvmeng_attack_spell03b" refParamName="" useRefParam="false" />
        <bool name="applyActionSpeedToParticle" value="false" refParamName="" useRefParam="false" />
      </Event>
    </Track>
    <Track trackName="ContinuouslySetActorDirDuration0" eventType="ContinuouslySetActorDirDuration" guid="8bc0c99f-beac-4bef-afa2-2ec966555577" enabled="true" useRefParam="false" refParamName="" r="0.000" g="0.000" b="0.000" execOnForceStopped="false" execOnActionCompleted="false" nameSpace="">
      <Event eventName="ContinuouslySetActorDirDuration" time="0.000" length="0.600" isDuration="true" guid="b87d49b0-a221-4143-9116-ce44825f4eb4">
        <TemplateObject name="targetId" objectName="self" id="0" isTemp="false" refParamName="" useRefParam="false" />
        <int name="rotateSpeed" value="720" refParamName="" useRefParam="false" />
        <TemplateObject name="indicatorActorId" objectName="None" id="-1" isTemp="false" refParamName="" useRefParam="false" />
      </Event>
    </Track>
    <Track trackName="MoveActorDuration0" eventType="MoveActorDuration" guid="fa129f6c-390e-4faa-b69d-a03bcef19ce0" enabled="true" useRefParam="false" refParamName="" r="0.000" g="0.000" b="0.000" execOnForceStopped="false" execOnActionCompleted="false">
      <Event eventName="MoveActorDuration" time="0.408" length="0.400" isDuration="true" guid="feffec6d-e3bf-4d20-a5d4-eb46f657c03b">
        <Enum name="moveType" value="2" EnumValue="指定朝向" refParamName="" useRefParam="false" />
        <TemplateObject name="actorId" objectName="self" id="0" isTemp="false" refParamName="" useRefParam="false" />
        <bool name="bUseSkillDir" value="true" refParamName="" useRefParam="false" />
        <int name="moveDistance" value="10000" refParamName="" useRefParam="false" />
        <int name="maxMoveDistance" value="10000" refParamName="" useRefParam="false" />
        <int name="minMoveDistance" value="10000" refParamName="" useRefParam="false" />
        <int name="moveSpeed" value="25000" refParamName="" useRefParam="false" />
        <bool name="IgnoreCollision" value="true" refParamName="" useRefParam="false" />
        <bool name="bContinuousFowDetection" value="true" refParamName="" useRefParam="false" />
      </Event>
    </Track>
    <Track trackName="PlayAnimDuration0" eventType="PlayAnimDuration" guid="6c83666e-bc47-4242-8692-e22892ff4283" enabled="true" useRefParam="false" refParamName="" r="0.000" g="0.000" b="0.000" execOnForceStopped="false" execOnActionCompleted="false" nameSpace="">
      <Event eventName="PlayAnimDuration" time="0.408" length="1.800" isDuration="true" guid="a05dfdfc-343e-4367-92a0-6896472879cf">
        <TemplateObject name="targetId" objectName="self" id="0" isTemp="false" refParamName="" useRefParam="false" />
        <int name="frameRate" value="120" refParamName="" useRefParam="false" />
        <bool name="bUseTargetSkinEffect" value="true" refParamName="" useRefParam="false"/>
        <String name="clipName" value="Spell3_2" refParamName="" useRefParam="false" />
        <int name="layer" value="4" refParamName="" useRefParam="false" />
      </Event>
    </Track>
    <Track trackName="PlayAnimDuration0" eventType="PlayAnimDuration" guid="eca61ad7-c1f3-480f-900d-10fe53fadb3f" enabled="true" useRefParam="false" refParamName="" r="0.000" g="0.000" b="0.000" execOnForceStopped="false" execOnActionCompleted="false" nameSpace="">
      <Event eventName="PlayAnimDuration" time="0.508" length="1.500" isDuration="true" guid="dbfd8b5e-b675-4249-b216-ff71c0527ccb">
        <TemplateObject name="targetId" objectName="self" id="0" isTemp="false" refParamName="" useRefParam="false" />
        <int name="frameRate" value="120" refParamName="" useRefParam="false" />
        <bool name="bUseTargetSkinEffect" value="true" refParamName="" useRefParam="false"/>
        <String name="clipName" value="Spell3_2_Out" refParamName="" useRefParam="false" />
        <int name="layer" value="4" refParamName="" useRefParam="false" />
      </Event>
    </Track>
    <Track trackName="CameraShakeDuration0" eventType="CameraShakeDuration" guid="a246895e-4710-4156-b96d-c068e003131c" enabled="true" useRefParam="false" refParamName="" r="0.000" g="0.000" b="0.000" execOnForceStopped="false" execOnActionCompleted="false" nameSpace="">
      <Event eventName="CameraShakeDuration" time="0.408" length="0.250" isDuration="true" guid="516771cf-27f3-4a4e-b6c4-05896a4ece7d">
        <bool name="useMainCamera" value="true" refParamName="" useRefParam="false" />
        <bool name="filter_self" value="true" refParamName="" useRefParam="false" />
        <bool name="filter_target" value="true" refParamName="" useRefParam="false" />
        <Vector3 name="shakeRange" x="0.100" y="0.100" z="0.100" refParamName="" useRefParam="false" />
      </Event>
    </Track>
    <Track trackName="CameraShakeDuration0" eventType="CameraShakeDuration" guid="a8e9e281-771c-4535-a3e7-63bc392c2449" enabled="true" useRefParam="false" refParamName="" r="0.000" g="0.000" b="0.000" execOnForceStopped="false" execOnActionCompleted="false" nameSpace="">
      <Event eventName="CameraShakeDuration" time="0.662" length="0.200" isDuration="true" guid="8d3d98c3-8fa6-433e-a18b-e6fbf47f5b69">
        <bool name="useMainCamera" value="true" refParamName="" useRefParam="false" />
        <bool name="filter_self" value="true" refParamName="" useRefParam="false" />
        <bool name="filter_target" value="true" refParamName="" useRefParam="false" />
        <Vector3 name="shakeRange" x="0.100" y="0.100" z="0.100" refParamName="" useRefParam="false" />
      </Event>
    </Track>
    <Track trackName="StopTracks0" eventType="StopTracks" guid="18770e03-c58d-47e1-b3eb-552751adb77d" enabled="true" useRefParam="false" refParamName="" r="0.000" g="0.000" b="0.000" execOnForceStopped="false" execOnActionCompleted="false" nameSpace="">
      <Event eventName="StopTracks" time="0.800" isDuration="false" guid="d1d43e6e-9618-431d-8835-75045c412be2">
        <Array name="trackIds" refParamName="" useRefParam="false" type="TrackObject">
          <TrackObject id="18" guid="fa129f6c-390e-4faa-b69d-a03bcef19ce0" />
          <TrackObject id="16" guid="2ca6d086-6732-47f0-9f43-665df81f6955" />
        </Array>
      </Event>
    </Track>
    <Track trackName="SpawnObjectDuration0" eventType="SpawnObjectDuration" guid="72cae9bd-14b3-485c-a554-83e1c6da7b3d" enabled="true" useRefParam="false" refParamName="" r="0.000" g="0.000" b="0.000" execOnForceStopped="false" execOnActionCompleted="false" nameSpace="">
      <Event eventName="SpawnObjectDuration" time="0.400" length="0.550" isDuration="true" guid="9204fb82-75ce-4ac7-9de4-eacc11fd6d14">
        <TemplateObject name="targetId" objectName="nokillbullet" id="4" isTemp="true" refParamName="" useRefParam="false" />
        <TemplateObject name="objectSpaceId" objectName="self" id="0" isTemp="false" refParamName="" useRefParam="false" />
        <bool name="modifyDirection" value="true" refParamName="" useRefParam="false" />
        <Vector3i name="direction" x="0" y="0" z="0" refParamName="&lt;N/A&gt;" useRefParam="true" />
        <bool name="bSameVisibleAsAttacker" value="true" refParamName="" useRefParam="false" />
        <TemplateObject name="visionActorId" objectName="self" id="0" isTemp="false" refParamName="" useRefParam="false" />
        <bool name="bRefreshVision" value="true" refParamName="" useRefParam="false" />
      </Event>
    </Track>
    <Track trackName="击退被动" eventType="SetCollisionTick" guid="89b1397f-d481-408b-914d-6f7b7df9339a" enabled="true" useRefParam="false" refParamName="" r="0.000" g="0.000" b="0.000" execOnForceStopped="false" execOnActionCompleted="false">
      <Event eventName="SetCollisionTick" time="0.400" isDuration="false" guid="161c34c8-214a-4daa-b428-f1f283eb95bd">
        <TemplateObject name="targetId" objectName="nokillbullet" id="4" isTemp="true" refParamName="" useRefParam="false" />
        <Vector3i name="Size" x="3000" y="10000" z="1500" refParamName="" useRefParam="false" />
      </Event>
    </Track>
    <Track trackName="给野怪挂被动" eventType="HitTriggerDuration" guid="076f9701-797f-489f-917f-f037f3b725bf" enabled="true" useRefParam="false" refParamName="" r="0.000" g="0.000" b="0.000" execOnForceStopped="false" execOnActionCompleted="false" nameSpace="">
      <Event eventName="HitTriggerDuration" time="0.400" length="0.400" isDuration="true" guid="f86eb9eb-8e97-4ae0-8693-8b1aeda9942c">
        <TemplateObject name="triggerId" objectName="nokillbullet" id="4" isTemp="true" refParamName="" useRefParam="false" />
        <TemplateObject name="attackerId" objectName="self" id="0" isTemp="false" refParamName="" useRefParam="false" />
        <bool name="bFileterOrgan" value="true" refParamName="" useRefParam="false" />
        <int name="TriggerActorCount" value="32" refParamName="" useRefParam="false" />
        <int name="CollideMaxCount" value="1" refParamName="" useRefParam="false" />
        <int name="TargetSkillCombine_1" value="599601" refParamName="" useRefParam="false" />
      </Event>
    </Track>
    <Track trackName="伤害" eventType="HitTriggerDuration" guid="f3cfa6ee-e3b1-477a-ba00-0569ac7087ec" enabled="true" useRefParam="false" refParamName="" r="0.000" g="0.000" b="0.000" execOnForceStopped="false" execOnActionCompleted="false" nameSpace="">
      <Event eventName="HitTriggerDuration" time="0.800" length="0.100" isDuration="true" guid="6edb3f49-7b46-4100-84f8-c14d27c298d8">
        <TemplateObject name="triggerId" objectName="nokillbullet" id="4" isTemp="true" refParamName="" useRefParam="false" />
        <TemplateObject name="attackerId" objectName="self" id="0" isTemp="false" refParamName="" useRefParam="false" />
        <bool name="bFileterOrgan" value="true" refParamName="" useRefParam="false" />
        <int name="TriggerActorCount" value="32" refParamName="" useRefParam="false" />
        <int name="CollideMaxCount" value="1" refParamName="" useRefParam="false" />
        <int name="TargetSkillCombine_1" value="599301" refParamName="" useRefParam="false" />
      </Event>
    </Track>
    <Track trackName="控制（唯一）" eventType="HitTriggerDuration" guid="51e8aa9b-b1f8-42e5-b9d0-1648db573a3c" enabled="true" useRefParam="false" refParamName="" r="0.000" g="0.000" b="0.000" execOnForceStopped="false" execOnActionCompleted="false" nameSpace="">
      <Event eventName="HitTriggerDuration" time="0.400" length="0.400" isDuration="true" guid="5edaea12-a852-419e-bce6-2eee72e7029b">
        <TemplateObject name="triggerId" objectName="nokillbullet" id="4" isTemp="true" refParamName="" useRefParam="false" />
        <TemplateObject name="attackerId" objectName="self" id="0" isTemp="false" refParamName="" useRefParam="false" />
        <int name="TriggerActorInterval" value="60" refParamName="" useRefParam="false" />
        <bool name="bFileterOrgan" value="true" refParamName="" useRefParam="false" />
        <int name="TriggerActorCount" value="32" refParamName="" useRefParam="false" />
        <int name="CollideMaxCount" value="1" refParamName="" useRefParam="false" />
        <int name="TargetSkillCombine_1" value="599309" refParamName="" useRefParam="false" />
      </Event>
    </Track>
    <Track trackName="TriggerParticle0" eventType="TriggerParticle" guid="5e4bb41d-712c-4130-9ba1-55d2c45bf992" enabled="true" useRefParam="false" refParamName="" r="0.000" g="0.000" b="0.000" execOnForceStopped="false" execOnActionCompleted="false" SkinAvatarFilterType="11" nameSpace="">
      <Event eventName="TriggerParticle" time="0.400" length="1.000" isDuration="true" guid="0055aad0-8169-4415-aa07-b6b3ad6f3b00">
        <TemplateObject name="targetId" objectName="nokillbullet" id="4" isTemp="true" refParamName="" useRefParam="false" />
        <TemplateObject name="objectSpaceId" objectName="nokillbullet" id="4" isTemp="true" refParamName="" useRefParam="false" />
        <int name="frameRate" value="120" refParamName="" useRefParam="false" />
        <bool name="bUseTargetSkinEffect" value="true" refParamName="" useRefParam="false"/>
        <String name="resourceName" value="prefab_skill_effects/hero_skill_effects/599_lvmeng/59901/LvMeng_attack_spell03F" refParamName="" useRefParam="false" />
        <String name="bindPointName" value="0" refParamName="" useRefParam="false" />
        <Vector3 name="bindPosOffset" x="0.000" y="-0.100" z="-4.000" refParamName="" useRefParam="false" />
        <bool name="applyActionSpeedToParticle" value="false" refParamName="" useRefParam="false" />
        <int name="iDelayDisappearTime" value="1000" refParamName="" useRefParam="false" />
      </Event>
      <SkinOrAvatarList id="59901" />
    </Track>
    <Track trackName="TriggerParticle0" eventType="TriggerParticle" guid="b751ff51-f5d6-4e50-8fa0-6ecefa15f3cb" enabled="true" useRefParam="false" refParamName="" r="0.000" g="0.000" b="0.000" execOnForceStopped="false" execOnActionCompleted="false" SkinAvatarFilterType="11">
      <Event eventName="TriggerParticle" time="0.400" length="1.000" isDuration="true" guid="d92fed68-7845-4a9d-a4c4-604f5a531050">
        <TemplateObject name="targetId" objectName="nokillbullet" id="4" isTemp="true" refParamName="" useRefParam="false" />
        <TemplateObject name="objectSpaceId" objectName="nokillbullet" id="4" isTemp="true" refParamName="" useRefParam="false" />
        <int name="frameRate" value="120" refParamName="" useRefParam="false" />
        <bool name="bUseTargetSkinEffect" value="true" refParamName="" useRefParam="false"/>
        <String name="resourceName" value="prefab_skill_effects/hero_skill_effects/599_lvmeng/59901/LvMeng_attack_spell01D" refParamName="" useRefParam="false" />
        <String name="bindPointName" value="0" refParamName="" useRefParam="false" />
        <Vector3 name="bindPosOffset" x="0.000" y="0.000" z="-1.000" refParamName="" useRefParam="false" />
        <bool name="applyActionSpeedToParticle" value="false" refParamName="" useRefParam="false" />
        <int name="iDelayDisappearTime" value="1000" refParamName="" useRefParam="false" />
      </Event>
      <SkinOrAvatarList id="59901" />
    </Track>
    <Track trackName="第一段 子弹 位移" eventType="MoveBulletDuration" guid="456f9ffe-d827-40f3-9aea-19a1a06c99c3" enabled="true" useRefParam="false" refParamName="" r="0.000" g="0.000" b="0.000" execOnForceStopped="false" execOnActionCompleted="false" nameSpace="">
      <Event eventName="MoveBulletDuration" time="0.400" length="0.400" isDuration="true" guid="4d28725d-92a0-4469-abc9-2d0625da2a4c">
        <TemplateObject name="targetId" objectName="nokillbullet" id="4" isTemp="true" refParamName="" useRefParam="false" />
        <TemplateObject name="destId" objectName="bullet" id="1" isTemp="true" refParamName="" useRefParam="false" />
        <int name="distance" value="8000" refParamName="" useRefParam="false" />
        <int name="velocity" value="25000" refParamName="" useRefParam="false" />
        <bool name="bMoveRotate" value="false" refParamName="" useRefParam="false" />
      </Event>
    </Track>
    <Track trackName="ContinuouslySetActorDirDuration0" eventType="ContinuouslySetActorDirDuration" guid="c9184df4-5f95-4c90-a83f-c84661aa9973" enabled="false" useRefParam="false" refParamName="" r="0.000" g="0.000" b="0.000" execOnForceStopped="false" execOnActionCompleted="false" nameSpace="">
      <Event eventName="ContinuouslySetActorDirDuration" time="0.400" length="0.400" isDuration="true" guid="d5ec465c-4157-437f-ace6-5698574a83df">
        <TemplateObject name="targetId" objectName="nokillbullet" id="4" isTemp="true" refParamName="" useRefParam="false" />
        <int name="rotateSpeed" value="720" refParamName="" useRefParam="false" />
        <TemplateObject name="indicatorActorId" objectName="None" id="-1" isTemp="false" refParamName="" useRefParam="false" />
      </Event>
    </Track>
    <Track trackName="ForbidAbilityDuration0" eventType="ForbidAbilityDuration" guid="00cbbe37-e195-42c3-92d8-6871582bbc5c" enabled="true" useRefParam="false" refParamName="" r="0.000" g="0.000" b="0.000" execOnForceStopped="false" execOnActionCompleted="false" nameSpace="">
      <Event eventName="ForbidAbilityDuration" time="0.400" length="0.500" isDuration="true" guid="de820402-9a7e-4d5c-b9b1-f99365f3eb35">
        <TemplateObject name="attackerId" objectName="self" id="0" isTemp="false" refParamName="" useRefParam="false" />
        <bool name="forbidMove" value="true" refParamName="" useRefParam="false" />
        <bool name="forbidMoveRotate" value="true" refParamName="" useRefParam="false" />
        <bool name="delaySkillAbort" value="true" refParamName="" useRefParam="false" />
      </Event>
    </Track>
    <Track trackName="StopTracks0" eventType="StopTracks" guid="2a3072f1-f13f-4caa-a759-91249c90b24f" enabled="true" useRefParam="false" refParamName="" r="0.000" g="0.000" b="0.000" execOnForceStopped="false" execOnActionCompleted="false" nameSpace="">
      <Event eventName="StopTracks" time="0.900" isDuration="false" guid="48d37305-ebe4-46d3-b5f0-c0f36392c3e2">
        <Array name="trackIds" refParamName="" useRefParam="false" type="TrackObject">
          <TrackObject id="19" guid="6c83666e-bc47-4242-8692-e22892ff4283" />
          <TrackObject id="20" guid="eca61ad7-c1f3-480f-900d-10fe53fadb3f" />
        </Array>
      </Event>
    </Track>
    <Track trackName="StopTracks0" eventType="StopTracks" guid="5b6ae964-aa97-46d5-a3dd-d3a76740ff72" enabled="true" useRefParam="false" refParamName="" r="0.000" g="0.000" b="0.000" execOnForceStopped="false" execOnActionCompleted="false" nameSpace="">
      <Condition id="31" guid="456f9ffe-d827-40f3-9aea-19a1a06c99c3" status="true" />
      <Condition id="4" guid="7299bca9-2c17-410d-8897-1382356232b4" status="true" />
      <Event eventName="StopTracks" time="0.000" isDuration="false" guid="5a791eca-9612-4ad3-a3a3-6104c63034cb">
        <Array name="trackIds" refParamName="" useRefParam="false" type="TrackObject">
          <TrackObject id="5" guid="5dcb58a9-329e-4015-b01e-828859cc032f" />
        </Array>
        <bool name="alsoStopNotStartedTrack" value="true" refParamName="" useRefParam="false" />
      </Event>
    </Track>
    <Track trackName="新霸体配置" eventType="HitTriggerTick" guid="5f19269b-5fec-4b12-895d-43db1d18a77a" enabled="true" useRefParam="false" refParamName="" r="0.000" g="0.000" b="0.000" execOnForceStopped="false" execOnActionCompleted="false">
      <Event eventName="HitTriggerTick" time="0.408" isDuration="false" guid="7ab96c91-0309-4c2c-bd72-9c2f8f126fa3">
        <TemplateObject name="targetId" objectName="self" id="0" isTemp="false" refParamName="" useRefParam="false" />
        <int name="SelfSkillCombineID_1" value="11111" refParamName="" useRefParam="false" />
      </Event>
    </Track>
    <Track trackName="新霸体配置" eventType="RemoveBuffTick" guid="7b56ee1a-1a9f-48a0-80d5-40ec8d61acc3" enabled="true" useRefParam="false" refParamName="" r="0.000" g="0.000" b="0.000" execOnForceStopped="false" execOnActionCompleted="false">
      <Condition id="18" guid="fa129f6c-390e-4faa-b69d-a03bcef19ce0" status="true" />
      <Event eventName="RemoveBuffTick" time="0.000" isDuration="false" guid="fdfce5b4-abc5-43fd-8649-5dbe1088eda1">
        <TemplateObject name="targetId" objectName="self" id="0" isTemp="false" refParamName="" useRefParam="false" />
        <int name="buffId" value="11111" refParamName="" useRefParam="false" />
        <int name="BuffLayer" value="1" refParamName="" useRefParam="false" />
      </Event>
    </Track>
    <Track trackName="新霸体配置" eventType="RemoveBuffTick" guid="8d9c4ac8-63f3-4f70-8346-01f9b121db19" enabled="true" useRefParam="false" refParamName="" r="0.000" g="0.000" b="0.000" execOnForceStopped="true" execOnActionCompleted="false">
      <Event eventName="RemoveBuffTick" time="0.000" isDuration="false" guid="67714fd0-0215-4ed9-9ecb-2c1000e4447b">
        <TemplateObject name="targetId" objectName="self" id="0" isTemp="false" refParamName="" useRefParam="false" />
        <int name="buffId" value="11111" refParamName="" useRefParam="false" />
        <int name="BuffLayer" value="1" refParamName="" useRefParam="false" />
      </Event>
    </Track>
    <Track trackName="PlayHeroSoundTick0" eventType="PlayHeroSoundTick" guid="63c84e3a-6751-4b20-ac6a-d1c00d93d36b" enabled="true" useRefParam="false" refParamName="" r="0.000" g="0.000" b="0.000" execOnForceStopped="false" execOnActionCompleted="false" nameSpace="">
      <Event eventName="PlayHeroSoundTick" time="0.000" isDuration="false" guid="16eb4820-4299-47df-9fcc-4a9d0f5e80a2">
        <TemplateObject name="targetId" objectName="self" id="0" isTemp="false" refParamName="" useRefParam="false" />
        <String name="eventName" value="Play_Billow_Skill_C_2_Skin1" refParamName="" useRefParam="false" />
      </Event>
    </Track>
    <Track trackName="DebugLogTick0" eventType="DebugLogTick" guid="b2e1ee43-ea83-439c-8b11-692908e50001" enabled="true" useRefParam="false" refParamName="" r="0.000" g="0.000" b="0.000" execOnForceStopped="false" execOnActionCompleted="false">
      <Event eventName="DebugLogTick" time="0.000" isDuration="false" guid="ff79a4ea-8e0e-4359-812b-c854f9e0fdd1">
        <Enum name="logType" value="2" EnumValue="自定义LOG" refParamName="" useRefParam="false" />
        <Enum name="logLevel" value="2" EnumValue="Error" refParamName="" useRefParam="false" />
        <String name="userDefindString" value="开始" refParamName="" useRefParam="false" />
      </Event>
    </Track>
    <Track trackName="DebugLogTick0" eventType="DebugLogTick" guid="50bb11c7-11e2-43eb-8760-ed3a9a277946" enabled="true" useRefParam="false" refParamName="" r="0.000" g="0.000" b="0.000" execOnForceStopped="true" execOnActionCompleted="false">
      <Event eventName="DebugLogTick" time="0.000" isDuration="false" guid="9ceabcb9-34b5-42d3-b8bb-30d4daf60a3e">
        <Enum name="logType" value="2" EnumValue="自定义LOG" refParamName="" useRefParam="false" />
        <Enum name="logLevel" value="2" EnumValue="Error" refParamName="" useRefParam="false" />
        <String name="userDefindString" value="结束" refParamName="" useRefParam="false" />
      </Event>
    </Track>
    <Track trackName="RemoveBuffTick0" eventType="RemoveBuffTick" guid="623b54df-6ba1-4f1a-9853-0acf4c5fa54c" enabled="true" useRefParam="false" refParamName="" r="0.000" g="0.000" b="0.000" execOnForceStopped="false" execOnActionCompleted="false" SkinAvatarFilterType="9">
      <Event eventName="RemoveBuffTick" time="0.000" isDuration="false" guid="7b223ced-6b37-454e-b233-a9876bce39cd">
        <TemplateObject name="targetId" objectName="self" id="0" isTemp="false" refParamName="" useRefParam="false" />
        <int name="buffId" value="599899" refParamName="" useRefParam="false" />
        <int name="BuffLayer" value="2" refParamName="" useRefParam="false" />
        <bool name="bImmeStop" value="true" refParamName="" useRefParam="false" />
      </Event>
      <SkinOrAvatarList id="59901" />
    </Track>
    <Track trackName="命中检查" eventType="SpawnObjectDuration" guid="f61eb017-9d5c-4c48-9dd9-7f02f863f32f" enabled="true" useRefParam="false" refParamName="" r="0.000" g="0.000" b="0.000" execOnForceStopped="false" execOnActionCompleted="false" SkinAvatarFilterType="9">
      <Event eventName="SpawnObjectDuration" time="0.300" length="0.100" isDuration="true" guid="02ba7d26-1411-4840-9253-f215f6128cc9">
        <TemplateObject name="targetId" objectName="hitcheckbullet" id="9" isTemp="true" refParamName="" useRefParam="false" />
        <TemplateObject name="objectSpaceId" objectName="self" id="0" isTemp="false" refParamName="" useRefParam="false" />
        <bool name="bMoveCollision" value="true" refParamName="" useRefParam="false" />
        <Vector3i name="translation" x="0" y="0" z="5000" refParamName="" useRefParam="false" />
        <bool name="bUseIndicatorDir" value="true" refParamName="" useRefParam="false" />
        <Vector3i name="direction" x="0" y="0" z="0" refParamName="targetdir" useRefParam="true" />
      </Event>
      <SkinOrAvatarList id="59901" />
    </Track>
    <Track trackName="命中检查" eventType="SetCollisionTick" guid="f2fa08f9-761c-42f9-adca-4c231a8032c9" enabled="true" useRefParam="false" refParamName="" r="0.000" g="0.000" b="0.000" execOnForceStopped="false" execOnActionCompleted="false" SkinAvatarFilterType="9">
      <Event eventName="SetCollisionTick" time="0.300" isDuration="false" guid="474fa463-179f-4e8f-95a3-956d1938d675">
        <TemplateObject name="targetId" objectName="hitcheckbullet" id="9" isTemp="true" refParamName="" useRefParam="false" />
        <Vector3i name="Size" x="3000" y="10000" z="10000" refParamName="" useRefParam="false" />
        <int name="Radius" value="2500" refParamName="" useRefParam="false" />
      </Event>
      <SkinOrAvatarList id="59901" />
    </Track>
    <Track trackName="命中检查" eventType="HitTriggerDuration" guid="e1df1d27-473e-40e2-aa3a-a9ab2dffe139" enabled="true" useRefParam="false" refParamName="" r="0.000" g="0.000" b="0.000" execOnForceStopped="false" execOnActionCompleted="false" SkinAvatarFilterType="9">
      <Event eventName="HitTriggerDuration" time="0.300" length="0.100" isDuration="true" guid="638c6cec-45c1-48a1-8210-e86bc1e3f8be">
        <TemplateObject name="triggerId" objectName="hitcheckbullet" id="9" isTemp="true" refParamName="" useRefParam="false" />
        <TemplateObject name="attackerId" objectName="self" id="0" isTemp="false" refParamName="" useRefParam="false" />
        <int name="triggerInterval" value="100" refParamName="" useRefParam="false" />
        <int name="TriggerActorInterval" value="100" refParamName="" useRefParam="false" />
        <bool name="bFileterOrgan" value="true" refParamName="" useRefParam="false" />
        <int name="TriggerActorCount" value="32" refParamName="" useRefParam="false" />
        <int name="CollideMaxCount" value="1" refParamName="" useRefParam="false" />
        <int name="SelfSkillCombineID_1" value="599899" refParamName="" useRefParam="false" />
      </Event>
      <SkinOrAvatarList id="59901" />
    </Track>
    <Track trackName="检查命中数" eventType="FilterTargetType" guid="23ab3f7c-1c33-44e4-91f3-4d0511e38273" enabled="true" useRefParam="false" refParamName="" r="0.000" g="0.000" b="0.000" execOnForceStopped="false" execOnActionCompleted="false" SkinAvatarFilterType="9">
      <Event eventName="FilterTargetType" time="0.400" isDuration="false" guid="bf2c2d73-09dc-4c21-92c1-509c60f341e8">
        <TemplateObject name="targetId" objectName="self" id="0" isTemp="false" refParamName="" useRefParam="false" />
        <bool name="bFilterBufferLayers" value="true" refParamName="" useRefParam="false" />
        <int name="buffId" value="599899" refParamName="" useRefParam="false" />
        <Enum name="operatorType" value="3" EnumValue="等于" refParamName="" useRefParam="false" />
        <int name="buffLayers" value="2" refParamName="" useRefParam="false" />
      </Event>
      <SkinOrAvatarList id="59901" />
    </Track>
    <Track trackName="TriggerParticle0" eventType="TriggerParticle" guid="5dcff52b-25ed-4d46-9d8c-09a3050cb626" enabled="true" useRefParam="false" refParamName="" r="0.000" g="0.000" b="0.000" execOnForceStopped="false" execOnActionCompleted="false" SkinAvatarFilterType="9">
      <Condition id="46" guid="23ab3f7c-1c33-44e4-91f3-4d0511e38273" status="true" />
      <Event eventName="TriggerParticle" time="0.000" length="2.000" isDuration="true" guid="9c954188-16b9-463d-8c6a-a61bad0852f7">
        <TemplateObject name="targetId" objectName="nokillbullet" id="4" isTemp="true" refParamName="" useRefParam="false" />
        <TemplateObject name="objectSpaceId" objectName="nokillbullet" id="4" isTemp="true" refParamName="" useRefParam="false" />
        <int name="frameRate" value="120" refParamName="" useRefParam="false" />
        <bool name="bUseTargetSkinEffect" value="true" refParamName="" useRefParam="false"/>
        <String name="resourceName" value="prefab_skill_effects/hero_skill_effects/599_lvmeng/59901/LvMeng_spell03_01_S" refParamName="" useRefParam="false" />
        <String name="bindPointName" value="0" refParamName="" useRefParam="false" />
        <Vector3 name="bindPosOffset" x="0.000" y="0.000" z="-1.000" refParamName="" useRefParam="false" />
        <bool name="applyActionSpeedToParticle" value="false" refParamName="" useRefParam="false" />
        <int name="iDelayDisappearTime" value="1000" refParamName="" useRefParam="false" />
      </Event>
      <SkinOrAvatarList id="59901" />
    </Track>
    <Track trackName="TriggerParticle0" eventType="TriggerParticle" guid="0c658391-9f6c-4a6a-b24f-d616f6c322db" enabled="true" useRefParam="false" refParamName="" r="0.000" g="0.000" b="0.000" execOnForceStopped="false" execOnActionCompleted="false" SkinAvatarFilterType="9">
      <Condition id="46" guid="23ab3f7c-1c33-44e4-91f3-4d0511e38273" status="false" />
      <Event eventName="TriggerParticle" time="0.400" length="2.000" isDuration="true" guid="a21d8d4f-bc33-46af-b1b9-c4351b18cdc2">
        <TemplateObject name="targetId" objectName="nokillbullet" id="4" isTemp="true" refParamName="" useRefParam="false" />
        <TemplateObject name="objectSpaceId" objectName="nokillbullet" id="4" isTemp="true" refParamName="" useRefParam="false" />
        <int name="frameRate" value="120" refParamName="" useRefParam="false" />
        <bool name="bUseTargetSkinEffect" value="true" refParamName="" useRefParam="false"/>
        <String name="resourceName" value="prefab_skill_effects/hero_skill_effects/599_lvmeng/59901/LvMeng_spell03_01" refParamName="" useRefParam="false" />
        <String name="bindPointName" value="0" refParamName="" useRefParam="false" />
        <Vector3 name="bindPosOffset" x="0.000" y="0.000" z="-1.000" refParamName="" useRefParam="false" />
        <bool name="applyActionSpeedToParticle" value="false" refParamName="" useRefParam="false" />
        <int name="iDelayDisappearTime" value="1000" refParamName="" useRefParam="false" />
      </Event>
      <SkinOrAvatarList id="59901" />
    </Track>
    <Track trackName="TriggerParticle0" eventType="TriggerParticle" guid="33c2d232-4158-470a-98bc-fdad04f4d19d" enabled="true" useRefParam="false" refParamName="" r="0.000" g="0.000" b="0.000" execOnForceStopped="false" execOnActionCompleted="false" SkinAvatarFilterType="9">
      <Event eventName="TriggerParticle" time="0.400" length="2.000" isDuration="true" guid="02b0301d-9f48-4f6c-be01-249c16b90fc3">
        <TemplateObject name="targetId" objectName="None" id="-1" isTemp="false" refParamName="" useRefParam="false" />
        <TemplateObject name="objectSpaceId" objectName="nokillbullet" id="4" isTemp="true" refParamName="" useRefParam="false" />
        <int name="frameRate" value="120" refParamName="" useRefParam="false" />
        <bool name="bUseTargetSkinEffect" value="true" refParamName="" useRefParam="false"/>
        <String name="resourceName" value="prefab_skill_effects/hero_skill_effects/599_lvmeng/59901/LvMeng_spell03_02" refParamName="" useRefParam="false" />
        <String name="bindPointName" value="0" refParamName="" useRefParam="false" />
        <Vector3 name="bindPosOffset" x="0.000" y="0.000" z="5.000" refParamName="" useRefParam="false" />
        <bool name="applyActionSpeedToParticle" value="false" refParamName="" useRefParam="false" />
        <int name="iDelayDisappearTime" value="1000" refParamName="" useRefParam="false" />
      </Event>
      <SkinOrAvatarList id="59901" />
    </Track>
  </Action>
</Project>