﻿<?xml version="1.0" encoding="utf-8"?>
<Project>
  <TemplateObjectList>
    <TemplateObject objectName="self" id="0" isTemp="false" />
    <TemplateObject objectName="target" id="1" isTemp="false" />
    <TemplateObject objectName="bullet" id="2" isTemp="true" />
    <TemplateObject objectName="bullet2" id="3" isTemp="true" />
    <TemplateObject objectName="ghost" id="4" isTemp="true" />
    <TemplateObject objectName="nokillbullet" id="5" isTemp="true" />
    <TemplateObject objectName="yuyuyu" id="6" isTemp="false" />
  </TemplateObjectList>
  <RefParamList>
    <Vector3i name="targetdir" x="0" y="0" z="0" refParamName="" useRefParam="false" />
  </RefParamList>
  <Action tag="" length="1.800" loop="false">
    <Track trackName="SpawnObjectDuration0" eventType="SpawnObjectDuration" guid="b4af8259-ffd0-47ec-a692-d2773b9272bc" enabled="true" useRefParam="false" refParamName="" r="0.000" g="0.000" b="0.000" execOnForceStopped="false" execOnActionCompleted="false" nameSpace="">
      <Event eventName="SpawnObjectDuration" time="0.000" length="1.000" isDuration="true" guid="c3277c84-7e70-407a-b9ca-cb9d0e5c0e3f">
        <TemplateObject name="targetId" objectName="bullet" id="2" isTemp="true" refParamName="" useRefParam="false" />
        <TemplateObject name="objectSpaceId" objectName="self" id="0" isTemp="false" refParamName="" useRefParam="false" />
        <bool name="modifyDirection" value="true" refParamName="" useRefParam="false" />
        <Vector3i name="direction" x="0" y="0" z="0" refParamName="&lt;N/A&gt;" useRefParam="true" />
      </Event>
    </Track>
    <Track trackName="SetCollisionTick0" eventType="SetCollisionTick" guid="ed56fea1-97b2-451c-a912-4801d66fb1a0" enabled="true" useRefParam="false" refParamName="" r="0.000" g="0.000" b="0.000" execOnForceStopped="false" execOnActionCompleted="false" nameSpace="">
      <Event eventName="SetCollisionTick" time="0.000" isDuration="false" guid="f422ab2c-99b4-4fbf-b5b7-a30534e782ed">
        <TemplateObject name="targetId" objectName="bullet" id="2" isTemp="true" refParamName="" useRefParam="false" />
        <Vector3i name="Size" x="1500" y="10000" z="1500" refParamName="" useRefParam="false" />
        <int name="Radius" value="2500" refParamName="" useRefParam="false" />
      </Event>
    </Track>
    <Track trackName="MoveBulletDuration0" eventType="MoveBulletDuration" guid="73ad84cb-5c09-4565-8332-fe2fe219c93e" enabled="true" useRefParam="false" refParamName="" r="0.000" g="0.000" b="0.000" execOnForceStopped="false" execOnActionCompleted="false" nameSpace="">
      <Event eventName="MoveBulletDuration" time="0.000" length="0.500" isDuration="true" guid="eb39a705-7fd0-4a03-bad5-26f2045a16bd">
        <TemplateObject name="targetId" objectName="bullet" id="2" isTemp="true" refParamName="" useRefParam="false" />
        <Enum name="MoveType" value="2" EnumValue="指定朝向" refParamName="" useRefParam="false" />
        <int name="distance" value="6500" refParamName="" useRefParam="false" />
        <int name="velocity" value="100000" refParamName="" useRefParam="false" />
      </Event>
    </Track>
    <Track trackName="SaveActorDuration0" eventType="SaveActorDuration" guid="a1b5e2fa-8711-40a0-bd5d-b1d4eba5460c" enabled="true" useRefParam="false" refParamName="" r="0.000" g="0.000" b="0.000" execOnForceStopped="false" execOnActionCompleted="false">
      <Event eventName="SaveActorDuration" time="0.000" length="1.000" isDuration="true" guid="e0184f16-89e1-4a89-b3c9-c70281a5f910">
        <String name="actorName" value="yuyuyu" refParamName="" useRefParam="false" />
        <TemplateObject name="SetActorId" objectName="bullet" id="2" isTemp="true" refParamName="" useRefParam="false" />
        <bool name="bKeepUpdateValue" value="true" refParamName="" useRefParam="false" />
      </Event>
    </Track>
  </Action>
</Project>