﻿<?xml version="1.0" encoding="utf-8"?>
<Project>
  <TemplateObjectList>
    <TemplateObject objectName="self" id="0" isTemp="false" />
    <TemplateObject objectName="target" id="1" isTemp="false" />
    <TemplateObject objectName="bullet" id="2" isTemp="true" />
  </TemplateObjectList>
  <RefParamList>
    <Vector3i name="_BulletDir" x="0" y="0" z="0" refParamName="" useRefParam="false" />
  </RefParamList>
  <Action tag="" length="0.500" loop="false">
    <Track trackName="SpawnObjectDuration0" eventType="SpawnObjectDuration" guid="b0012083-c203-4743-955b-8b22e8676dff" enabled="true" useRefParam="false" refParamName="" r="0.000" g="0.000" b="0.000" execOnForceStopped="false" execOnActionCompleted="false" stopAfterLastEvent="true">
      <Event eventName="SpawnObjectDuration" time="0.000" length="0.500" isDuration="true" guid="9191c4db-dc95-4fb2-a4ee-4eeb255f705d">
        <TemplateObject name="targetId" objectName="bullet" id="2" isTemp="true" refParamName="" useRefParam="false" />
        <TemplateObject name="parentId" objectName="self" id="0" isTemp="false" refParamName="" useRefParam="false" />
        <TemplateObject name="objectSpaceId" objectName="self" id="0" isTemp="false" refParamName="" useRefParam="false" />
      </Event>
    </Track>
    <Track trackName="SetCollisionTick0" eventType="SetCollisionTick" guid="bc87d5bb-fc3d-4330-b753-78bd5229f8ec" enabled="true" useRefParam="false" refParamName="" r="0.000" g="0.000" b="0.000" execOnForceStopped="false" execOnActionCompleted="false" stopAfterLastEvent="true">
      <Event eventName="SetCollisionTick" time="0.000" isDuration="false" guid="e43de66d-02a2-4392-a6c6-97dd21305e20">
        <TemplateObject name="targetId" objectName="bullet" id="2" isTemp="true" refParamName="" useRefParam="false" />
        <Vector3i name="Size" x="3000" y="10000" z="4000" refParamName="" useRefParam="false" />
        <int name="Radius" value="2000" refParamName="" useRefParam="false" />
      </Event>
    </Track>
    <Track trackName="HitTriggerDuration0" eventType="HitTriggerDuration" guid="52a4cac9-70e2-406c-ba65-0089cb49b92d" enabled="true" useRefParam="false" refParamName="" r="0.000" g="0.000" b="0.000" execOnForceStopped="false" execOnActionCompleted="false" stopAfterLastEvent="true">
      <Event eventName="HitTriggerDuration" time="0.000" length="0.500" isDuration="true" guid="14925c97-4587-42e4-84d8-42e1ffb9c9b8">
        <TemplateObject name="triggerId" objectName="bullet" id="2" isTemp="true" refParamName="" useRefParam="false" />
        <TemplateObject name="attackerId" objectName="self" id="0" isTemp="false" refParamName="" useRefParam="false" />
        <int name="TriggerActorInterval" value="60" refParamName="" useRefParam="false" />
        <bool name="bFilterEnemy" value="true" refParamName="" useRefParam="false" />
        <bool name="bFilterFriend" value="false" refParamName="" useRefParam="false" />
        <bool name="bFilterMyself" value="false" refParamName="" useRefParam="false" />
        <bool name="bFilterFriendWithoutSelf" value="true" refParamName="" useRefParam="false" />
        <int name="TriggerActorCount" value="1" refParamName="" useRefParam="false" />
        <int name="SelfSkillCombineID_1" value="599380" refParamName="" useRefParam="false" />
        <int name="TargetSkillCombine_1" value="599380" refParamName="" useRefParam="false" />
      </Event>
    </Track>
  </Action>
</Project>