﻿<?xml version="1.0" encoding="utf-8"?>
<Project>
  <TemplateObjectList>
    <TemplateObject objectName="self" id="0" isTemp="false" />
    <TemplateObject objectName="target" id="1" isTemp="false" />
  </TemplateObjectList>
  <RefParamList>
    <Vector3i name="_BulletDir" x="0" y="0" z="0" refParamName="" useRefParam="false" />
  </RefParamList>
  <Action tag="" length="0.500" loop="false">
    <Track trackName="鱼" eventType="FilterTargetType" guid="0138ed8d-3fa4-4660-9e99-0a6b7508f1f5" enabled="true" useRefParam="false" refParamName="" r="0.000" g="0.000" b="0.000" execOnForceStopped="false" execOnActionCompleted="false" stopAfterLastEvent="true" nameSpace="">
      <Event eventName="FilterTargetType" time="0.000" isDuration="false" guid="f30dd529-3f27-4445-8932-e5f44b148990">
        <TemplateObject name="targetId" objectName="self" id="0" isTemp="false" refParamName="" useRefParam="false" />
        <bool name="bFilterBufferLayers" value="true" refParamName="" useRefParam="false" />
        <int name="buffId" value="599140" refParamName="" useRefParam="false" />
        <Enum name="operatorType" value="5" EnumValue="大于等于" refParamName="" useRefParam="false" />
        <int name="buffLayers" value="1" refParamName="" useRefParam="false" />
      </Event>
    </Track>
    <Track trackName="SkillFuncDuration0" eventType="SkillFuncDuration" guid="7c5c3512-a182-4ee2-bd08-915be6b84855" enabled="false" useRefParam="false" refParamName="" r="0.000" g="0.000" b="0.000" execOnForceStopped="false" execOnActionCompleted="false" stopAfterLastEvent="true" nameSpace="">
      <Condition id="0" guid="0138ed8d-3fa4-4660-9e99-0a6b7508f1f5" status="true" />
      <Event eventName="SkillFuncDuration" time="0.000" length="0.500" isDuration="true" guid="4d0fb388-77ce-4b1e-b473-f24c5aa0cf37">
        <Enum name="SkillFuncType" value="6" EnumValue="增加移动速度" refParamName="" useRefParam="false" />
      </Event>
    </Track>
    <Track trackName="HitTriggerTick0" eventType="HitTriggerTick" guid="0b29c0b3-411a-482f-9a7a-3290c901cf81" enabled="true" useRefParam="false" refParamName="" r="0.000" g="0.000" b="0.000" execOnForceStopped="false" execOnActionCompleted="false" stopAfterLastEvent="true" nameSpace="">
      <Condition id="0" guid="0138ed8d-3fa4-4660-9e99-0a6b7508f1f5" status="true" />
      <Event eventName="HitTriggerTick" time="0.000" isDuration="false" guid="709ab528-1b51-4c7b-ac1c-3eb98f4df16e" HitTriggerTick="HitTriggerTick">
        <TemplateObject name="targetId" objectName="self" id="0" isTemp="false" refParamName="" useRefParam="false" />
        <TemplateObject name="hitTargetId" objectName="None" id="-1" isTemp="false" refParamName="" useRefParam="false" />
        <int name="SelfSkillCombineID_1" value="599151" refParamName="" useRefParam="false" />
      </Event>
    </Track>
  </Action>
</Project>