﻿<?xml version="1.0" encoding="utf-8"?>
<Project>
  <TemplateObjectList>
    <TemplateObject objectName="self" id="0" isTemp="false" />
    <TemplateObject objectName="target" id="1" isTemp="false" />
    <TemplateObject objectName="攻击者" id="2" isTemp="false" />
  </TemplateObjectList>
  <RefParamList>
    <Vector3i name="_BulletDir" x="0" y="0" z="0" refParamName="" useRefParam="false" />
  </RefParamList>
  <Action tag="" length="0.500" loop="false">
    <Track trackName="SetBehaviourModeTick0" eventType="SetBehaviourModeTick" guid="ac6711cf-9d67-431b-82fd-837cb07ddb0f" enabled="false" useRefParam="false" refParamName="" r="0.000" g="0.000" b="0.000" execOnForceStopped="false" execOnActionCompleted="false" stopAfterLastEvent="true" nameSpace="">
      <Event eventName="SetBehaviourModeTick" time="0.000" isDuration="false" guid="fac20c0f-7bf6-48ba-83ab-e3a4c5439ada">
        <TemplateObject name="targetId" objectName="target" id="1" isTemp="false" refParamName="" useRefParam="false" />
        <bool name="delayStopCurSkill" value="true" refParamName="" useRefParam="false" />
      </Event>
    </Track>
    <Track trackName="SkillFuncInstant0" eventType="SkillFuncInstant" guid="f212eb7a-7679-4f13-a558-68f81ad8978b" enabled="false" useRefParam="false" refParamName="" r="0.000" g="0.000" b="0.000" execOnForceStopped="false" execOnActionCompleted="false" stopAfterLastEvent="true" nameSpace="">
      <Event eventName="SkillFuncInstant" time="0.000" isDuration="false" guid="c3115130-c6dd-4ae1-b21b-f52ac9205711" />
    </Track>
    <Track trackName="PlayAnimDuration0" eventType="PlayAnimDuration" guid="2ecf4038-a5bc-479e-b990-2f4b609ee651" enabled="false" useRefParam="false" refParamName="" r="0.000" g="0.000" b="0.000" execOnForceStopped="false" execOnActionCompleted="false" stopAfterLastEvent="true" nameSpace="">
      <Event eventName="PlayAnimDuration" time="0.000" length="0.500" isDuration="true" guid="cc9347d8-dcec-48b3-a283-615d45949e5c">
        <TemplateObject name="targetId" objectName="target" id="1" isTemp="false" refParamName="" useRefParam="false" />
        <int name="frameRate" value="120" refParamName="" useRefParam="false" />
        <bool name="bUseTargetSkinEffect" value="true" refParamName="" useRefParam="false"/>
        <String name="clipName" value="Stun" refParamName="" useRefParam="false" />
        <int name="layer" value="5" refParamName="" useRefParam="false" />
        <bool name="applyActionSpeed" value="false" refParamName="" useRefParam="false" />
        <bool name="playNextAnim" value="true" refParamName="" useRefParam="false" />
      </Event>
    </Track>
    <Track trackName="ForbidAbilityDuration0" eventType="ForbidAbilityDuration" guid="f9d65200-03d7-4477-afcc-73f40377ec6c" enabled="false" useRefParam="false" refParamName="" r="0.000" g="0.000" b="0.000" execOnForceStopped="false" execOnActionCompleted="false" stopAfterLastEvent="true" nameSpace="">
      <Event eventName="ForbidAbilityDuration" time="0.000" length="0.500" isDuration="true" guid="a5a1a70f-a833-4843-924c-f3fb04fc7ab7">
        <TemplateObject name="attackerId" objectName="target" id="1" isTemp="false" refParamName="" useRefParam="false" />
        <bool name="forbidMove" value="true" refParamName="" useRefParam="false" />
        <bool name="forbidSkill" value="true" refParamName="" useRefParam="false" />
      </Event>
    </Track>
    <Track trackName="PlayHeroSoundTick0" eventType="PlayHeroSoundTick" guid="e55fd128-51c4-4e88-83ff-53b295f1ef22" enabled="false" useRefParam="false" refParamName="" r="0.000" g="0.000" b="0.000" execOnForceStopped="false" execOnActionCompleted="false" stopAfterLastEvent="true" nameSpace="">
      <Event eventName="PlayHeroSoundTick" time="0.000" isDuration="false" guid="713f6310-8993-42fd-aeeb-f88e37dab29f">
        <TemplateObject name="targetId" objectName="target" id="1" isTemp="false" refParamName="" useRefParam="false" />
        <String name="eventName" value="Play_Billow_Skill_C_1_Hit_Skin1" refParamName="" useRefParam="false" />
      </Event>
    </Track>
    <Track trackName="SkillFuncDuration0" eventType="SkillFuncDuration" guid="fc1b1430-2d4c-48cf-b937-857fe8851469" enabled="true" useRefParam="false" refParamName="" r="0.000" g="0.000" b="0.000" execOnForceStopped="false" execOnActionCompleted="false" stopAfterLastEvent="true">
      <Event eventName="SkillFuncDuration" time="0.000" length="0.500" isDuration="true" guid="36c1e625-c001-4bd1-a840-aba6c778fa62">
        <Enum name="SkillFuncType" value="7" EnumValue="减少移动速度" refParamName="" useRefParam="false" />
      </Event>
    </Track>
  </Action>
</Project>