﻿<?xml version="1.0" encoding="utf-8"?>
<Project>
  <TemplateObjectList>
    <TemplateObject objectName="self" id="0" isTemp="false" />
    <TemplateObject objectName="target" id="1" isTemp="false" />
  </TemplateObjectList>
  <RefParamList>
    <Vector3i name="_BulletDir" x="0" y="0" z="0" refParamName="" useRefParam="false" />
  </RefParamList>
  <Action tag="" length="0.100" loop="false">
    <Track trackName="鱼" eventType="FilterTargetType" guid="19233e56-5aab-44de-9440-12074b48034e" enabled="true" useRefParam="false" refParamName="" r="0.000" g="0.000" b="0.000" execOnForceStopped="false" execOnActionCompleted="false" stopAfterLastEvent="true" nameSpace="">
      <Event eventName="FilterTargetType" time="0.000" isDuration="false" guid="dc8c614c-57d4-4db0-b0ef-50d9531c5310">
        <TemplateObject name="targetId" objectName="self" id="0" isTemp="false" refParamName="" useRefParam="false" />
        <bool name="bFilterBufferLayers" value="true" refParamName="" useRefParam="false" />
        <int name="buffId" value="599140" refParamName="" useRefParam="false" />
        <Enum name="operatorType" value="5" EnumValue="大于等于" refParamName="" useRefParam="false" />
        <int name="buffLayers" value="1" refParamName="" useRefParam="false" />
      </Event>
    </Track>
    <Track trackName="SkillFuncInstant0" eventType="SkillFuncInstant" guid="d81f4cf8-b336-49d5-a586-2b75e9876e1f" enabled="true" useRefParam="false" refParamName="" r="0.000" g="0.000" b="0.000" execOnForceStopped="false" execOnActionCompleted="false" stopAfterLastEvent="true" nameSpace="">
      <Event eventName="SkillFuncInstant" time="0.000" isDuration="false" guid="08ccfdd3-1151-4622-8a5d-f204e4e3c3fe">
        <Enum name="SkillFuncType" value="70" EnumValue="移除技能效果" refParamName="" useRefParam="false" />
      </Event>
    </Track>
    <Track trackName="HitTriggerTick0" eventType="HitTriggerTick" guid="94f53256-007c-446c-95d9-6e0c006d40f3" enabled="true" useRefParam="false" refParamName="" r="0.000" g="0.000" b="0.000" execOnForceStopped="false" execOnActionCompleted="false" stopAfterLastEvent="true" nameSpace="">
      <Condition id="0" guid="19233e56-5aab-44de-9440-12074b48034e" status="true" />
      <Event eventName="HitTriggerTick" time="0.000" isDuration="false" guid="444c07f3-81a6-4e44-861e-86a010004cc7" HitTriggerTick="HitTriggerTick">
        <TemplateObject name="targetId" objectName="self" id="0" isTemp="false" refParamName="" useRefParam="false" />
        <TemplateObject name="hitTargetId" objectName="None" id="-1" isTemp="false" refParamName="" useRefParam="false" />
        <int name="SelfSkillCombineID_1" value="599150" refParamName="" useRefParam="false" />
      </Event>
    </Track>
  </Action>
</Project>