﻿<?xml version="1.0" encoding="utf-8"?>
<Project>
  <TemplateObjectList>
    <TemplateObject objectName="self" id="0" isTemp="false" />
    <TemplateObject objectName="target" id="1" isTemp="false" />
    <TemplateObject objectName="攻击者" id="2" isTemp="false" />
  </TemplateObjectList>
  <RefParamList>
    <String name="strReturnCityEffectPath" value="" refParamName="" useRefParam="false" />
    <String name="strReturnCityFall" value="" refParamName="" useRefParam="false" />
    <Vector3i name="_TargetDir" x="0" y="0" z="0" refParamName="" useRefParam="false" />
    <Vector3i name="_TargetPos" x="0" y="0" z="0" refParamName="" useRefParam="false" />
  </RefParamList>
  <Action tag="" length="9.000" loop="false">
    <Track trackName="RemoveBulletTick0" eventType="RemoveBulletTick" guid="a8b038fa-6595-4876-a848-66584fe10ef9" enabled="true" useRefParam="false" refParamName="" r="0.000" g="0.000" b="0.000" execOnForceStopped="false" execOnActionCompleted="false" SkinAvatarFilterType="9">
      <Event eventName="RemoveBulletTick" time="0.000" isDuration="false" guid="e18d373c-9d9f-4d5e-bce8-4b07e3b8d01b">
        <TemplateObject name="targetId" objectName="self" id="0" isTemp="false" refParamName="" useRefParam="false" />
        <int name="bulletTypeId" value="527100" refParamName="" useRefParam="false" />
        <bool name="bImmeStop" value="true" refParamName="" useRefParam="false" />
      </Event>
      <SkinOrAvatarList id="52710" />
    </Track>
    <Track trackName="RemoveBulletTick0" eventType="RemoveBulletTick" guid="7c881b0a-2711-4a89-b3d4-222dc704188d" enabled="true" useRefParam="false" refParamName="" r="0.000" g="0.000" b="0.000" execOnForceStopped="false" execOnActionCompleted="false" SkinAvatarFilterType="9">
      <Event eventName="RemoveBulletTick" time="0.000" isDuration="false" guid="d3f6920a-2166-4c97-b273-fc853d7f4cb9">
        <TemplateObject name="targetId" objectName="self" id="0" isTemp="false" refParamName="" useRefParam="false" />
        <int name="bulletTypeId" value="527200" refParamName="" useRefParam="false" />
        <bool name="bImmeStop" value="true" refParamName="" useRefParam="false" />
      </Event>
      <SkinOrAvatarList id="52710" />
    </Track>
    <Track trackName="RemoveBulletTick0" eventType="RemoveBulletTick" guid="33c23ce6-4eca-4b98-b556-e3a4fa3f1d40" enabled="true" useRefParam="false" refParamName="" r="0.000" g="0.000" b="0.000" execOnForceStopped="false" execOnActionCompleted="false" SkinAvatarFilterType="9">
      <Event eventName="RemoveBulletTick" time="0.000" isDuration="false" guid="0240e739-a938-4640-84a1-2e62a2e1799d">
        <TemplateObject name="targetId" objectName="self" id="0" isTemp="false" refParamName="" useRefParam="false" />
        <int name="bulletTypeId" value="527300" refParamName="" useRefParam="false" />
        <bool name="bImmeStop" value="true" refParamName="" useRefParam="false" />
      </Event>
      <SkinOrAvatarList id="52710" />
    </Track>
    <Track trackName="检测双刃buff" eventType="CheckSkillCombineConditionTick" guid="54bef446-7cce-4539-97a8-9a0cbd37563d" enabled="true" useRefParam="false" refParamName="" r="0.000" g="0.000" b="0.000" execOnForceStopped="false" execOnActionCompleted="false" SkinAvatarFilterType="9">
      <Event eventName="CheckSkillCombineConditionTick" time="0.000" isDuration="false" guid="37a8c180-8551-4dc1-870e-46049f6e392b">
        <TemplateObject name="targetId" objectName="target" id="1" isTemp="false" refParamName="" useRefParam="false" />
        <int name="skillCombineId" value="154999" refParamName="" useRefParam="false" />
        <Enum name="checkOPType" value="5" EnumValue="大等于" refParamName="" useRefParam="false" />
        <int name="skillCombineLevel" value="1" refParamName="" useRefParam="false" />
      </Event>
      <SkinOrAvatarList id="15412" />
    </Track>
    <Track trackName="PlaySkinAction0" eventType="PlaySkinAction" guid="2bdd14c4-cec1-4c03-907f-be0201c3d36a" enabled="true" useRefParam="false" refParamName="" r="0.000" g="0.000" b="0.000" execOnForceStopped="false" execOnActionCompleted="false">
      <Event eventName="PlaySkinAction" time="0.000" length="9.000" isDuration="true" guid="bb53ae40-684a-4eb2-a773-f86fef637b4b">
        <TemplateObject name="targetId" objectName="self" id="0" isTemp="false" refParamName="" useRefParam="false" />
        <String name="actionName" value="Back" refParamName="" useRefParam="false" />
      </Event>
    </Track>
    <Track trackName="HitTriggerTick0" eventType="HitTriggerTick" guid="3fcc5b3f-3a9c-495c-bddd-5e3b03e5c01b" enabled="false" useRefParam="false" refParamName="" r="0.000" g="0.000" b="0.000" execOnForceStopped="false" execOnActionCompleted="false">
      <Event eventName="HitTriggerTick" time="0.000" isDuration="false" guid="aeac8c11-b7f4-4df5-a8a0-1cc6c8e7255a">
        <TemplateObject name="targetId" objectName="self" id="0" isTemp="false" refParamName="" useRefParam="false" />
        <int name="SelfSkillCombineID_1" value="90000" refParamName="" useRefParam="false" />
        <TemplateObject name="triggerId" objectName="self" id="0" isTemp="false" refParamName="" useRefParam="false" />
      </Event>
    </Track>
    <Track trackName="GetResource[huijidi]" eventType="GetHolidayResourcePathTick" guid="95cf43e1-a94a-4b6d-a10e-079af17b888c" enabled="true" useRefParam="false" refParamName="" r="0.000" g="0.000" b="0.000" execOnForceStopped="false" execOnActionCompleted="false">
      <Event eventName="GetHolidayResourcePathTick" time="0.000" isDuration="false" guid="4259cd02-fa70-4934-ba1a-455544daff9f">
        <String name="holidayResourcePathPrefix" value="Prefab_Skill_Effects/Inner_Game_Effect/returncity_holidays/Holiday0/huijidi" refParamName="" useRefParam="false" />
        <String name="outPathParamName" value="strReturnCityFall" refParamName="" useRefParam="false" />
        <String name="outSoundEventParamName" value="" refParamName="" useRefParam="false" />
      </Event>
    </Track>
    <Track trackName="GetResource[huicheng]" eventType="GetHolidayResourcePathTick" guid="cb944be3-2bf1-4b56-a5da-6676a85f329c" enabled="true" useRefParam="false" refParamName="" r="0.000" g="0.000" b="0.000" execOnForceStopped="false" execOnActionCompleted="false">
      <Event eventName="GetHolidayResourcePathTick" time="0.000" isDuration="false" guid="c7593f4e-f834-491d-ba7a-0a8395d1fabb">
        <int name="battleEffectCfgID" value="11000" refParamName="" useRefParam="false" />
        <String name="holidayResourcePathPrefix" value="Prefab_Skill_Effects/Inner_Game_Effect/returncity_holidays/Holiday0/huicheng_tongyong" refParamName="" useRefParam="false" />
        <String name="outPathParamName" value="strReturnCityEffectPath" refParamName="" useRefParam="false" />
        <String name="outSoundEventParamName" value="" refParamName="" useRefParam="false" />
      </Event>
    </Track>
    <Track trackName="SetBehaviourModeTick0" eventType="SetBehaviourModeTick" guid="de661ae3-4d58-4c8d-8a40-6506462d7337" enabled="true" useRefParam="false" refParamName="" r="0.000" g="0.000" b="0.000" execOnForceStopped="false" execOnActionCompleted="false">
      <Event eventName="SetBehaviourModeTick" time="0.000" isDuration="false" guid="c9b875ef-db77-4c9e-bc00-931838648777">
        <TemplateObject name="targetId" objectName="self" id="0" isTemp="false" refParamName="" useRefParam="false" />
        <bool name="clearMove" value="true" refParamName="" useRefParam="false" />
      </Event>
    </Track>
    <Track trackName="ForbidAbilityDuration0" eventType="ForbidAbilityDuration" guid="ef67059b-1136-4e7e-93da-474d455e8826" enabled="true" useRefParam="false" refParamName="" r="0.000" g="0.000" b="0.000" execOnForceStopped="false" execOnActionCompleted="false">
      <Event eventName="ForbidAbilityDuration" time="0.000" length="7.000" isDuration="true" guid="fb720678-0b36-4317-b69c-d7f1563ba40f">
        <TemplateObject name="attackerId" objectName="self" id="0" isTemp="false" refParamName="" useRefParam="false" />
        <bool name="abortFilterSkill0" value="true" refParamName="" useRefParam="false" />
        <bool name="abortFilterSkill1" value="true" refParamName="" useRefParam="false" />
        <bool name="abortFilterSkill2" value="true" refParamName="" useRefParam="false" />
        <bool name="abortFilterSkill3" value="true" refParamName="" useRefParam="false" />
        <bool name="abortFilterSkill4" value="true" refParamName="" useRefParam="false" />
        <bool name="abortFilterSkill5" value="true" refParamName="" useRefParam="false" />
        <bool name="abortFilterSkill8" value="true" refParamName="" useRefParam="false" />
        <bool name="abortFilterSkill9" value="true" refParamName="" useRefParam="false" />
        <bool name="abortFilterSkill11" value="true" refParamName="" useRefParam="false" />
        <bool name="abortFilterMove" value="true" refParamName="" useRefParam="false" />
        <bool name="abortFilterDamage" value="true" refParamName="" useRefParam="false" />
      </Event>
    </Track>
    <Track trackName="检测变身buff" eventType="CheckSkillCombineConditionTick" guid="29633672-e4f4-4822-9ccf-8f8a0d673f12" enabled="true" useRefParam="false" refParamName="" r="0.000" g="0.000" b="0.000" execOnForceStopped="false" execOnActionCompleted="false" SkinAvatarFilterType="9">
      <Event eventName="CheckSkillCombineConditionTick" time="0.000" isDuration="false" guid="ee25861d-62a2-465b-a7bb-adc39f7558cf">
        <TemplateObject name="targetId" objectName="target" id="1" isTemp="false" refParamName="" useRefParam="false" />
        <int name="skillCombineId" value="199980" refParamName="" useRefParam="false" />
        <Enum name="checkOPType" value="5" EnumValue="大等于" refParamName="" useRefParam="false" />
        <int name="skillCombineLevel" value="1" refParamName="" useRefParam="false" />
      </Event>
      <SkinOrAvatarList id="19908" />
    </Track>
    <Track trackName="RefreshActorVisibleTick0" eventType="RefreshActorVisibleTick" guid="abef09cb-5ae7-4795-8432-6c692e1a4e25" enabled="true" useRefParam="false" refParamName="" r="0.000" g="0.000" b="0.000" execOnForceStopped="false" execOnActionCompleted="false">
      <Event eventName="RefreshActorVisibleTick" time="6.933" isDuration="false" guid="2f138a07-d48f-4368-97af-2c202b6a0471">
        <TemplateObject name="targetId" objectName="self" id="0" isTemp="false" refParamName="" useRefParam="false" />
      </Event>
    </Track>
    <Track trackName="PlayHeroSoundTick0" eventType="PlayHeroSoundTick" guid="636802c1-ff96-4a63-a935-0fe06431265e" enabled="false" useRefParam="false" refParamName="" r="0.000" g="0.000" b="0.000" execOnForceStopped="false" execOnActionCompleted="false">
      <Event eventName="PlayHeroSoundTick" time="0.000" isDuration="false" guid="b0c62f62-1b9e-4e33-a338-2a457a4d53bf">
        <TemplateObject name="targetId" objectName="self" id="0" isTemp="false" refParamName="" useRefParam="false" />
        <TemplateObject name="sourceId" objectName="None" id="-1" isTemp="false" refParamName="" useRefParam="false" />
        <String name="eventName" value="Skill_Heal" refParamName="" useRefParam="false" />
      </Event>
    </Track>
    <Track trackName="PlayAnimDuration2" eventType="PlayAnimDuration" guid="972d1382-031a-4c10-8eeb-d10b3fc76f47" enabled="true" useRefParam="false" refParamName="" r="0.000" g="0.000" b="0.000" execOnForceStopped="false" execOnActionCompleted="false" SkinAvatarFilterType="11">
      <Event eventName="PlayAnimDuration" time="7.000" length="1.500" isDuration="true" guid="620b137f-72fa-4602-a653-72ae85944d33">
        <TemplateObject name="targetId" objectName="self" id="0" isTemp="false" refParamName="" useRefParam="false" />
        <String name="clipName" value="Gohome" refParamName="" useRefParam="false" />
        <int name="layer" value="2" refParamName="" useRefParam="false" />
        <bool name="alwaysAnimate" value="true" refParamName="" useRefParam="false" />
      </Event>
      <SkinOrAvatarList id="12912" />
      <SkinOrAvatarList id="13118" />
      <SkinOrAvatarList id="52710" />
      <SkinOrAvatarList id="51015" />
      <SkinOrAvatarList id="15013" />
      <SkinOrAvatarList id="15216" />
      <SkinOrAvatarList id="15902" />
      <SkinOrAvatarList id="11620" />
      <SkinOrAvatarList id="59802" />
      <SkinOrAvatarList id="59901" />
      <SkinOrAvatarList id="17408" />
    </Track>
    <Track trackName="PlayAnimDuration2" eventType="PlayAnimDuration" guid="112de6bc-6dd1-485c-bdd6-3867be63b528" enabled="true" useRefParam="false" refParamName="" r="0.000" g="0.000" b="0.000" execOnForceStopped="false" execOnActionCompleted="false" SkinAvatarFilterType="9">
      <Event eventName="PlayAnimDuration" time="7.000" length="1.500" isDuration="true" guid="2bf8d18e-70f4-4e90-b105-3761aa1f709b">
        <TemplateObject name="targetId" objectName="self" id="0" isTemp="false" refParamName="" useRefParam="false" />
        <String name="clipName" value="Gohome" refParamName="" useRefParam="false" />
        <int name="layer" value="5" refParamName="" useRefParam="false" />
        <bool name="alwaysAnimate" value="true" refParamName="" useRefParam="false" />
      </Event>
      <SkinOrAvatarList id="12912" />
      <SkinOrAvatarList id="13118" />
      <SkinOrAvatarList id="52710" />
      <SkinOrAvatarList id="51015" />
      <SkinOrAvatarList id="15013" />
      <SkinOrAvatarList id="15216" />
      <SkinOrAvatarList id="15902" />
      <SkinOrAvatarList id="11620" />
      <SkinOrAvatarList id="59802" />
      <SkinOrAvatarList id="59901" />
      <SkinOrAvatarList id="17408" />
    </Track>
    <Track trackName="CheckSkillCombineConditionTick0" eventType="CheckSkillCombineConditionTick" guid="b1697e33-b9f5-469f-9dce-4be52e867cf2" enabled="true" useRefParam="false" refParamName="" r="0.000" g="0.000" b="0.000" execOnForceStopped="false" execOnActionCompleted="false" SkinAvatarFilterType="9">
      <Event eventName="CheckSkillCombineConditionTick" time="0.000" isDuration="false" guid="d022d4b7-010f-4641-bd01-0b21b11718c2">
        <TemplateObject name="targetId" objectName="target" id="1" isTemp="false" refParamName="" useRefParam="false" />
        <int name="skillCombineId" value="171900" refParamName="" useRefParam="false" />
        <Enum name="checkOPType" value="3" EnumValue="等于" refParamName="" useRefParam="false" />
        <int name="skillCombineLevel" value="1" refParamName="" useRefParam="false" />
      </Event>
      <SkinOrAvatarList id="17106" />
    </Track>
    <Track trackName="PlayHeroSoundTick2" eventType="PlayHeroSoundTick" guid="23ad5e5e-7118-46d0-84de-0233863780d3" enabled="true" useRefParam="false" refParamName="" r="0.000" g="0.000" b="0.000" execOnForceStopped="false" execOnActionCompleted="false" SkinAvatarFilterType="9">
      <Condition id="34" guid="b1697e33-b9f5-469f-9dce-4be52e867cf2" status="true" />
      <Event eventName="PlayHeroSoundTick" time="0.000" isDuration="false" guid="52cc4c9c-bf6a-4fe4-9792-d1d3d6e8be67">
        <TemplateObject name="targetId" objectName="self" id="0" isTemp="false" refParamName="" useRefParam="false" />
        <TemplateObject name="sourceId" objectName="self" id="0" isTemp="false" refParamName="" useRefParam="false" />
        <String name="eventName" value="Play_Portal_M_ZhangFei_Skin6" refParamName="" useRefParam="false" />
        <bool name="useSkinSwitch" value="false" refParamName="" useRefParam="false" />
        <bool name="canNotBeCulled" value="true" refParamName="" useRefParam="false" />
      </Event>
      <SkinOrAvatarList id="17106" />
    </Track>
    <Track trackName="StopTrack0" eventType="StopTrack" guid="f69031af-ee5a-469c-a8a9-9a9a586ae872" enabled="true" useRefParam="false" refParamName="" r="0.000" g="0.000" b="0.000" execOnForceStopped="false" execOnActionCompleted="false" SkinAvatarFilterType="9">
      <Condition id="34" guid="b1697e33-b9f5-469f-9dce-4be52e867cf2" status="true" />
      <Event eventName="StopTrack" time="0.000" isDuration="false" guid="964d19b5-6604-4447-bfee-ebf333001d15">
        <TrackObject name="trackId" id="47" guid="91f49296-8c45-4201-9485-4063f274f145" refParamName="" useRefParam="false" />
        <bool name="alsoStopNotStartedTrack" value="true" refParamName="" useRefParam="false" />
      </Event>
      <SkinOrAvatarList id="17106" />
    </Track>
    <Track trackName="PlayHeroSoundTick2" eventType="PlayHeroSoundTick" guid="592aea6b-e117-4368-ad1c-cbaf4cac4de9" enabled="true" useRefParam="false" refParamName="" r="0.000" g="0.000" b="0.000" execOnForceStopped="false" execOnActionCompleted="false" SkinAvatarFilterType="9">
      <Condition id="34" guid="b1697e33-b9f5-469f-9dce-4be52e867cf2" status="false" />
      <Event eventName="PlayHeroSoundTick" time="0.000" isDuration="false" guid="bafb09ac-d407-4ed5-a9a4-06b9ae44feae">
        <TemplateObject name="targetId" objectName="self" id="0" isTemp="false" refParamName="" useRefParam="false" />
        <TemplateObject name="sourceId" objectName="self" id="0" isTemp="false" refParamName="" useRefParam="false" />
        <String name="eventName" value="Play_Portal_ZhangFei_Skin6" refParamName="" useRefParam="false" />
        <bool name="useSkinSwitch" value="false" refParamName="" useRefParam="false" />
        <bool name="canNotBeCulled" value="true" refParamName="" useRefParam="false" />
      </Event>
      <SkinOrAvatarList id="17106" />
    </Track>
    <Track trackName="51015" eventType="CheckSkinIdTick" guid="e533267d-58d5-4ce6-a189-960807c66be0" enabled="true" useRefParam="false" refParamName="" r="0.000" g="0.000" b="0.000" execOnForceStopped="false" execOnActionCompleted="false" SkinAvatarFilterType="9">
      <Event eventName="CheckSkinIdTick" time="0.006" isDuration="false" guid="cb365e06-972d-4d62-bd93-3c032678710e">
        <TemplateObject name="targetId" objectName="self" id="0" isTemp="false" refParamName="" useRefParam="false" />
        <int name="skinId" value="51015" refParamName="" useRefParam="false" />
      </Event>
      <SkinOrAvatarList id="51015" />
    </Track>
    <Track trackName="CheckSkillCombineConditionTick0" eventType="CheckSkillCombineConditionTick" guid="f0265a9e-6e5b-4d95-b3bd-7d932a05882b" enabled="true" useRefParam="false" refParamName="" r="0.000" g="0.000" b="0.000" execOnForceStopped="false" execOnActionCompleted="false" SkinAvatarFilterType="9">
      <Event eventName="CheckSkillCombineConditionTick" time="0.000" isDuration="false" guid="dcc67cc2-6670-45d6-a1e0-943e527f6591">
        <TemplateObject name="targetId" objectName="target" id="1" isTemp="false" refParamName="" useRefParam="false" />
        <int name="skillCombineId" value="510903" refParamName="" useRefParam="false" />
        <Enum name="checkOPType" value="3" EnumValue="等于" refParamName="" useRefParam="false" />
        <int name="skillCombineLevel" value="1" refParamName="" useRefParam="false" />
      </Event>
      <SkinOrAvatarList id="51015" />
    </Track>
    <Track trackName="PlayHeroSoundTick2" eventType="PlayHeroSoundTick" guid="294ac0e7-238f-43bb-a9a4-be3413a5cb1b" enabled="true" useRefParam="false" refParamName="" r="0.000" g="0.000" b="0.000" execOnForceStopped="false" execOnActionCompleted="false" SkinAvatarFilterType="9">
      <Condition id="39" guid="f0265a9e-6e5b-4d95-b3bd-7d932a05882b" status="true" />
      <Condition id="38" guid="e533267d-58d5-4ce6-a189-960807c66be0" status="true" />
      <Event eventName="PlayHeroSoundTick" time="0.000" isDuration="false" guid="66d3a038-49c0-4eff-86f6-0cd7b89ba1c6">
        <TemplateObject name="targetId" objectName="self" id="0" isTemp="false" refParamName="" useRefParam="false" />
        <TemplateObject name="sourceId" objectName="self" id="0" isTemp="false" refParamName="" useRefParam="false" />
        <String name="eventName" value="Play_Portal_Liliana_F_Skin15" refParamName="" useRefParam="false" />
        <bool name="useSkinSwitch" value="false" refParamName="" useRefParam="false" />
      </Event>
      <SkinOrAvatarList id="51015" />
    </Track>
    <Track trackName="PlayHeroSoundTick2" eventType="PlayHeroSoundTick" guid="f4de4718-9437-414d-ad91-017b7e947ae5" enabled="true" useRefParam="false" refParamName="" r="0.000" g="0.000" b="0.000" execOnForceStopped="false" execOnActionCompleted="false" SkinAvatarFilterType="9">
      <Condition id="39" guid="f0265a9e-6e5b-4d95-b3bd-7d932a05882b" status="false" />
      <Condition id="38" guid="e533267d-58d5-4ce6-a189-960807c66be0" status="true" />
      <Event eventName="PlayHeroSoundTick" time="0.000" isDuration="false" guid="fd62aee8-b4d7-48e9-8701-6ad2f9b4f014">
        <TemplateObject name="targetId" objectName="self" id="0" isTemp="false" refParamName="" useRefParam="false" />
        <TemplateObject name="sourceId" objectName="self" id="0" isTemp="false" refParamName="" useRefParam="false" />
        <String name="eventName" value="Play_Portal_Liliana_H_Skin15" refParamName="" useRefParam="false" />
        <bool name="useSkinSwitch" value="false" refParamName="" useRefParam="false" />
      </Event>
      <SkinOrAvatarList id="51015" />
    </Track>
    <Track trackName="PlayHeroSoundTick2" eventType="PlayHeroSoundTick" guid="cc8a9d4a-4933-4dd8-8269-adca1cf68fae" enabled="true" useRefParam="false" refParamName="" r="0.000" g="0.000" b="0.000" execOnForceStopped="false" execOnActionCompleted="false" SkinAvatarFilterType="9">
      <Condition id="39" guid="f0265a9e-6e5b-4d95-b3bd-7d932a05882b" status="false" />
      <Condition id="38" guid="e533267d-58d5-4ce6-a189-960807c66be0" status="true" />
      <Event eventName="PlayHeroSoundTick" time="6.983" isDuration="false" guid="f18bfcdd-b24b-4703-bd29-ebe663bccbdf">
        <TemplateObject name="targetId" objectName="self" id="0" isTemp="false" refParamName="" useRefParam="false" />
        <TemplateObject name="sourceId" objectName="self" id="0" isTemp="false" refParamName="" useRefParam="false" />
        <String name="eventName" value="Play_Back_Liliana_H_Skin15" refParamName="" useRefParam="false" />
        <bool name="useSkinSwitch" value="false" refParamName="" useRefParam="false" />
      </Event>
      <SkinOrAvatarList id="51015" />
    </Track>
    <Track trackName="PlayHeroSoundTick2" eventType="PlayHeroSoundTick" guid="9d925844-0a50-4599-a067-40685871b577" enabled="true" useRefParam="false" refParamName="" r="0.000" g="0.000" b="0.000" execOnForceStopped="false" execOnActionCompleted="false" SkinAvatarFilterType="9">
      <Condition id="39" guid="f0265a9e-6e5b-4d95-b3bd-7d932a05882b" status="true" />
      <Condition id="38" guid="e533267d-58d5-4ce6-a189-960807c66be0" status="true" />
      <Event eventName="PlayHeroSoundTick" time="6.983" isDuration="false" guid="977dc12f-0ff1-4f94-94d1-a3a1890131d9">
        <TemplateObject name="targetId" objectName="self" id="0" isTemp="false" refParamName="" useRefParam="false" />
        <TemplateObject name="sourceId" objectName="self" id="0" isTemp="false" refParamName="" useRefParam="false" />
        <String name="eventName" value="Play_Back_Liliana_F_Skin15" refParamName="" useRefParam="false" />
        <bool name="useSkinSwitch" value="false" refParamName="" useRefParam="false" />
      </Event>
      <SkinOrAvatarList id="51015" />
    </Track>
    <Track trackName="StopTrack0" eventType="StopTrack" guid="c0c4c3a9-16f2-443e-b424-52a68756b64a" enabled="true" useRefParam="false" refParamName="" r="0.000" g="0.000" b="0.000" execOnForceStopped="false" execOnActionCompleted="false" SkinAvatarFilterType="9">
      <Condition id="38" guid="e533267d-58d5-4ce6-a189-960807c66be0" status="true" />
      <Event eventName="StopTrack" time="0.000" isDuration="false" guid="4e2acb03-ad8f-48b1-a765-07d0f7138dbc">
        <TrackObject name="trackId" id="47" guid="91f49296-8c45-4201-9485-4063f274f145" refParamName="" useRefParam="false" />
        <bool name="alsoStopNotStartedTrack" value="true" refParamName="" useRefParam="false" />
      </Event>
      <SkinOrAvatarList id="51015" />
    </Track>
    <Track trackName="StopTrack0" eventType="StopTrack" guid="fe8d522c-8b97-481b-8bd4-bb88666ac95f" enabled="true" useRefParam="false" refParamName="" r="0.000" g="0.000" b="0.000" execOnForceStopped="false" execOnActionCompleted="false" SkinAvatarFilterType="9">
      <Condition id="38" guid="e533267d-58d5-4ce6-a189-960807c66be0" status="true" />
      <Event eventName="StopTrack" time="0.000" isDuration="false" guid="9199ef0d-581d-4303-958b-abbd0454189b">
        <TrackObject name="trackId" id="48" guid="20761e89-611b-4941-870b-89b5e998d50a" refParamName="" useRefParam="false" />
        <bool name="alsoStopNotStartedTrack" value="true" refParamName="" useRefParam="false" />
      </Event>
      <SkinOrAvatarList id="51015" />
    </Track>
    <Track trackName="PlayHeroSoundTick2" eventType="PlayHeroSoundTick" guid="973be899-2ab5-420c-b6ad-d88bce93d1f6" enabled="true" useRefParam="false" refParamName="" r="0.000" g="0.000" b="0.000" execOnForceStopped="true" execOnActionCompleted="true" SkinAvatarFilterType="11">
      <Event eventName="PlayHeroSoundTick" time="0.000" isDuration="false" guid="3ccc7792-84e5-4ce8-ad1b-c18ebf3b731f">
        <TemplateObject name="targetId" objectName="self" id="0" isTemp="false" refParamName="" useRefParam="false" />
        <TemplateObject name="sourceId" objectName="self" id="0" isTemp="false" refParamName="" useRefParam="false" />
        <String name="eventName" value="Stop_Portal" refParamName="" useRefParam="false" />
        <bool name="useSkinSwitch" value="false" refParamName="" useRefParam="false" />
        <bool name="canNotBeCulled" value="true" refParamName="" useRefParam="false" />
      </Event>
      <SkinOrAvatarList id="19908" />
    </Track>
    <Track trackName="PlayActionSoundTick0" eventType="PlayActionSoundTick" guid="91f49296-8c45-4201-9485-4063f274f145" enabled="true" useRefParam="false" refParamName="" r="0.000" g="0.000" b="0.000" execOnForceStopped="false" execOnActionCompleted="false">
      <Event eventName="PlayActionSoundTick" time="0.012" isDuration="false" guid="c218f19e-66a2-4fc4-8c49-5d16441596c6">
        <TemplateObject name="targetId" objectName="self" id="0" isTemp="false" refParamName="" useRefParam="false" />
        <Enum name="eventCfg" value="8" EnumValue="回城声音" refParamName="" useRefParam="false" />
      </Event>
    </Track>
    <Track trackName="PlayActionSoundTick1" eventType="PlayActionSoundTick" guid="20761e89-611b-4941-870b-89b5e998d50a" enabled="true" useRefParam="false" refParamName="" r="0.000" g="0.000" b="0.000" execOnForceStopped="false" execOnActionCompleted="false">
      <Event eventName="PlayActionSoundTick" time="6.983" isDuration="false" guid="7b1a9830-0c6c-4f10-bdd9-047c7dda2d3e">
        <TemplateObject name="targetId" objectName="self" id="0" isTemp="false" refParamName="" useRefParam="false" />
        <Enum name="eventCfg" value="9" EnumValue="落地声音" refParamName="" useRefParam="false" />
      </Event>
    </Track>
    <Track trackName="SetAnimationParamsDuration0" eventType="SetAnimationParamsDuration" guid="e8c36bf9-14bc-42db-99e1-12a895edb7af" enabled="true" useRefParam="false" refParamName="" r="0.000" g="0.000" b="0.000" execOnForceStopped="false" execOnActionCompleted="false" SkinAvatarFilterType="9">
      <Event eventName="SetAnimationParamsDuration" time="0.000" length="8.500" isDuration="true" guid="da142552-32c8-44ac-98ad-3234ef32eb30">
        <TemplateObject name="targetId" objectName="self" id="0" isTemp="false" refParamName="" useRefParam="false" />
        <Array name="boolNames" refParamName="" useRefParam="false" type="String">
          <String value="Locomotion" />
        </Array>
        <Array name="boolValues" refParamName="" useRefParam="false" type="bool">
          <bool value="false" />
        </Array>
        <bool name="bForceSetParamWhenLeave" value="true" refParamName="" useRefParam="false" />
        <Array name="leaveBoolNames" refParamName="" useRefParam="false" type="String">
          <String value="Locomotion" />
        </Array>
        <Array name="leaveBoolValues" refParamName="" useRefParam="false" type="bool">
          <bool value="false" />
        </Array>
      </Event>
      <SkinOrAvatarList id="59702" />
    </Track>
    <Track trackName="CheckAnimationSystemVirtualTick0" eventType="CheckAnimationSystemVirtualTick" guid="c67afecf-3d58-4364-ba6c-e9640728d2b2" enabled="true" useRefParam="false" refParamName="" r="0.000" g="0.000" b="0.000" execOnForceStopped="false" execOnActionCompleted="false" SkinAvatarFilterType="11">
      <Event eventName="CheckAnimationSystemVirtualTick" time="0.000" isDuration="false" guid="4e9ca525-12f7-4f23-9e45-d66eaf663241">
        <TemplateObject name="targetId" objectName="self" id="0" isTemp="false" refParamName="" useRefParam="false" />
        <Enum name="animationSystemType" value="1" EnumValue="Animator_3_0" refParamName="" useRefParam="false" />
      </Event>
      <SkinOrAvatarList id="52414" />
      <SkinOrAvatarList id="11620" />
      <SkinOrAvatarList id="59901" />
      <SkinOrAvatarList id="59802" />
      <SkinOrAvatarList id="12912" />
      <SkinOrAvatarList id="10915" />
      <SkinOrAvatarList id="13118" />
      <SkinOrAvatarList id="51015" />
      <SkinOrAvatarList id="50119" />
      <SkinOrAvatarList id="13613" />
      <SkinOrAvatarList id="11120" />
      <SkinOrAvatarList id="19015" />
      <SkinOrAvatarList id="13706" />
      <SkinOrAvatarList id="52710" />
      <SkinOrAvatarList id="59702" />
      <SkinOrAvatarList id="13314" />
      <SkinOrAvatarList id="52113" />
      <SkinOrAvatarList id="54805" />
      <SkinOrAvatarList id="17408" />
      <SkinOrAvatarList id="11215" />
      <SkinOrAvatarList id="13213" />
      <SkinOrAvatarList id="56301" />
      <SkinOrAvatarList id="15903" />
      <SkinOrAvatarList id="19908" />
    </Track>
    <Track trackName="SetAnimationParamsTick0" eventType="SetAnimationParamsTick" guid="0494bc0f-ce9a-4a30-8f23-ece4b73f7d81" enabled="true" useRefParam="false" refParamName="" r="0.000" g="0.000" b="0.000" execOnForceStopped="false" execOnActionCompleted="false" SkinAvatarFilterType="11">
      <Condition id="50" guid="c67afecf-3d58-4364-ba6c-e9640728d2b2" status="true" />
      <Event eventName="SetAnimationParamsTick" time="7.000" isDuration="false" guid="55d9dc8f-4d6b-4e1e-ad30-e38d552dcff2">
        <TemplateObject name="targetId" objectName="self" id="0" isTemp="false" refParamName="" useRefParam="false" />
        <Array name="boolNames" refParamName="" useRefParam="false" type="String">
          <String value="Idle" />
        </Array>
        <Array name="boolValues" refParamName="" useRefParam="false" type="bool">
          <bool value="true" />
        </Array>
      </Event>
      <SkinOrAvatarList id="52414" />
      <SkinOrAvatarList id="11620" />
      <SkinOrAvatarList id="59901" />
      <SkinOrAvatarList id="59802" />
      <SkinOrAvatarList id="12912" />
      <SkinOrAvatarList id="10915" />
      <SkinOrAvatarList id="13118" />
      <SkinOrAvatarList id="51015" />
      <SkinOrAvatarList id="50119" />
      <SkinOrAvatarList id="13613" />
      <SkinOrAvatarList id="11120" />
      <SkinOrAvatarList id="19015" />
      <SkinOrAvatarList id="13706" />
      <SkinOrAvatarList id="52710" />
      <SkinOrAvatarList id="59702" />
      <SkinOrAvatarList id="13314" />
      <SkinOrAvatarList id="52113" />
      <SkinOrAvatarList id="54805" />
      <SkinOrAvatarList id="17408" />
      <SkinOrAvatarList id="11215" />
      <SkinOrAvatarList id="13213" />
      <SkinOrAvatarList id="56301" />
      <SkinOrAvatarList id="15903" />
      <SkinOrAvatarList id="19908" />
    </Track>
    <Track trackName="SetAnimationParamsTick0" eventType="SetAnimationParamsTick" guid="06c2165b-f3f8-4052-ad33-0fb8eea3e67f" enabled="true" useRefParam="false" refParamName="" r="0.000" g="0.000" b="0.000" execOnForceStopped="false" execOnActionCompleted="false" SkinAvatarFilterType="9">
      <Event eventName="SetAnimationParamsTick" time="7.000" isDuration="false" guid="eaedae3f-605c-45f8-b3e3-8b971889b7bc">
        <TemplateObject name="targetId" objectName="self" id="0" isTemp="false" refParamName="" useRefParam="false" />
        <Array name="boolNames" refParamName="" useRefParam="false" type="String">
          <String value="Locomotion" />
        </Array>
        <Array name="boolValues" refParamName="" useRefParam="false" type="bool">
          <bool value="true" />
        </Array>
      </Event>
      <SkinOrAvatarList id="17408" />
    </Track>
    <Track trackName="SetAnimationParamsTick0" eventType="SetAnimationParamsTick" guid="7b5b05d7-833d-47e7-b958-dd9cd2556ebf" enabled="true" useRefParam="false" refParamName="" r="0.000" g="0.000" b="0.000" execOnForceStopped="false" execOnActionCompleted="false" SkinAvatarFilterType="9">
      <Event eventName="SetAnimationParamsTick" time="7.000" isDuration="false" guid="59764d88-a9d5-4fc5-b9aa-c8a7934bf0bb">
        <TemplateObject name="targetId" objectName="self" id="0" isTemp="false" refParamName="" useRefParam="false" />
        <Array name="boolNames" refParamName="" useRefParam="false" type="String">
          <String value="Locomotion" />
        </Array>
        <Array name="boolValues" refParamName="" useRefParam="false" type="bool">
          <bool value="true" />
        </Array>
      </Event>
      <SkinOrAvatarList id="17408" />
    </Track>
    <Track trackName="SetAnimationParamsTick0" eventType="SetAnimationParamsTick" guid="5d2821f9-716a-42c8-b94e-cf38ceb158a3" enabled="true" useRefParam="false" refParamName="" r="0.000" g="0.000" b="0.000" execOnForceStopped="false" execOnActionCompleted="false" SkinAvatarFilterType="9">
      <Event eventName="SetAnimationParamsTick" time="7.000" isDuration="false" guid="d1d102d4-2143-4b6a-8d25-ac550639c75b">
        <TemplateObject name="targetId" objectName="self" id="0" isTemp="false" refParamName="" useRefParam="false" />
        <Array name="boolNames" refParamName="" useRefParam="false" type="String">
          <String value="Locomotion" />
        </Array>
        <Array name="boolValues" refParamName="" useRefParam="false" type="bool">
          <bool value="true" />
        </Array>
      </Event>
      <SkinOrAvatarList id="17408" />
    </Track>
    <Track trackName="SetAnimationParamsTick0" eventType="SetAnimationParamsTick" guid="79c7265a-ffda-43e5-a7a8-a0817bc2653f" enabled="true" useRefParam="false" refParamName="" r="0.000" g="0.000" b="0.000" execOnForceStopped="false" execOnActionCompleted="false" SkinAvatarFilterType="9">
      <Event eventName="SetAnimationParamsTick" time="7.000" isDuration="false" guid="349163bc-c4f4-4fc7-9806-44b4b1b199a2">
        <TemplateObject name="targetId" objectName="self" id="0" isTemp="false" refParamName="" useRefParam="false" />
        <Array name="boolNames" refParamName="" useRefParam="false" type="String">
          <String value="Locomotion" />
        </Array>
        <Array name="boolValues" refParamName="" useRefParam="false" type="bool">
          <bool value="true" />
        </Array>
      </Event>
      <SkinOrAvatarList id="19908" />
    </Track>
    <Track trackName="检测人鱼buff" eventType="CheckSkillCombineConditionTick" guid="8c1bd30a-2010-4829-8124-65e43bea0b82" enabled="true" useRefParam="false" refParamName="" r="0.000" g="0.000" b="0.000" execOnForceStopped="false" execOnActionCompleted="false" SkinAvatarFilterType="9">
      <Event eventName="CheckSkillCombineConditionTick" time="0.000" isDuration="false" guid="1c4f242d-d943-4e96-bd72-fa9ea69bd3ef">
        <TemplateObject name="targetId" objectName="target" id="1" isTemp="false" refParamName="" useRefParam="false" />
        <int name="skillCombineId" value="159800" refParamName="" useRefParam="false" />
        <Enum name="checkOPType" value="5" EnumValue="大等于" refParamName="" useRefParam="false" />
        <int name="skillCombineLevel" value="1" refParamName="" useRefParam="false" />
      </Event>
      <SkinOrAvatarList id="15903" />
    </Track>
    <Track trackName="TriggerParticle0" eventType="TriggerParticle" guid="6be3d628-da50-4663-b86a-835f53fd3455" enabled="true" useRefParam="false" refParamName="" r="0.000" g="0.000" b="0.000" execOnForceStopped="false" execOnActionCompleted="false" SkinAvatarFilterType="9">
      <Condition id="56" guid="8c1bd30a-2010-4829-8124-65e43bea0b82" status="true" />
      <Event eventName="TriggerParticle" time="0.000" length="7.000" isDuration="true" guid="ef14c77e-e422-4b31-8874-9b108d182ff1">
        <TemplateObject name="targetId" objectName="self" id="0" isTemp="false" refParamName="" useRefParam="false" />
        <TemplateObject name="objectSpaceId" objectName="self" id="0" isTemp="false" refParamName="" useRefParam="false" />
        <String name="parentResourceName" value="prefab_skill_effects/tongyong_effects/tongyong_hurt/born_back_reborn/huicheng_tongyong_02" refParamName="" useRefParam="false" />
        <String name="resourceName" value="" refParamName="strReturnCityEffectPath" useRefParam="true" />
        <Vector3 name="bindPosOffset" x="0.000" y="-0.300" z="0.000" refParamName="" useRefParam="false" />
        <Vector3i name="scalingInt" x="10000" y="10000" z="10000" refParamName="" useRefParam="false" />
        <bool name="bEnableOptCull" value="false" refParamName="" useRefParam="false" />
        <bool name="bTrailProtect" value="true" refParamName="" useRefParam="false" />
        <Enum name="ReplacementUsage" value="1" EnumValue="回城特效" refParamName="" useRefParam="false" />
        <String name="syncAnimationName" value="" refParamName="" useRefParam="false" />
        <bool name="bApplySpecialEffect" value="true" refParamName="" useRefParam="false" />
        <bool name="bOnlySetAlpha" value="true" refParamName="" useRefParam="false" />
        <String name="customTagName" value="" refParamName="" useRefParam="false" />
      </Event>
      <SkinOrAvatarList id="15903" />
    </Track>
    <Track trackName="TriggerParticle0" eventType="TriggerParticle" guid="52c24dd7-a3fb-4870-abbc-6e357f69bba1" enabled="true" useRefParam="false" refParamName="" r="0.000" g="0.000" b="0.000" execOnForceStopped="false" execOnActionCompleted="false" SkinAvatarFilterType="9">
      <Condition id="56" guid="8c1bd30a-2010-4829-8124-65e43bea0b82" status="false" />
      <Event eventName="TriggerParticle" time="0.000" length="7.000" isDuration="true" guid="5cd77a80-1347-4dae-b30d-27cd5c65d2ac">
        <TemplateObject name="targetId" objectName="self" id="0" isTemp="false" refParamName="" useRefParam="false" />
        <TemplateObject name="objectSpaceId" objectName="self" id="0" isTemp="false" refParamName="" useRefParam="false" />
        <String name="parentResourceName" value="prefab_skill_effects/tongyong_effects/tongyong_hurt/born_back_reborn/huicheng_tongyong_01" refParamName="" useRefParam="false" />
        <String name="resourceName" value="" refParamName="strReturnCityEffectPath" useRefParam="true" />
        <Vector3 name="bindPosOffset" x="0.000" y="-0.300" z="0.000" refParamName="" useRefParam="false" />
        <Vector3i name="scalingInt" x="10000" y="10000" z="10000" refParamName="" useRefParam="false" />
        <bool name="bEnableOptCull" value="false" refParamName="" useRefParam="false" />
        <bool name="bTrailProtect" value="true" refParamName="" useRefParam="false" />
        <Enum name="ReplacementUsage" value="1" EnumValue="回城特效" refParamName="" useRefParam="false" />
        <String name="syncAnimationName" value="" refParamName="" useRefParam="false" />
        <bool name="bApplySpecialEffect" value="true" refParamName="" useRefParam="false" />
        <bool name="bOnlySetAlpha" value="true" refParamName="" useRefParam="false" />
        <String name="customTagName" value="" refParamName="" useRefParam="false" />
      </Event>
      <SkinOrAvatarList id="15903" />
    </Track>
    <Track trackName="TriggerParticleTick0" eventType="TriggerParticleTick" guid="2fde2f98-0a55-4bbd-94f8-d3df872352fa" enabled="true" useRefParam="false" refParamName="" r="0.000" g="0.000" b="0.000" execOnForceStopped="false" execOnActionCompleted="false" SkinAvatarFilterType="9">
      <Condition id="56" guid="8c1bd30a-2010-4829-8124-65e43bea0b82" status="true" />
      <Event eventName="TriggerParticleTick" time="7.000" isDuration="false" guid="ba20c168-9662-4464-baf3-99e5bd93d5ac">
        <TemplateObject name="targetId" objectName="None" id="-1" isTemp="false" refParamName="" useRefParam="false" />
        <TemplateObject name="objectSpaceId" objectName="self" id="0" isTemp="false" refParamName="" useRefParam="false" />
        <String name="parentResourceName" value="born_back_reborn/huijidi_02" refParamName="" useRefParam="false" />
        <String name="resourceName" value="" refParamName="strReturnCityFall" useRefParam="true" />
        <float name="lifeTime" value="5.000" refParamName="" useRefParam="false" />
        <Vector3i name="scalingInt" x="10000" y="10000" z="10000" refParamName="" useRefParam="false" />
        <bool name="bUseHeroLocalForward" value="true" refParamName="" useRefParam="false" />
        <Enum name="ReplacementUsage" value="1" EnumValue="回城特效" refParamName="" useRefParam="false" />
        <Enum name="ReplacementSubUsage" value="1" EnumValue="回城落地特效" refParamName="" useRefParam="false" />
      </Event>
      <SkinOrAvatarList id="15903" />
    </Track>
    <Track trackName="TriggerParticleTick0" eventType="TriggerParticleTick" guid="b2f58064-a09e-4279-ab74-5fffae0f47d6" enabled="true" useRefParam="false" refParamName="" r="0.000" g="0.000" b="0.000" execOnForceStopped="false" execOnActionCompleted="false" SkinAvatarFilterType="9">
      <Condition id="56" guid="8c1bd30a-2010-4829-8124-65e43bea0b82" status="false" />
      <Event eventName="TriggerParticleTick" time="7.000" isDuration="false" guid="624adf3e-6225-4ddd-86d0-c62acb828b6a">
        <TemplateObject name="targetId" objectName="None" id="-1" isTemp="false" refParamName="" useRefParam="false" />
        <TemplateObject name="objectSpaceId" objectName="self" id="0" isTemp="false" refParamName="" useRefParam="false" />
        <String name="parentResourceName" value="born_back_reborn/huijidi_01" refParamName="" useRefParam="false" />
        <String name="resourceName" value="" refParamName="strReturnCityFall" useRefParam="true" />
        <float name="lifeTime" value="5.000" refParamName="" useRefParam="false" />
        <Vector3i name="scalingInt" x="10000" y="10000" z="10000" refParamName="" useRefParam="false" />
        <bool name="bUseHeroLocalForward" value="true" refParamName="" useRefParam="false" />
        <Enum name="ReplacementUsage" value="1" EnumValue="回城特效" refParamName="" useRefParam="false" />
        <Enum name="ReplacementSubUsage" value="1" EnumValue="回城落地特效" refParamName="" useRefParam="false" />
      </Event>
      <SkinOrAvatarList id="15903" />
    </Track>
    <Track trackName="CheckSkillCombineConditionTick0" eventType="CheckSkillCombineConditionTick" guid="4690485d-2dc7-491f-ae52-b34e6033c783" enabled="true" useRefParam="false" refParamName="" r="0.000" g="0.000" b="0.000" execOnForceStopped="false" execOnActionCompleted="false" SkinAvatarFilterType="9">
      <Event eventName="CheckSkillCombineConditionTick" time="0.000" isDuration="false" guid="dc2212d0-71a1-45bc-8596-4752ea7d78f5">
        <TemplateObject name="targetId" objectName="self" id="0" isTemp="false" refParamName="" useRefParam="false" />
        <int name="skillCombineId" value="199980" refParamName="" useRefParam="false" />
        <Enum name="checkOPType" value="3" EnumValue="等于" refParamName="" useRefParam="false" />
        <int name="skillCombineLevel" value="1" refParamName="" useRefParam="false" />
      </Event>
      <SkinOrAvatarList id="19908" />
    </Track>
    <Track trackName="PlayHeroSoundTick3" eventType="PlayHeroSoundTick" guid="1e36d32d-e9ed-4bc3-9e2b-e968d4a7fced" enabled="true" useRefParam="false" refParamName="" r="0.000" g="0.000" b="0.000" execOnForceStopped="false" execOnActionCompleted="false" SkinAvatarFilterType="9">
      <Condition id="61" guid="4690485d-2dc7-491f-ae52-b34e6033c783" status="true" />
      <Event eventName="PlayHeroSoundTick" time="0.000" isDuration="false" guid="3677bf9d-6639-4f47-aef0-552c372f33a9">
        <TemplateObject name="targetId" objectName="self" id="0" isTemp="false" refParamName="" useRefParam="false" />
        <TemplateObject name="sourceId" objectName="self" id="0" isTemp="false" refParamName="" useRefParam="false" />
        <String name="eventName" value="Play_Elandorr_Portal" refParamName="" useRefParam="false" />
      </Event>
      <SkinOrAvatarList id="19908" />
    </Track>
    <Track trackName="PlayHeroSoundTick3" eventType="PlayHeroSoundTick" guid="ee26cf87-c017-4ce6-8a45-39045e98af24" enabled="true" useRefParam="false" refParamName="" r="0.000" g="0.000" b="0.000" execOnForceStopped="false" execOnActionCompleted="false" SkinAvatarFilterType="9">
      <Condition id="61" guid="4690485d-2dc7-491f-ae52-b34e6033c783" status="false" />
      <Event eventName="PlayHeroSoundTick" time="0.000" isDuration="false" guid="86e3de0e-eaa6-448f-ad5c-458a74c32422">
        <TemplateObject name="targetId" objectName="self" id="0" isTemp="false" refParamName="" useRefParam="false" />
        <TemplateObject name="sourceId" objectName="self" id="0" isTemp="false" refParamName="" useRefParam="false" />
        <String name="eventName" value="Play_Elandorr_Portal_Dream" refParamName="" useRefParam="false" />
      </Event>
      <SkinOrAvatarList id="19908" />
    </Track>
    <Track trackName="PlayHeroSoundTick3" eventType="PlayHeroSoundTick" guid="5d9f9883-d80d-454a-946f-01ee28604eb1" enabled="true" useRefParam="false" refParamName="" r="0.000" g="0.000" b="0.000" execOnForceStopped="true" execOnActionCompleted="true" SkinAvatarFilterType="9">
      <Event eventName="PlayHeroSoundTick" time="0.000" isDuration="false" guid="d596403d-b82b-4549-ad46-86401dbc532f">
        <TemplateObject name="targetId" objectName="self" id="0" isTemp="false" refParamName="" useRefParam="false" />
        <TemplateObject name="sourceId" objectName="self" id="0" isTemp="false" refParamName="" useRefParam="false" />
        <String name="eventName" value="Stop_Portal" refParamName="" useRefParam="false" />
      </Event>
      <SkinOrAvatarList id="19908" />
    </Track>
    <Track trackName="PlayHeroSoundTick3" eventType="PlayHeroSoundTick" guid="b36e531b-b298-4eac-bb8e-5b944cc7c120" enabled="true" useRefParam="false" refParamName="" r="0.000" g="0.000" b="0.000" execOnForceStopped="true" execOnActionCompleted="true" SkinAvatarFilterType="9">
      <Event eventName="PlayHeroSoundTick" time="0.000" isDuration="false" guid="286ae419-359e-4e8c-b913-280494bd290c">
        <TemplateObject name="targetId" objectName="self" id="0" isTemp="false" refParamName="" useRefParam="false" />
        <TemplateObject name="sourceId" objectName="self" id="0" isTemp="false" refParamName="" useRefParam="false" />
        <String name="eventName" value="Stop_Portal_Down" refParamName="" useRefParam="false" />
        <bool name="use1P3PSwitch" value="false" refParamName="" useRefParam="false" />
      </Event>
      <SkinOrAvatarList id="19908" />
    </Track>
  </Action>
</Project>