﻿<?xml version="1.0" encoding="utf-8"?>
<Project>
  <TemplateObjectList>
    <TemplateObject objectName="self" id="0" isTemp="false" />
    <TemplateObject objectName="target" id="1" isTemp="false" />
  </TemplateObjectList>
  <RefParamList>
    <String name="animName" value="" refParamName="" useRefParam="false" />
    <String name="soundEvent" value="" refParamName="" useRefParam="false" />
    <String name="effectPath" value="" refParamName="" useRefParam="false" />
    <String name="soundEndEvent" value="" refParamName="" useRefParam="false" />
    <Vector3i name="_TargetDir" x="0" y="0" z="0" refParamName="" useRefParam="false" />
    <Vector3i name="_TargetPos" x="0" y="0" z="0" refParamName="" useRefParam="false" />
  </RefParamList>
  <Action tag="" length="0.500" loop="false">
    <Track trackName="CheckModelChange0" eventType="CheckModelChange" guid="259b3d1c-c317-4836-934b-15f5dc4c92ae" enabled="true" useRefParam="false" refParamName="" r="0.000" g="0.000" b="0.000" execOnForceStopped="false" execOnActionCompleted="false">
      <Event eventName="CheckModelChange" time="0.000" isDuration="false" guid="d64dc6f2-40e5-43b2-ae54-88ea2e760ed1">
        <TemplateObject name="actorId" objectName="self" id="0" isTemp="false" refParamName="" useRefParam="false" />
      </Event>
    </Track>
    <Track trackName="CreateSkillContextDuration0" eventType="CreateSkillContextDuration" guid="cebd61d2-0449-4f6e-860c-7220a7333025" enabled="true" useRefParam="false" refParamName="" r="0.000" g="0.000" b="0.000" execOnForceStopped="false" execOnActionCompleted="false">
      <Event eventName="CreateSkillContextDuration" time="0.000" length="0.498" isDuration="true" guid="4be69a59-f2e7-4b32-a6a2-bf017bc64dee">
        <TemplateObject name="attackerId" objectName="self" id="0" isTemp="false" refParamName="" useRefParam="false" />
        <TemplateObject name="targetId" objectName="self" id="0" isTemp="false" refParamName="" useRefParam="false" />
      </Event>
    </Track>
    <Track trackName="CheckSkinIdTick0" eventType="CheckSkinIdTick" guid="204b3d4f-3c64-49dc-a966-e01462e8c067" enabled="false" useRefParam="false" refParamName="" r="0.000" g="0.000" b="0.000" execOnForceStopped="false" execOnActionCompleted="false">
      <Event eventName="CheckSkinIdTick" time="0.000" isDuration="false" guid="2bce1fa0-e5ac-4cb0-9034-5d6d893773ce">
        <TemplateObject name="targetId" objectName="self" id="0" isTemp="false" refParamName="" useRefParam="false" />
        <int name="skinId" value="52011" refParamName="" useRefParam="false" />
      </Event>
    </Track>
    <Track trackName="RemoveBuffTick0" eventType="RemoveBuffTick" guid="05e2bb3b-098b-46ea-9a34-101dfda27b25" enabled="false" useRefParam="false" refParamName="" r="0.000" g="0.000" b="0.000" execOnForceStopped="false" execOnActionCompleted="false">
      <Condition id="2" guid="204b3d4f-3c64-49dc-a966-e01462e8c067" status="true" />
      <Event eventName="RemoveBuffTick" time="0.000" isDuration="false" guid="7d0374c8-6403-482d-a8c6-a2394bddc74a">
        <TemplateObject name="targetId" objectName="self" id="0" isTemp="false" refParamName="" useRefParam="false" />
        <int name="buffId" value="520990" refParamName="" useRefParam="false" />
      </Event>
    </Track>
    <Track trackName="RemoveBuffTick0" eventType="RemoveBuffTick" guid="a8588842-7166-41fe-bf3c-d6ab88b0698c" enabled="false" useRefParam="false" refParamName="" r="0.000" g="0.000" b="0.000" execOnForceStopped="false" execOnActionCompleted="false">
      <Condition id="2" guid="204b3d4f-3c64-49dc-a966-e01462e8c067" status="true" />
      <Event eventName="RemoveBuffTick" time="0.000" isDuration="false" guid="7e3b41c9-f06f-4120-91db-570287bb5b11">
        <TemplateObject name="targetId" objectName="self" id="0" isTemp="false" refParamName="" useRefParam="false" />
        <int name="buffId" value="520991" refParamName="" useRefParam="false" />
      </Event>
    </Track>
    <Track trackName="CheckSkillCombineConditionTick1" eventType="CheckSkillCombineConditionTick" guid="e1b60b46-c957-4dc5-b956-a980867b1b8c" enabled="false" useRefParam="false" refParamName="" r="0.000" g="0.000" b="0.000" execOnForceStopped="false" execOnActionCompleted="false">
      <Event eventName="CheckSkillCombineConditionTick" time="0.000" isDuration="false" guid="58a791b5-719d-4f86-889c-87bfab9706a3">
        <TemplateObject name="targetId" objectName="self" id="0" isTemp="false" refParamName="" useRefParam="false" />
        <int name="skillCombineId" value="90005" refParamName="" useRefParam="false" />
        <Enum name="checkOPType" value="3" EnumValue="等于" refParamName="" useRefParam="false" />
      </Event>
    </Track>
    <Track trackName="CheckSkillCombineConditionTick0" eventType="CheckSkillCombineConditionTick" guid="81c622a9-7819-474d-9864-61453d075527" enabled="false" useRefParam="false" refParamName="" r="0.000" g="0.000" b="0.000" execOnForceStopped="false" execOnActionCompleted="false">
      <Event eventName="CheckSkillCombineConditionTick" time="0.000" isDuration="false" guid="738937d3-b769-48e1-bb8e-c767f24c6cc0">
        <TemplateObject name="targetId" objectName="self" id="0" isTemp="false" refParamName="" useRefParam="false" />
        <int name="skillCombineId" value="90015" refParamName="" useRefParam="false" />
        <Enum name="checkOPType" value="3" EnumValue="等于" refParamName="" useRefParam="false" />
      </Event>
    </Track>
    <Track trackName="LeaveTriggerDuration0" eventType="LeaveTriggerDuration" guid="f99bf700-c5ed-4108-992a-8fd1b6862393" enabled="false" useRefParam="false" refParamName="" r="0.000" g="0.000" b="0.000" execOnForceStopped="false" execOnActionCompleted="false">
      <Condition id="5" guid="e1b60b46-c957-4dc5-b956-a980867b1b8c" status="true" />
      <Condition id="6" guid="81c622a9-7819-474d-9864-61453d075527" status="true" />
      <Event eventName="LeaveTriggerDuration" time="0.000" length="0.500" isDuration="true" guid="71012e0b-327a-4d84-a41a-c8f61aca5485">
        <TemplateObject name="TargetID" objectName="self" id="0" isTemp="false" refParamName="" useRefParam="false" />
        <int name="TargetSkillCombine_1" value="520990" refParamName="" useRefParam="false" />
        <int name="TargetSkillCombine_2" value="520991" refParamName="" useRefParam="false" />
      </Event>
    </Track>
    <Track trackName="HitTriggerTick0" eventType="HitTriggerTick" guid="0d7aacc9-dd72-4bc6-b662-82c54fdebd68" enabled="false" useRefParam="false" refParamName="" r="0.000" g="0.000" b="0.000" execOnForceStopped="true" execOnActionCompleted="true">
      <Event eventName="HitTriggerTick" time="0.000" isDuration="false" guid="396bb773-3d3f-4e5d-bcad-b32c665659e4">
        <TemplateObject name="targetId" objectName="self" id="0" isTemp="false" refParamName="" useRefParam="false" />
        <TemplateObject name="hitTargetId" objectName="self" id="0" isTemp="false" refParamName="" useRefParam="false" />
        <int name="TargetSkillCombine_1" value="520992" refParamName="" useRefParam="false" />
      </Event>
    </Track>
    <Track trackName="10620" eventType="CheckSkinIdTick" guid="cb0259f4-2c1a-42f5-b553-c739bf699a0b" enabled="true" useRefParam="false" refParamName="" r="0.000" g="0.000" b="0.000" execOnForceStopped="false" execOnActionCompleted="false">
      <Event eventName="CheckSkinIdTick" time="0.000" isDuration="false" guid="cdee12ba-b00e-4c45-97d0-7b48bae66c4b">
        <TemplateObject name="targetId" objectName="self" id="0" isTemp="false" refParamName="" useRefParam="false" />
        <int name="skinId" value="10620" refParamName="" useRefParam="false" />
        <bool name="bSkipLogicCheck" value="true" refParamName="" useRefParam="false" />
      </Event>
    </Track>
    <Track trackName="小乔打断检测" eventType="HitTriggerTick" guid="1d9f29a5-6425-44be-9717-88fe05824740" enabled="true" useRefParam="false" refParamName="" r="0.000" g="0.000" b="0.000" execOnForceStopped="false" execOnActionCompleted="false">
      <Condition id="9" guid="cb0259f4-2c1a-42f5-b553-c739bf699a0b" status="true" />
      <Event eventName="HitTriggerTick" time="0.000" isDuration="false" guid="06e8cccf-ce0d-4494-bd63-87bfdf47c325">
        <TemplateObject name="targetId" objectName="self" id="0" isTemp="false" refParamName="" useRefParam="false" />
        <TemplateObject name="hitTargetId" objectName="self" id="0" isTemp="false" refParamName="" useRefParam="false" />
        <int name="SelfSkillCombineID_1" value="106996" refParamName="" useRefParam="false" />
      </Event>
    </Track>
    <Track trackName="SpawnBulletTick0" eventType="SpawnBulletTick" guid="cb624baa-d3b1-42d8-a6b3-413769c4fe3b" enabled="true" useRefParam="false" refParamName="" r="0.000" g="0.000" b="0.000" execOnForceStopped="false" execOnActionCompleted="false" SkinAvatarFilterType="9">
      <Event eventName="SpawnBulletTick" time="0.000" isDuration="false" guid="9b9f9479-96d4-4629-b08d-f4bb79fe4bbc">
        <TemplateObject name="targetId" objectName="self" id="0" isTemp="false" refParamName="" useRefParam="false" />
        <String name="ActionName" value="Prefab_Characters/Prefab_Hero/commonresource/DanceBullet" refParamName="" useRefParam="false" />
        <bool name="bDeadRemove" value="true" refParamName="" useRefParam="false" />
        <bool name="bAgeEternal" value="true" refParamName="" useRefParam="false" />
        <int name="bulletTypeId" value="789" refParamName="" useRefParam="false" />
        <int name="bulletUpperLimit" value="1" refParamName="" useRefParam="false" />
        <bool name="bAbort" value="true" refParamName="" useRefParam="false" />
      </Event>
      <SkinOrAvatarList id="11620" />
    </Track>
    <Track trackName="SpawnBulletTick0" eventType="SpawnBulletTick" guid="4b2ad674-8cd5-44da-b2ef-e9b6187c9b80" enabled="true" useRefParam="false" refParamName="" r="0.000" g="0.000" b="0.000" execOnForceStopped="false" execOnActionCompleted="false" SkinAvatarFilterType="11">
      <Event eventName="SpawnBulletTick" time="0.000" isDuration="false" guid="b70ad8e1-7221-40c7-9fac-1b8d73b8e1d4">
        <TemplateObject name="targetId" objectName="self" id="0" isTemp="false" refParamName="" useRefParam="false" />
        <String name="ActionName" value="Prefab_Characters/Prefab_Hero/commonresource/DanceBullet" refParamName="" useRefParam="false" />
        <bool name="bDeadRemove" value="true" refParamName="" useRefParam="false" />
        <bool name="bAgeEternal" value="true" refParamName="" useRefParam="false" />
        <int name="bulletTypeId" value="789" refParamName="" useRefParam="false" />
        <int name="bulletUpperLimit" value="1" refParamName="" useRefParam="false" />
        <bool name="bAbort" value="true" refParamName="" useRefParam="false" />
        <bool name="bAgeImmeStop" value="true" refParamName="" useRefParam="false" />
      </Event>
      <SkinOrAvatarList id="11620" />
    </Track>
  </Action>
</Project>