﻿<?xml version="1.0" encoding="utf-8"?>
<Project>
  <TemplateObjectList>
    <TemplateObject objectName="self" id="0" isTemp="false" />
    <TemplateObject objectName="target" id="1" isTemp="false" />
  </TemplateObjectList>
  <RefParamList>
    <Vector3i name="_TargetDir" x="0" y="0" z="0" refParamName="" useRefParam="false" />
    <Vector3i name="_TargetPos" x="0" y="0" z="0" refParamName="" useRefParam="false" />
  </RefParamList>
  <Action tag="" length="5.000" loop="false">
    <Track trackName="RemoveBuffTick0" eventType="RemoveBuffTick" guid="23020323-da92-4585-8c25-990cccaf09fa" enabled="true" useRefParam="false" refParamName="" r="0.000" g="0.000" b="0.000" execOnForceStopped="false" execOnActionCompleted="false">
      <Event eventName="RemoveBuffTick" time="0.000" isDuration="false" guid="574fb35b-f6b0-418f-8360-847ab938802a">
        <TemplateObject name="targetId" objectName="self" id="0" isTemp="false" refParamName="" useRefParam="false" />
        <int name="buffId" value="9000510" refParamName="" useRefParam="false" />
      </Event>
    </Track>
    <Track trackName="SkillFuncPerioidc0" eventType="SkillFuncPerioidc" guid="a8594e82-e226-4b58-9360-d134ebd905bb" enabled="true" useRefParam="false" refParamName="" r="0.000" g="0.000" b="0.000" execOnForceStopped="false" execOnActionCompleted="false">
      <Event eventName="SkillFuncPerioidc" time="0.000" length="5.000" isDuration="true" guid="a0611d90-e0be-421f-8627-3e843bf8c4a6">
        <Enum name="SkillFuncType" value="6" EnumValue="增加移动速度" refParamName="" useRefParam="false" />
        <int name="PeriodicInterval" value="500" refParamName="" useRefParam="false" />
      </Event>
    </Track>
    <Track trackName="10620逻辑层" eventType="CheckSkinIdTick" guid="d153aa1c-9b88-42bd-91e6-51a90b8152cd" enabled="true" useRefParam="false" refParamName="" r="0.000" g="0.000" b="0.000" execOnForceStopped="false" execOnActionCompleted="false">
      <Event eventName="CheckSkinIdTick" time="0.000" isDuration="false" guid="f0e0cc1c-1355-4be0-a706-07d2dd526c99">
        <TemplateObject name="targetId" objectName="target" id="1" isTemp="false" refParamName="" useRefParam="false" />
        <int name="skinId" value="10620" refParamName="" useRefParam="false" />
      </Event>
    </Track>
    <Track trackName="StopTrack0" eventType="StopTrack" guid="f7dcfb5f-a13d-4639-9b7a-a426943dfddf" enabled="true" useRefParam="false" refParamName="" r="0.000" g="0.000" b="0.000" execOnForceStopped="false" execOnActionCompleted="false">
      <Condition id="2" guid="d153aa1c-9b88-42bd-91e6-51a90b8152cd" status="true" />
      <Event eventName="StopTrack" time="0.000" isDuration="false" guid="80d990af-7e7e-40ce-92a1-cca2da108fcb">
        <TrackObject name="trackId" id="8" guid="412ea073-5944-46e4-ae5e-3037e855fda7" refParamName="" useRefParam="false" />
        <bool name="alsoStopNotStartedTrack" value="true" refParamName="" useRefParam="false" />
      </Event>
    </Track>
    <Track trackName="if not BianShen" eventType="CheckSkillCombineConditionTick" guid="49784207-9a83-4f84-ae32-e9406e278c59" enabled="true" useRefParam="false" refParamName="" r="0.000" g="0.000" b="0.000" execOnForceStopped="false" execOnActionCompleted="false">
      <Event eventName="CheckSkillCombineConditionTick" time="0.000" isDuration="false" guid="4331e084-2a29-4825-a7e2-fc4815c508a2">
        <TemplateObject name="targetId" objectName="target" id="1" isTemp="false" refParamName="" useRefParam="false" />
        <int name="skillCombineId" value="50007001" refParamName="" useRefParam="false" />
        <Enum name="checkOPType" value="2" EnumValue="小等于" refParamName="" useRefParam="false" />
      </Event>
    </Track>
    <Track trackName="CheckSkinIdTick2" eventType="CheckSkinIdTick" guid="b5df3e0f-8089-4671-bf88-585d54f4fb28" enabled="true" useRefParam="false" refParamName="" r="0.000" g="0.000" b="0.000" execOnForceStopped="false" execOnActionCompleted="false">
      <Condition id="4" guid="49784207-9a83-4f84-ae32-e9406e278c59" status="true" />
      <Event eventName="CheckSkinIdTick" time="0.000" isDuration="false" guid="1214add3-8a21-47fd-a545-981cc945e0ec">
        <TemplateObject name="targetId" objectName="target" id="1" isTemp="false" refParamName="" useRefParam="false" />
        <int name="skinId" value="15710" refParamName="" useRefParam="false" />
        <bool name="bEqual" value="false" refParamName="" useRefParam="false" />
        <bool name="bSkipLogicCheck" value="true" refParamName="" useRefParam="false" />
      </Event>
    </Track>
    <Track trackName="CheckSkinIdTick3" eventType="CheckSkinIdTick" guid="bc020bba-a3eb-4c36-8198-a13ee8b05f9f" enabled="true" useRefParam="false" refParamName="" r="0.000" g="0.000" b="0.000" execOnForceStopped="false" execOnActionCompleted="false">
      <Condition id="4" guid="49784207-9a83-4f84-ae32-e9406e278c59" status="true" />
      <Event eventName="CheckSkinIdTick" time="0.000" isDuration="false" guid="177e854c-d7cb-489c-a6ae-2a1fe3fe19b6">
        <TemplateObject name="targetId" objectName="target" id="1" isTemp="false" refParamName="" useRefParam="false" />
        <int name="skinId" value="15710" refParamName="" useRefParam="false" />
        <bool name="bSkipLogicCheck" value="true" refParamName="" useRefParam="false" />
      </Event>
    </Track>
    <Track trackName="高级皮肤不要通用拖尾列表" eventType="CheckSkinIdVirtualTick" guid="b80a786a-c16d-472d-8b20-52c24ee46571" enabled="true" useRefParam="false" refParamName="" r="0.000" g="0.000" b="0.000" execOnForceStopped="false" execOnActionCompleted="false">
      <Event eventName="CheckSkinIdVirtualTick" time="0.000" isDuration="false" guid="0b3af316-6469-4b5f-a956-90f568e29eae">
        <TemplateObject name="targetId" objectName="target" id="1" isTemp="false" refParamName="" useRefParam="false" />
        <bool name="useNegateValue" value="true" refParamName="" useRefParam="false" />
        <Array name="skinIdArray" refParamName="" useRefParam="false" type="int">
          <int value="51015" />
          <int value="11620" />
        </Array>
      </Event>
    </Track>
    <Track trackName="泉水通用加速特效" eventType="TriggerParticle" guid="412ea073-5944-46e4-ae5e-3037e855fda7" enabled="true" useRefParam="false" refParamName="" r="0.000" g="0.000" b="0.000" execOnForceStopped="false" execOnActionCompleted="false">
      <Condition id="4" guid="49784207-9a83-4f84-ae32-e9406e278c59" status="true" />
      <Condition id="5" guid="b5df3e0f-8089-4671-bf88-585d54f4fb28" status="true" />
      <Condition id="7" guid="b80a786a-c16d-472d-8b20-52c24ee46571" status="true" />
      <Event eventName="TriggerParticle" time="0.000" length="5.000" isDuration="true" guid="81cc2363-5270-4ebf-8d63-ee953436ade7">
        <TemplateObject name="targetId" objectName="target" id="1" isTemp="false" refParamName="" useRefParam="false" />
        <TemplateObject name="objectSpaceId" objectName="target" id="1" isTemp="false" refParamName="" useRefParam="false" />
        <String name="resourceName" value="prefab_skill_effects/common_effects/jiasu_tongyong_01" refParamName="" useRefParam="false" />
        <Vector3 name="bindPosOffset" x="0.000" y="0.700" z="-0.600" refParamName="" useRefParam="false" />
        <Vector3i name="scalingInt" x="10000" y="10000" z="10000" refParamName="" useRefParam="false" />
        <bool name="bUseTargetSkinEffect" value="true" refParamName="" useRefParam="false" />
        <Enum name="ReplacementUsage" value="3" EnumValue="泉水加速特效" refParamName="" useRefParam="false" />
        <String name="syncAnimationName" value="" refParamName="" useRefParam="false" />
        <String name="customTagName" value="" refParamName="" useRefParam="false" />
      </Event>
    </Track>
    <Track trackName="TriggerParticle0" eventType="TriggerParticle" guid="aecced31-0011-43e4-a7f2-14f999d326b3" enabled="true" useRefParam="false" refParamName="" r="0.000" g="0.000" b="0.000" execOnForceStopped="false" execOnActionCompleted="false">
      <Condition id="4" guid="49784207-9a83-4f84-ae32-e9406e278c59" status="true" />
      <Condition id="6" guid="bc020bba-a3eb-4c36-8198-a13ee8b05f9f" status="true" />
      <Event eventName="TriggerParticle" time="0.000" length="5.000" isDuration="true" guid="475c3d05-5619-4c92-97f2-3eadae7dfabe">
        <TemplateObject name="targetId" objectName="target" id="1" isTemp="false" refParamName="" useRefParam="false" />
        <TemplateObject name="objectSpaceId" objectName="target" id="1" isTemp="false" refParamName="" useRefParam="false" />
        <String name="resourceName" value="prefab_skill_effects/common_effects/jiasu_tongyong_01" refParamName="" useRefParam="false" />
        <Vector3 name="bindPosOffset" x="0.000" y="0.700" z="-0.600" refParamName="" useRefParam="false" />
        <Vector3i name="scalingInt" x="10000" y="10000" z="10000" refParamName="" useRefParam="false" />
        <bool name="bUseTargetSkinEffect" value="true" refParamName="" useRefParam="false" />
        <Enum name="ReplacementUsage" value="3" EnumValue="泉水加速特效" refParamName="" useRefParam="false" />
        <String name="syncAnimationName" value="" refParamName="" useRefParam="false" />
        <bool name="bReverseXWhenCameraMirror" value="true" refParamName="" useRefParam="false" />
        <String name="customTagName" value="" refParamName="" useRefParam="false" />
      </Event>
    </Track>
    <Track trackName="TriggerParticle0" eventType="TriggerParticle" guid="37253c00-cd41-479f-8048-03193086c9e0" enabled="true" useRefParam="false" refParamName="" r="0.000" g="0.000" b="0.000" execOnForceStopped="false" execOnActionCompleted="false">
      <Condition id="6" guid="bc020bba-a3eb-4c36-8198-a13ee8b05f9f" status="true" />
      <Condition id="4" guid="49784207-9a83-4f84-ae32-e9406e278c59" status="true" />
      <Event eventName="TriggerParticle" time="0.000" length="5.000" isDuration="true" guid="f0229731-a40f-486c-b39c-4bfe51483687">
        <TemplateObject name="targetId" objectName="target" id="1" isTemp="false" refParamName="" useRefParam="false" />
        <TemplateObject name="objectSpaceId" objectName="target" id="1" isTemp="false" refParamName="" useRefParam="false" />
        <String name="resourceName" value="prefab_skill_effects/common_effects/jiasu_tongyong_02" refParamName="" useRefParam="false" />
        <Vector3i name="scalingInt" x="10000" y="10000" z="10000" refParamName="" useRefParam="false" />
        <bool name="bUseTargetSkinEffect" value="true" refParamName="" useRefParam="false" />
        <Enum name="ReplacementUsage" value="3" EnumValue="泉水加速特效" refParamName="" useRefParam="false" />
        <String name="syncAnimationName" value="" refParamName="" useRefParam="false" />
        <bool name="bReverseXWhenCameraMirror" value="true" refParamName="" useRefParam="false" />
        <String name="customTagName" value="" refParamName="" useRefParam="false" />
      </Event>
    </Track>
    <Track trackName="非15412" eventType="CheckSkinIdTick" guid="16952de6-2659-4b53-88f6-d786f765e916" enabled="true" useRefParam="false" refParamName="" r="0.000" g="0.000" b="0.000" execOnForceStopped="false" execOnActionCompleted="false">
      <Event eventName="CheckSkinIdTick" time="0.000" isDuration="false" guid="6e3054f6-94bb-4f3f-8cbc-6f1592818230">
        <TemplateObject name="targetId" objectName="target" id="1" isTemp="false" refParamName="" useRefParam="false" />
        <int name="skinId" value="15412" refParamName="" useRefParam="false" />
        <bool name="bEqual" value="false" refParamName="" useRefParam="false" />
        <bool name="bSkipLogicCheck" value="true" refParamName="" useRefParam="false" />
      </Event>
    </Track>
    <Track trackName="非10620" eventType="CheckSkinIdTick" guid="e723d00e-0dd4-48f7-9f1f-5662eb1bbbab" enabled="true" useRefParam="false" refParamName="" r="0.000" g="0.000" b="0.000" execOnForceStopped="false" execOnActionCompleted="false">
      <Event eventName="CheckSkinIdTick" time="0.000" isDuration="false" guid="4ec67a12-abcb-4e7c-b54f-5997fce94cb1">
        <TemplateObject name="targetId" objectName="target" id="1" isTemp="false" refParamName="" useRefParam="false" />
        <int name="skinId" value="10620" refParamName="" useRefParam="false" />
        <bool name="bEqual" value="false" refParamName="" useRefParam="false" />
        <bool name="bSkipLogicCheck" value="true" refParamName="" useRefParam="false" />
      </Event>
    </Track>
    <Track trackName="ChangeAnimDuration0" eventType="ChangeAnimDuration" guid="b56278fc-6f15-4d5d-b740-856a9766e6d8" enabled="true" useRefParam="false" refParamName="" r="0.000" g="0.000" b="0.000" execOnForceStopped="false" execOnActionCompleted="false">
      <Condition id="11" guid="16952de6-2659-4b53-88f6-d786f765e916" status="true" />
      <Condition id="12" guid="e723d00e-0dd4-48f7-9f1f-5662eb1bbbab" status="true" />
      <Event eventName="ChangeAnimDuration" time="0.000" length="5.000" isDuration="true" guid="ed26ef10-e834-475c-88ee-7286ea6a97f5">
        <TemplateObject name="targetId" objectName="target" id="1" isTemp="false" refParamName="" useRefParam="false" />
        <String name="originalAnimName" value="Run" refParamName="" useRefParam="false" />
        <String name="changedAnimName" value="Sprint" refParamName="" useRefParam="false" />
        <bool name="bDontChangeIfNotExist" value="true" refParamName="" useRefParam="false" />
        <bool name="bChangeRunAnimBaseSpeed" value="true" refParamName="" useRefParam="false" />
        <float name="runAnimBaseSpeed" value="0.700" refParamName="" useRefParam="false" />
        <String name="runAnimName1" value="" refParamName="" useRefParam="false" />
        <String name="runAnimName2" value="" refParamName="" useRefParam="false" />
        <String name="runAnimName3" value="" refParamName="" useRefParam="false" />
        <String name="runAnimName4" value="" refParamName="" useRefParam="false" />
      </Event>
    </Track>
    <Track trackName="ChangeAnimDuration0" eventType="ChangeAnimDuration" guid="25eec29f-9c4b-4649-ab28-da54e88fb429" enabled="true" useRefParam="false" refParamName="" r="0.000" g="0.000" b="0.000" execOnForceStopped="false" execOnActionCompleted="false">
      <Condition id="11" guid="16952de6-2659-4b53-88f6-d786f765e916" status="true" />
      <Condition id="12" guid="e723d00e-0dd4-48f7-9f1f-5662eb1bbbab" status="true" />
      <Event eventName="ChangeAnimDuration" time="0.000" length="5.000" isDuration="true" guid="c34236f2-bb3b-4a01-b39e-0183fe2af00c">
        <TemplateObject name="targetId" objectName="target" id="1" isTemp="false" refParamName="" useRefParam="false" />
        <String name="originalAnimName" value="Idle" refParamName="" useRefParam="false" />
        <String name="changedAnimName" value="Sprint_idle" refParamName="" useRefParam="false" />
        <bool name="bDontChangeIfNotExist" value="true" refParamName="" useRefParam="false" />
        <bool name="bChangeRunAnimBaseSpeed" value="true" refParamName="" useRefParam="false" />
        <float name="runAnimBaseSpeed" value="0.700" refParamName="" useRefParam="false" />
        <String name="runAnimName1" value="" refParamName="" useRefParam="false" />
        <String name="runAnimName2" value="" refParamName="" useRefParam="false" />
        <String name="runAnimName3" value="" refParamName="" useRefParam="false" />
        <String name="runAnimName4" value="" refParamName="" useRefParam="false" />
      </Event>
    </Track>
    <Track trackName="CheckSkillCombineConditionTick0" eventType="CheckSkillCombineConditionTick" guid="b700e964-04f4-4c76-bf9d-f50b5be126b0" enabled="true" useRefParam="false" refParamName="" r="0.000" g="0.000" b="0.000" execOnForceStopped="false" execOnActionCompleted="false">
      <Event eventName="CheckSkillCombineConditionTick" time="0.000" isDuration="false" guid="4ec4fbb9-c253-4220-85c9-d9d5bcb67729">
        <TemplateObject name="targetId" objectName="target" id="1" isTemp="false" refParamName="" useRefParam="false" />
        <int name="skillCombineId" value="7760012" refParamName="" useRefParam="false" />
        <Enum name="checkOPType" value="5" EnumValue="大等于" refParamName="" useRefParam="false" />
        <int name="skillCombineLevel" value="1" refParamName="" useRefParam="false" />
      </Event>
    </Track>
    <Track trackName="HitTriggerTick0" eventType="HitTriggerTick" guid="d0a42ef3-dbe4-4300-8477-c4a8e3c4ca20" enabled="true" useRefParam="false" refParamName="" r="0.000" g="0.000" b="0.000" execOnForceStopped="false" execOnActionCompleted="false">
      <Condition id="15" guid="b700e964-04f4-4c76-bf9d-f50b5be126b0" status="true" />
      <Event eventName="HitTriggerTick" time="0.000" isDuration="false" guid="70555cba-2ce4-4049-9a0e-60cf71f78a96">
        <TemplateObject name="targetId" objectName="target" id="1" isTemp="false" refParamName="" useRefParam="false" />
        <TemplateObject name="hitTargetId" objectName="target" id="1" isTemp="false" refParamName="" useRefParam="false" />
        <int name="TargetSkillCombine_1" value="790005" refParamName="" useRefParam="false" />
        <TemplateObject name="triggerId" objectName="None" id="-1" isTemp="false" refParamName="" useRefParam="false" />
      </Event>
    </Track>
    <Track trackName="CheckSkillCombineConditionTick0" eventType="CheckSkillCombineConditionTick" guid="3c5f2687-784f-4449-ac5f-444ff6834da3" enabled="true" useRefParam="false" refParamName="" r="0.000" g="0.000" b="0.000" execOnForceStopped="true" execOnActionCompleted="true">
      <Event eventName="CheckSkillCombineConditionTick" time="0.000" isDuration="false" guid="5f7df5a5-8018-4111-b984-544d8860f02c">
        <TemplateObject name="targetId" objectName="target" id="1" isTemp="false" refParamName="" useRefParam="false" />
        <bool name="bCurrentBuffId" value="true" refParamName="" useRefParam="false" />
        <Enum name="checkOPType" value="3" EnumValue="等于" refParamName="" useRefParam="false" />
      </Event>
    </Track>
    <Track trackName="非11620" eventType="CheckSkinIdTick" guid="002886fd-c376-4d45-b9b6-3369a68245ec" enabled="true" useRefParam="false" refParamName="" r="0.000" g="0.000" b="0.000" execOnForceStopped="false" execOnActionCompleted="false">
      <Event eventName="CheckSkinIdTick" time="0.000" isDuration="false" guid="1ff22592-a680-4370-9a15-128fad6b4edc">
        <TemplateObject name="targetId" objectName="target" id="1" isTemp="false" refParamName="" useRefParam="false" />
        <int name="skinId" value="11620" refParamName="" useRefParam="false" />
        <bool name="bEqual" value="false" refParamName="" useRefParam="false" />
        <bool name="bSkipLogicCheck" value="true" refParamName="" useRefParam="false" />
      </Event>
    </Track>
    <Track trackName="PlayAnimationTick0" eventType="PlayAnimationTick" guid="6c6f287e-412d-4011-a513-b2727f068c3a" enabled="true" useRefParam="false" refParamName="" r="0.000" g="0.000" b="0.000" execOnForceStopped="false" execOnActionCompleted="false">
      <Condition id="17" guid="3c5f2687-784f-4449-ac5f-444ff6834da3" status="true" />
      <Condition id="18" guid="002886fd-c376-4d45-b9b6-3369a68245ec" status="true" />
      <Event eventName="PlayAnimationTick" time="0.000" isDuration="false" guid="875182f2-0a81-4442-ac54-b4a881035f7c">
        <TemplateObject name="targetId" objectName="target" id="1" isTemp="false" refParamName="" useRefParam="false" />
        <String name="clipName" value="Sprint_end" refParamName="" useRefParam="false" />
        <float name="crossFadeTime" value="0.150" refParamName="" useRefParam="false" />
        <int name="layer" value="3" refParamName="" useRefParam="false" />
      </Event>
    </Track>
    <Track trackName="TriggerParticleTick0" eventType="TriggerParticleTick" guid="198a24d1-0656-47ab-931f-35cfbe72673d" enabled="true" useRefParam="false" refParamName="" r="0.000" g="0.000" b="0.000" execOnForceStopped="true" execOnActionCompleted="true">
      <Condition id="17" guid="3c5f2687-784f-4449-ac5f-444ff6834da3" status="true" />
      <Event eventName="TriggerParticleTick" time="0.000" isDuration="false" guid="2edcaab2-a129-44d0-b220-f2ba5dd973c0">
        <TemplateObject name="targetId" objectName="target" id="1" isTemp="false" refParamName="" useRefParam="false" />
        <TemplateObject name="objectSpaceId" objectName="target" id="1" isTemp="false" refParamName="" useRefParam="false" />
        <String name="resourceName" value="prefab_skill_effects/common_effects/jiasu_xiaosan_tongyong_01" refParamName="" useRefParam="false" />
        <float name="lifeTime" value="3.000" refParamName="" useRefParam="false" />
        <Vector3i name="scalingInt" x="10000" y="10000" z="10000" refParamName="" useRefParam="false" />
        <bool name="bUseTargetSkinEffect" value="true" refParamName="" useRefParam="false" />
      </Event>
    </Track>
    <Track trackName="图伦仙侠" eventType="CheckSkinIdTick" guid="0482c082-7fbf-4cf5-af63-4515253ef403" enabled="true" useRefParam="false" refParamName="" r="0.000" g="0.000" b="0.000" execOnForceStopped="false" execOnActionCompleted="false">
      <Event eventName="CheckSkinIdTick" time="0.000" isDuration="false" guid="fc1e1f8f-25d3-4ad4-bcbc-a3823cac62a6">
        <TemplateObject name="targetId" objectName="target" id="1" isTemp="false" refParamName="" useRefParam="false" />
        <int name="skinId" value="19007" refParamName="" useRefParam="false" />
      </Event>
    </Track>
    <Track trackName="ChangeHDHeightDuration0" eventType="ChangeHDHeightDuration" guid="4d896a72-f18d-4c78-bf9d-8950c2d8873e" enabled="true" useRefParam="false" refParamName="" r="0.000" g="0.000" b="0.000" execOnForceStopped="false" execOnActionCompleted="false">
      <Condition id="21" guid="0482c082-7fbf-4cf5-af63-4515253ef403" status="true" />
      <Event eventName="ChangeHDHeightDuration" time="0.100" length="4.900" isDuration="true" guid="61769e52-5371-449c-9ba8-c7e15a94b317">
        <TemplateObject name="targetId" objectName="target" id="1" isTemp="false" refParamName="" useRefParam="false" />
        <int name="heightChange" value="1200" refParamName="" useRefParam="false" />
        <float name="changeTime" value="0.500" refParamName="" useRefParam="false" />
      </Event>
    </Track>
    <Track trackName="CheckUseSkillDuration0" eventType="CheckUseSkillDuration" guid="b9ab4981-aa4b-4dbf-813c-c15fc78a2414" enabled="true" useRefParam="false" refParamName="" r="0.000" g="0.000" b="0.000" execOnForceStopped="false" execOnActionCompleted="false">
      <Condition id="21" guid="0482c082-7fbf-4cf5-af63-4515253ef403" status="true" />
      <Event eventName="CheckUseSkillDuration" time="0.000" length="5.000" isDuration="true" guid="557ec2ec-67fb-4c50-a98a-757f5599cbc6">
        <TemplateObject name="targetId" objectName="target" id="1" isTemp="false" refParamName="" useRefParam="false" />
        <bool name="commonAttack" value="true" refParamName="" useRefParam="false" />
      </Event>
    </Track>
    <Track trackName="StopTrack0" eventType="StopTrack" guid="45fcdf97-aa19-4aac-914e-471af41ff624" enabled="true" useRefParam="false" refParamName="" r="0.000" g="0.000" b="0.000" execOnForceStopped="false" execOnActionCompleted="false">
      <Condition id="23" guid="b9ab4981-aa4b-4dbf-813c-c15fc78a2414" status="true" />
      <Event eventName="StopTrack" time="0.000" isDuration="false" guid="9cc555a4-8f90-4286-9f52-8f5fc33a694a">
        <TrackObject name="trackId" id="8" guid="412ea073-5944-46e4-ae5e-3037e855fda7" refParamName="" useRefParam="false" />
      </Event>
    </Track>
    <Track trackName="StopTrack0" eventType="StopTrack" guid="229485d6-8ac1-4ce4-8d48-a07b954811ad" enabled="true" useRefParam="false" refParamName="" r="0.000" g="0.000" b="0.000" execOnForceStopped="false" execOnActionCompleted="false">
      <Condition id="23" guid="b9ab4981-aa4b-4dbf-813c-c15fc78a2414" status="true" />
      <Event eventName="StopTrack" time="0.000" isDuration="false" guid="2f06f3a9-81bc-4f2b-a604-72b8fe8476c3">
        <TrackObject name="trackId" id="22" guid="4d896a72-f18d-4c78-bf9d-8950c2d8873e" refParamName="" useRefParam="false" />
      </Event>
    </Track>
    <Track trackName="StopTrack0" eventType="StopTrack" guid="6cad1cd9-3580-4ccf-a961-8ff820eb4d31" enabled="true" useRefParam="false" refParamName="" r="0.000" g="0.000" b="0.000" execOnForceStopped="false" execOnActionCompleted="false">
      <Condition id="23" guid="b9ab4981-aa4b-4dbf-813c-c15fc78a2414" status="true" />
      <Event eventName="StopTrack" time="0.000" isDuration="false" guid="2d34a642-466e-473c-bc7d-d892037c9143">
        <TrackObject name="trackId" id="13" guid="b56278fc-6f15-4d5d-b740-856a9766e6d8" refParamName="" useRefParam="false" />
      </Event>
    </Track>
    <Track trackName="StopTrack0" eventType="StopTrack" guid="915b401e-e3bd-4935-970b-3547d0ef25c5" enabled="true" useRefParam="false" refParamName="" r="0.000" g="0.000" b="0.000" execOnForceStopped="false" execOnActionCompleted="false">
      <Condition id="23" guid="b9ab4981-aa4b-4dbf-813c-c15fc78a2414" status="true" />
      <Event eventName="StopTrack" time="0.000" isDuration="false" guid="cf61ef50-c679-4e7b-97c7-b9e01a0e307f">
        <TrackObject name="trackId" id="14" guid="25eec29f-9c4b-4649-ab28-da54e88fb429" refParamName="" useRefParam="false" />
      </Event>
    </Track>
    <Track trackName="特尔次元突破" eventType="CheckSkinIdTick" guid="10e55553-ac34-49c2-9ff6-2c3ee4397423" enabled="true" useRefParam="false" refParamName="" r="0.000" g="0.000" b="0.000" execOnForceStopped="false" execOnActionCompleted="false">
      <Event eventName="CheckSkinIdTick" time="0.000" isDuration="false" guid="fbacbc27-4581-4f33-8149-6a65449efa3a">
        <TemplateObject name="targetId" objectName="target" id="1" isTemp="false" refParamName="" useRefParam="false" />
        <int name="skinId" value="50108" refParamName="" useRefParam="false" />
      </Event>
    </Track>
    <Track trackName="爱里新年" eventType="CheckSkinIdTick" guid="5f297714-f653-46f1-80d4-ab1683f487e6" enabled="true" useRefParam="false" refParamName="" r="0.000" g="0.000" b="0.000" execOnForceStopped="false" execOnActionCompleted="false">
      <Event eventName="CheckSkinIdTick" time="0.000" isDuration="false" guid="367ff1f2-eb5e-4a21-bba8-beae8aa8b52e">
        <TemplateObject name="targetId" objectName="target" id="1" isTemp="false" refParamName="" useRefParam="false" />
        <int name="skinId" value="13011" refParamName="" useRefParam="false" />
      </Event>
    </Track>
    <Track trackName="觉醒刀锋" eventType="CheckSkinIdTick" guid="200bcc5b-85d4-4617-a08a-495ead54aa3a" enabled="true" useRefParam="false" refParamName="" r="0.000" g="0.000" b="0.000" execOnForceStopped="false" execOnActionCompleted="false">
      <Event eventName="CheckSkinIdTick" time="0.000" isDuration="false" guid="e49e0642-4e7d-423f-8759-d3d6d60d26b5">
        <TemplateObject name="targetId" objectName="target" id="1" isTemp="false" refParamName="" useRefParam="false" />
        <int name="skinId" value="11620" refParamName="" useRefParam="false" />
      </Event>
    </Track>
    <Track trackName="特殊皮肤检测" eventType="CombinationConditionTick" guid="a7909925-0960-40b8-b573-c9e7737db5f3" enabled="true" useRefParam="false" refParamName="" r="0.000" g="0.000" b="0.000" execOnForceStopped="false" execOnActionCompleted="false">
      <Event eventName="CombinationConditionTick" time="0.000" isDuration="false" guid="555c14c6-86a8-4e73-9429-e7b81d1b58fd">
        <Array name="CondiTrackIds" refParamName="" useRefParam="false" type="TrackObject">
          <TrackObject id="28" guid="10e55553-ac34-49c2-9ff6-2c3ee4397423" />
          <TrackObject id="29" guid="5f297714-f653-46f1-80d4-ab1683f487e6" />
          <TrackObject id="30" guid="200bcc5b-85d4-4617-a08a-495ead54aa3a" />
        </Array>
        <Array name="CheckCondiTrackStatus" refParamName="" useRefParam="false" type="bool">
          <bool value="true" />
          <bool value="true" />
          <bool value="true" />
        </Array>
        <Array name="IsOrConditions" refParamName="" useRefParam="false" type="bool">
          <bool value="true" />
          <bool value="true" />
          <bool value="true" />
        </Array>
      </Event>
    </Track>
    <Track trackName="RemoveBulletTick0" eventType="RemoveBulletTick" guid="54b5fa11-b21a-4eab-bde4-7e38f429a58c" enabled="true" useRefParam="false" refParamName="" r="0.000" g="0.000" b="0.000" execOnForceStopped="false" execOnActionCompleted="false">
      <Condition id="31" guid="a7909925-0960-40b8-b573-c9e7737db5f3" status="true" />
      <Event eventName="RemoveBulletTick" time="0.000" isDuration="false" guid="9fde3eb4-7b5d-4197-951c-2241a75803d7">
        <TemplateObject name="targetId" objectName="target" id="1" isTemp="false" refParamName="" useRefParam="false" />
        <int name="bulletTypeId" value="789" refParamName="" useRefParam="false" />
      </Event>
    </Track>
    <Track trackName="特尔放技能" eventType="CheckUseSkillDuration" guid="ec738a97-2e13-4ca0-881d-a6db1f4eb589" enabled="true" useRefParam="false" refParamName="" r="0.000" g="0.000" b="0.000" execOnForceStopped="false" execOnActionCompleted="false">
      <Condition id="31" guid="a7909925-0960-40b8-b573-c9e7737db5f3" status="true" />
      <Event eventName="CheckUseSkillDuration" time="0.000" length="5.000" isDuration="true" guid="9c457edd-c993-4184-9046-0657ff068259">
        <TemplateObject name="targetId" objectName="target" id="1" isTemp="false" refParamName="" useRefParam="false" />
        <bool name="commonAttack" value="true" refParamName="" useRefParam="false" />
      </Event>
    </Track>
    <Track trackName="回城" eventType="CheckSkillCombineConditionDuration" guid="98c1285f-4764-47aa-8e9d-6f3204c69034" enabled="true" useRefParam="false" refParamName="" r="0.000" g="0.000" b="0.000" execOnForceStopped="false" execOnActionCompleted="false">
      <Condition id="31" guid="a7909925-0960-40b8-b573-c9e7737db5f3" status="true" />
      <Event eventName="CheckSkillCombineConditionDuration" time="0.000" length="5.000" isDuration="true" guid="a54e941a-be29-47e3-abf8-d2b5849adf1b">
        <TemplateObject name="targetId" objectName="target" id="1" isTemp="false" refParamName="" useRefParam="false" />
        <int name="skillCombineId" value="501080" refParamName="" useRefParam="false" />
        <Enum name="checkOPType" value="3" EnumValue="等于" refParamName="" useRefParam="false" />
        <int name="skillCombineLevel" value="1" refParamName="" useRefParam="false" />
      </Event>
    </Track>
    <Track trackName="使用舞蹈动作" eventType="CheckSkillCombineConditionDuration" guid="454617f2-a2cd-4925-97c8-46e52d4aa9a5" enabled="true" useRefParam="false" refParamName="" r="0.000" g="0.000" b="0.000" execOnForceStopped="false" execOnActionCompleted="false">
      <Condition id="31" guid="a7909925-0960-40b8-b573-c9e7737db5f3" status="true" />
      <Event eventName="CheckSkillCombineConditionDuration" time="0.000" length="5.000" isDuration="true" guid="6da6b8d5-9127-408c-9006-fdf670aaa46e">
        <TemplateObject name="targetId" objectName="target" id="1" isTemp="false" refParamName="" useRefParam="false" />
        <int name="skillCombineId" value="90056" refParamName="" useRefParam="false" />
        <Enum name="checkOPType" value="4" EnumValue="大于" refParamName="" useRefParam="false" />
      </Event>
    </Track>
    <Track trackName="CheckSkillCombineConditionDuration0" eventType="CheckSkillCombineConditionDuration" guid="9f4b8f0a-bb2e-4b8f-b0bf-9b6402ac35b9" enabled="true" useRefParam="false" refParamName="" r="0.000" g="0.000" b="0.000" execOnForceStopped="false" execOnActionCompleted="false">
      <Condition id="31" guid="a7909925-0960-40b8-b573-c9e7737db5f3" status="true" />
      <Event eventName="CheckSkillCombineConditionDuration" time="0.000" length="5.000" isDuration="true" guid="97e10fdf-246b-48c8-92bb-365d51de36a3">
        <TemplateObject name="targetId" objectName="target" id="1" isTemp="false" refParamName="" useRefParam="false" />
        <int name="skillCombineId" value="501100" refParamName="" useRefParam="false" />
        <Enum name="checkOPType" value="4" EnumValue="大于" refParamName="" useRefParam="false" />
      </Event>
    </Track>
    <Track trackName="CombinationConditionDuration0" eventType="CombinationConditionDuration" guid="3d9e8ee9-bcec-407a-98a1-27dd9d8b1034" enabled="true" useRefParam="false" refParamName="" r="0.000" g="0.000" b="0.000" execOnForceStopped="false" execOnActionCompleted="false">
      <Condition id="31" guid="a7909925-0960-40b8-b573-c9e7737db5f3" status="true" />
      <Event eventName="CombinationConditionDuration" time="0.000" length="5.000" isDuration="true" guid="517bd283-06c6-4d49-a5ac-20112e4138cb">
        <Array name="CondiTrackIds" refParamName="" useRefParam="false" type="TrackObject">
          <TrackObject id="33" guid="ec738a97-2e13-4ca0-881d-a6db1f4eb589" />
          <TrackObject id="34" guid="98c1285f-4764-47aa-8e9d-6f3204c69034" />
          <TrackObject id="35" guid="454617f2-a2cd-4925-97c8-46e52d4aa9a5" />
          <TrackObject id="36" guid="9f4b8f0a-bb2e-4b8f-b0bf-9b6402ac35b9" />
        </Array>
        <Array name="CheckCondiTrackStatus" refParamName="" useRefParam="false" type="bool">
          <bool value="true" />
          <bool value="true" />
          <bool value="true" />
          <bool value="true" />
        </Array>
        <Array name="IsOrConditions" refParamName="" useRefParam="false" type="bool">
          <bool value="true" />
          <bool value="true" />
          <bool value="true" />
          <bool value="true" />
        </Array>
      </Event>
    </Track>
    <Track trackName="StopTrack2" eventType="StopTrack" guid="ed9c5d02-4941-45ca-8be2-88b546812660" enabled="true" useRefParam="false" refParamName="" r="0.000" g="0.000" b="0.000" execOnForceStopped="false" execOnActionCompleted="false">
      <Condition id="37" guid="3d9e8ee9-bcec-407a-98a1-27dd9d8b1034" status="true" />
      <Event eventName="StopTrack" time="0.000" isDuration="false" guid="1d223efb-49e6-4fc3-8a81-1c8243f62d8e">
        <TrackObject name="trackId" id="8" guid="412ea073-5944-46e4-ae5e-3037e855fda7" refParamName="" useRefParam="false" />
        <bool name="alsoStopNotStartedTrack" value="true" refParamName="" useRefParam="false" />
      </Event>
    </Track>
    <Track trackName="StopTrack0" eventType="StopTrack" guid="d4d2dfa1-6485-4d97-af1d-2241f3b89511" enabled="true" useRefParam="false" refParamName="" r="0.000" g="0.000" b="0.000" execOnForceStopped="false" execOnActionCompleted="false">
      <Condition id="37" guid="3d9e8ee9-bcec-407a-98a1-27dd9d8b1034" status="true" />
      <Event eventName="StopTrack" time="0.000" isDuration="false" guid="41d5c0a5-791e-44a8-8e87-2c10131b3a59">
        <TrackObject name="trackId" id="13" guid="b56278fc-6f15-4d5d-b740-856a9766e6d8" refParamName="" useRefParam="false" />
        <bool name="alsoStopNotStartedTrack" value="true" refParamName="" useRefParam="false" />
      </Event>
    </Track>
    <Track trackName="StopTrack1" eventType="StopTrack" guid="a71b3fa8-8e9b-40ee-8279-884134c43b52" enabled="true" useRefParam="false" refParamName="" r="0.000" g="0.000" b="0.000" execOnForceStopped="false" execOnActionCompleted="false">
      <Condition id="37" guid="3d9e8ee9-bcec-407a-98a1-27dd9d8b1034" status="true" />
      <Event eventName="StopTrack" time="0.000" isDuration="false" guid="08a75002-82b8-4412-bcf0-f770f99c09b0">
        <TrackObject name="trackId" id="14" guid="25eec29f-9c4b-4649-ab28-da54e88fb429" refParamName="" useRefParam="false" />
        <bool name="alsoStopNotStartedTrack" value="true" refParamName="" useRefParam="false" />
      </Event>
    </Track>
    <Track trackName="SetAnimationParamsDuration0" eventType="SetAnimationParamsDuration" guid="2840f930-65c3-4ed1-804c-8a94aa30ae73" enabled="true" useRefParam="false" refParamName="" r="0.000" g="0.000" b="0.000" execOnForceStopped="false" execOnActionCompleted="false">
      <Event eventName="SetAnimationParamsDuration" time="0.000" length="5.000" isDuration="true" guid="7cb0d44e-454d-4b48-821a-1305bed5b43a">
        <TemplateObject name="targetId" objectName="target" id="1" isTemp="false" refParamName="" useRefParam="false" />
        <Array name="boolNames" refParamName="" useRefParam="false" type="String">
          <String value="sprint" />
        </Array>
        <Array name="boolValues" refParamName="" useRefParam="false" type="bool">
          <bool value="true" />
        </Array>
      </Event>
    </Track>
    <Track trackName="PlaySkinAction0" eventType="PlaySkinAction" guid="c79e45dd-a713-44ff-b4f0-8ef72ee72889" enabled="true" useRefParam="false" refParamName="" r="0.000" g="0.000" b="0.000" execOnForceStopped="false" execOnActionCompleted="false">
      <Event eventName="PlaySkinAction" time="0.000" length="5.000" isDuration="true" guid="8b94ade0-e4ef-44eb-a8ec-f9e8f9abe9a4">
        <TemplateObject name="targetId" objectName="target" id="1" isTemp="false" refParamName="" useRefParam="false" />
        <String name="actionName" value="Haste" refParamName="" useRefParam="false" />
      </Event>
    </Track>
    <Track trackName="CheckSkillCombineConditionTick0" eventType="CheckSkillCombineConditionTick" guid="4218130c-992a-44db-8142-93cb09f6af85" enabled="true" useRefParam="false" refParamName="" r="0.000" g="0.000" b="0.000" execOnForceStopped="false" execOnActionCompleted="false">
      <Event eventName="CheckSkillCombineConditionTick" time="0.000" isDuration="false" guid="99f79935-69f8-4ad7-8168-91f6552514c7">
        <TemplateObject name="targetId" objectName="target" id="1" isTemp="false" refParamName="" useRefParam="false" />
        <int name="skillCombineId" value="9000590" refParamName="" useRefParam="false" />
        <Enum name="checkOPType" value="3" EnumValue="等于" refParamName="" useRefParam="false" />
        <int name="skillCombineLevel" value="1" refParamName="" useRefParam="false" />
        <TemplateObject name="skillCombineSrcId" objectName="target" id="1" isTemp="false" refParamName="" useRefParam="false" />
      </Event>
    </Track>
    <Track trackName="复活超级加速" eventType="HitTriggerTick" guid="e7d5e241-9800-4496-871f-f50777b008d7" enabled="true" useRefParam="false" refParamName="" r="0.000" g="0.000" b="0.000" execOnForceStopped="false" execOnActionCompleted="false">
      <Condition id="43" guid="4218130c-992a-44db-8142-93cb09f6af85" status="true" />
      <Event eventName="HitTriggerTick" time="0.000" isDuration="false" guid="7d680147-88ed-4e5f-b915-d09b3e0d4301">
        <TemplateObject name="targetId" objectName="target" id="1" isTemp="false" refParamName="" useRefParam="false" />
        <TemplateObject name="hitTargetId" objectName="target" id="1" isTemp="false" refParamName="" useRefParam="false" />
        <int name="TargetSkillCombine_1" value="900059" refParamName="" useRefParam="false" />
        <TemplateObject name="triggerId" objectName="None" id="-1" isTemp="false" refParamName="" useRefParam="false" />
      </Event>
    </Track>
    <Track trackName="RemoveBuffTick0" eventType="RemoveBuffTick" guid="b7144779-9807-4f00-808d-1693e7f5bd2c" enabled="true" useRefParam="false" refParamName="" r="0.000" g="0.000" b="0.000" execOnForceStopped="false" execOnActionCompleted="false">
      <Condition id="44" guid="e7d5e241-9800-4496-871f-f50777b008d7" status="true" />
      <Event eventName="RemoveBuffTick" time="0.000" isDuration="false" guid="350fa0f5-e536-499d-abe4-80596a13c0bf">
        <TemplateObject name="targetId" objectName="target" id="1" isTemp="false" refParamName="" useRefParam="false" />
        <int name="buffId" value="90005" refParamName="" useRefParam="false" />
      </Event>
    </Track>
    <Track trackName="15015逻辑层" eventType="CheckSkinIdTick" guid="c415bae9-6ce0-43a7-83c2-132eaa5c98bb" enabled="true" useRefParam="false" refParamName="" r="0.000" g="0.000" b="0.000" execOnForceStopped="false" execOnActionCompleted="false">
      <Event eventName="CheckSkinIdTick" time="0.000" isDuration="false" guid="98fd861c-c66d-4859-9806-24f9aebde17f">
        <TemplateObject name="targetId" objectName="target" id="1" isTemp="false" refParamName="" useRefParam="false" />
        <int name="skinId" value="15015" refParamName="" useRefParam="false" />
      </Event>
    </Track>
    <Track trackName="SetAnimationParamsDuration0" eventType="SetAnimationParamsDuration" guid="0107eec8-d6aa-4f0a-9b45-1e9a6b513402" enabled="true" useRefParam="false" refParamName="" r="0.000" g="0.000" b="0.000" execOnForceStopped="false" execOnActionCompleted="false">
      <Condition id="46" guid="c415bae9-6ce0-43a7-83c2-132eaa5c98bb" status="true" />
      <Event eventName="SetAnimationParamsDuration" time="0.000" length="1.000" isDuration="true" guid="8336c797-8ae7-4293-9a85-5ba6e8aae850">
        <TemplateObject name="targetId" objectName="target" id="1" isTemp="false" refParamName="" useRefParam="false" />
        <Array name="boolNames" refParamName="" useRefParam="false" type="String">
          <String value="jiayuan" />
        </Array>
        <Array name="boolValues" refParamName="" useRefParam="false" type="bool">
          <bool value="true" />
        </Array>
      </Event>
    </Track>
    <Track trackName="StopTrack0" eventType="StopTrack" guid="77cefd0b-2e5d-404c-87bd-bd7f75968456" enabled="true" useRefParam="false" refParamName="" r="0.000" g="0.000" b="0.000" execOnForceStopped="false" execOnActionCompleted="false">
      <Condition id="46" guid="c415bae9-6ce0-43a7-83c2-132eaa5c98bb" status="true" />
      <Event eventName="StopTrack" time="0.000" isDuration="false" guid="25675e10-d510-421e-846a-ddbde23e2e80">
        <TrackObject name="trackId" id="8" guid="412ea073-5944-46e4-ae5e-3037e855fda7" refParamName="" useRefParam="false" />
        <bool name="alsoStopNotStartedTrack" value="true" refParamName="" useRefParam="false" />
      </Event>
    </Track>
    <Track trackName="SetAnimationParamsDuration0" eventType="SetAnimationParamsDuration" guid="87fefc5f-09b0-402f-810c-cfc5b0afd5ef" enabled="true" useRefParam="false" refParamName="" r="0.000" g="0.000" b="0.000" execOnForceStopped="false" execOnActionCompleted="false">
      <Event eventName="SetAnimationParamsDuration" time="0.000" length="5.000" isDuration="true" guid="2a09f970-0f75-4b05-a3bb-f27e7bd9d6b1">
        <TemplateObject name="targetId" objectName="target" id="1" isTemp="false" refParamName="" useRefParam="false" />
        <Array name="floatNames" refParamName="" useRefParam="false" type="String">
          <String value="sprint1" />
        </Array>
        <Array name="floatValues" refParamName="" useRefParam="false" type="float">
          <float value="1.000" />
        </Array>
      </Event>
    </Track>
    <Track trackName="CheckSkinIdVirtualTick0" eventType="CheckSkinIdVirtualTick" guid="1c295d2b-b713-4cce-b458-ea7d691d78a5" enabled="true" useRefParam="false" refParamName="" r="0.000" g="0.000" b="0.000" execOnForceStopped="false" execOnActionCompleted="false">
      <Event eventName="CheckSkinIdVirtualTick" time="0.000" isDuration="false" guid="2afcc8ee-544d-44ba-bfb5-787dd743aa96">
        <TemplateObject name="targetId" objectName="target" id="1" isTemp="false" refParamName="" useRefParam="false" />
        <int name="skinId" value="13613" refParamName="" useRefParam="false" />
        <Array name="skinIdArray" refParamName="" useRefParam="false" type="int">
          <int value="13613" />
          <int value="51015" />
          <int value="52414" />
        </Array>
      </Event>
    </Track>
    <Track trackName="HitTriggerTick0" eventType="HitTriggerTick" guid="7fcda812-ab8a-4b0c-be5d-2f8cd56a58ba" enabled="true" useRefParam="false" refParamName="" r="0.000" g="0.000" b="0.000" execOnForceStopped="false" execOnActionCompleted="false">
      <Condition id="50" guid="1c295d2b-b713-4cce-b458-ea7d691d78a5" status="true" />
      <Event eventName="HitTriggerTick" time="0.000" isDuration="false" guid="93104019-55a6-4296-bce6-235511928278">
        <TemplateObject name="targetId" objectName="target" id="1" isTemp="false" refParamName="" useRefParam="false" />
        <int name="TargetSkillCombine_1" value="136806" refParamName="" useRefParam="false" />
      </Event>
    </Track>
    <Track trackName="莫拉仙侠" eventType="CheckSkinIdVirtualTick" guid="1e70d9db-1291-43ec-ae57-eac501b37c58" enabled="true" useRefParam="false" refParamName="" r="0.000" g="0.000" b="0.000" execOnForceStopped="false" execOnActionCompleted="false" SkinAvatarFilterType="9">
      <Event eventName="CheckSkinIdVirtualTick" time="0.000" isDuration="false" guid="e2a6074e-1231-4932-be39-a96d50ef1d8a">
        <TemplateObject name="targetId" objectName="target" id="1" isTemp="false" refParamName="" useRefParam="false" />
        <int name="skinId" value="13116" refParamName="" useRefParam="false" />
      </Event>
      <SkinOrAvatarList id="13116" />
    </Track>
    <Track trackName="CheckSkillCombineConditionTick0" eventType="CheckSkillCombineConditionTick" guid="df1f211f-d16f-4fbc-a1a7-62b6afb7729e" enabled="true" useRefParam="false" refParamName="" r="0.000" g="0.000" b="0.000" execOnForceStopped="false" execOnActionCompleted="false" SkinAvatarFilterType="9">
      <Event eventName="CheckSkillCombineConditionTick" time="0.000" isDuration="false" guid="bc359f0e-ea02-4d49-939c-aec4bffa49d0">
        <TemplateObject name="targetId" objectName="target" id="1" isTemp="false" refParamName="" useRefParam="false" />
        <int name="skillCombineId" value="911320" refParamName="" useRefParam="false" />
        <Enum name="checkOPType" value="3" EnumValue="等于" refParamName="" useRefParam="false" />
        <int name="skillCombineLevel" value="1" refParamName="" useRefParam="false" />
      </Event>
      <SkinOrAvatarList id="13116" />
    </Track>
    <Track trackName="CheckSkillCombineConditionTick1" eventType="CheckSkillCombineConditionTick" guid="5b1fff47-3f20-46fe-82b6-0232ba19b862" enabled="true" useRefParam="false" refParamName="" r="0.000" g="0.000" b="0.000" execOnForceStopped="false" execOnActionCompleted="false" SkinAvatarFilterType="9">
      <Event eventName="CheckSkillCombineConditionTick" time="0.000" isDuration="false" guid="f28f80b5-8fdc-4020-91e3-2e3face28f41">
        <TemplateObject name="targetId" objectName="target" id="1" isTemp="false" refParamName="" useRefParam="false" />
        <int name="skillCombineId" value="911274" refParamName="" useRefParam="false" />
        <Enum name="checkOPType" value="3" EnumValue="等于" refParamName="" useRefParam="false" />
        <int name="skillCombineLevel" value="1" refParamName="" useRefParam="false" />
      </Event>
      <SkinOrAvatarList id="13116" />
    </Track>
    <Track trackName="CheckSkillCombineConditionTick2" eventType="CheckSkillCombineConditionTick" guid="ca108acd-1a8d-41a8-aa65-324de466d077" enabled="true" useRefParam="false" refParamName="" r="0.000" g="0.000" b="0.000" execOnForceStopped="false" execOnActionCompleted="false" SkinAvatarFilterType="9">
      <Event eventName="CheckSkillCombineConditionTick" time="0.000" isDuration="false" guid="c46bb7f7-31d7-4e26-80ab-93aa661c9545">
        <TemplateObject name="targetId" objectName="target" id="1" isTemp="false" refParamName="" useRefParam="false" />
        <int name="skillCombineId" value="911380" refParamName="" useRefParam="false" />
        <Enum name="checkOPType" value="3" EnumValue="等于" refParamName="" useRefParam="false" />
        <int name="skillCombineLevel" value="1" refParamName="" useRefParam="false" />
      </Event>
      <SkinOrAvatarList id="13116" />
    </Track>
    <Track trackName="CheckSkillCombineConditionTick3" eventType="CheckSkillCombineConditionTick" guid="aeb52815-3eba-43ab-820d-41c5f307479a" enabled="true" useRefParam="false" refParamName="" r="0.000" g="0.000" b="0.000" execOnForceStopped="false" execOnActionCompleted="false" SkinAvatarFilterType="9">
      <Event eventName="CheckSkillCombineConditionTick" time="0.000" isDuration="false" guid="4a97c515-c12e-4850-b970-d349025e3759">
        <TemplateObject name="targetId" objectName="target" id="1" isTemp="false" refParamName="" useRefParam="false" />
        <int name="skillCombineId" value="911370" refParamName="" useRefParam="false" />
        <Enum name="checkOPType" value="3" EnumValue="等于" refParamName="" useRefParam="false" />
        <int name="skillCombineLevel" value="1" refParamName="" useRefParam="false" />
      </Event>
      <SkinOrAvatarList id="13116" />
    </Track>
    <Track trackName="TriggerParticle0" eventType="TriggerParticle" guid="d20fd9d4-0187-46a5-a42c-637fc9aad868" enabled="true" useRefParam="false" refParamName="" r="0.000" g="0.000" b="0.000" execOnForceStopped="false" execOnActionCompleted="false" SkinAvatarFilterType="9">
      <Condition id="52" guid="1e70d9db-1291-43ec-ae57-eac501b37c58" status="true" />
      <Condition id="53" guid="df1f211f-d16f-4fbc-a1a7-62b6afb7729e" status="false" />
      <Event eventName="TriggerParticle" time="0.000" length="5.000" isDuration="true" guid="0592b810-fb05-43ec-952f-a5bca22dac00">
        <TemplateObject name="targetId" objectName="target" id="1" isTemp="false" refParamName="" useRefParam="false" />
        <TemplateObject name="objectSpaceId" objectName="target" id="1" isTemp="false" refParamName="" useRefParam="false" />
        <String name="resourceName" value="prefab_skill_effects/hero_skill_effects/131_libai/LiBai_buff_13" refParamName="" useRefParam="false" />
        <String name="bindPointName" value="Bone230" refParamName="" useRefParam="false" />
        <Vector3i name="scalingInt" x="10000" y="10000" z="10000" refParamName="" useRefParam="false" />
        <bool name="bUseTargetSkinEffect" value="true" refParamName="" useRefParam="false" />
        <Enum name="ReplacementUsage" value="3" EnumValue="泉水加速特效" refParamName="" useRefParam="false" />
        <String name="syncAnimationName" value="" refParamName="" useRefParam="false" />
        <String name="customTagName" value="" refParamName="" useRefParam="false" />
      </Event>
      <SkinOrAvatarList id="13116" />
    </Track>
    <Track trackName="TriggerParticle0" eventType="TriggerParticle" guid="19bb6aef-1aec-4472-9bdb-0cf56fba9b81" enabled="true" useRefParam="false" refParamName="" r="0.000" g="0.000" b="0.000" execOnForceStopped="false" execOnActionCompleted="false" SkinAvatarFilterType="9">
      <Condition id="52" guid="1e70d9db-1291-43ec-ae57-eac501b37c58" status="true" />
      <Condition id="53" guid="df1f211f-d16f-4fbc-a1a7-62b6afb7729e" status="true" />
      <Event eventName="TriggerParticle" time="0.000" length="5.000" isDuration="true" guid="5691fb62-d8e7-4ad2-b3d4-0099af133fb5">
        <TemplateObject name="targetId" objectName="target" id="1" isTemp="false" refParamName="" useRefParam="false" />
        <TemplateObject name="objectSpaceId" objectName="target" id="1" isTemp="false" refParamName="" useRefParam="false" />
        <String name="resourceName" value="prefab_skill_effects/hero_skill_effects/131_libai/LiBai_buff_13_h" refParamName="" useRefParam="false" />
        <String name="bindPointName" value="Bone230" refParamName="" useRefParam="false" />
        <Vector3i name="scalingInt" x="10000" y="10000" z="10000" refParamName="" useRefParam="false" />
        <bool name="bUseTargetSkinEffect" value="true" refParamName="" useRefParam="false" />
        <Enum name="ReplacementUsage" value="3" EnumValue="泉水加速特效" refParamName="" useRefParam="false" />
        <String name="syncAnimationName" value="" refParamName="" useRefParam="false" />
        <String name="customTagName" value="" refParamName="" useRefParam="false" />
      </Event>
      <SkinOrAvatarList id="13116" />
    </Track>
    <Track trackName="TriggerParticle0" eventType="TriggerParticle" guid="aa3cd0a7-4bea-4e16-8a3b-a1c5ea66a967" enabled="true" useRefParam="false" refParamName="" r="0.000" g="0.000" b="0.000" execOnForceStopped="false" execOnActionCompleted="false" SkinAvatarFilterType="9">
      <Condition id="52" guid="1e70d9db-1291-43ec-ae57-eac501b37c58" status="true" />
      <Condition id="54" guid="5b1fff47-3f20-46fe-82b6-0232ba19b862" status="false" />
      <Event eventName="TriggerParticle" time="0.000" length="5.000" isDuration="true" guid="fb3225ba-d409-4eb3-83e0-d6a1948425b3">
        <TemplateObject name="targetId" objectName="target" id="1" isTemp="false" refParamName="" useRefParam="false" />
        <TemplateObject name="objectSpaceId" objectName="target" id="1" isTemp="false" refParamName="" useRefParam="false" />
        <String name="resourceName" value="prefab_skill_effects/hero_skill_effects/131_libai/LiBai_buff_13" refParamName="" useRefParam="false" />
        <String name="bindPointName" value="Bone231" refParamName="" useRefParam="false" />
        <Vector3i name="scalingInt" x="10000" y="10000" z="10000" refParamName="" useRefParam="false" />
        <bool name="bUseTargetSkinEffect" value="true" refParamName="" useRefParam="false" />
        <Enum name="ReplacementUsage" value="3" EnumValue="泉水加速特效" refParamName="" useRefParam="false" />
        <String name="syncAnimationName" value="" refParamName="" useRefParam="false" />
        <String name="customTagName" value="" refParamName="" useRefParam="false" />
      </Event>
      <SkinOrAvatarList id="13116" />
    </Track>
    <Track trackName="TriggerParticle0" eventType="TriggerParticle" guid="76b9434e-b2a9-4c89-81f7-9a97ed6b7f9b" enabled="true" useRefParam="false" refParamName="" r="0.000" g="0.000" b="0.000" execOnForceStopped="false" execOnActionCompleted="false" SkinAvatarFilterType="9">
      <Condition id="52" guid="1e70d9db-1291-43ec-ae57-eac501b37c58" status="true" />
      <Condition id="54" guid="5b1fff47-3f20-46fe-82b6-0232ba19b862" status="true" />
      <Event eventName="TriggerParticle" time="0.000" length="5.000" isDuration="true" guid="4bff99c4-fd33-4169-8f9c-710d0d48afc8">
        <TemplateObject name="targetId" objectName="target" id="1" isTemp="false" refParamName="" useRefParam="false" />
        <TemplateObject name="objectSpaceId" objectName="target" id="1" isTemp="false" refParamName="" useRefParam="false" />
        <String name="resourceName" value="prefab_skill_effects/hero_skill_effects/131_libai/LiBai_buff_13_e" refParamName="" useRefParam="false" />
        <String name="bindPointName" value="Bone231" refParamName="" useRefParam="false" />
        <Vector3i name="scalingInt" x="10000" y="10000" z="10000" refParamName="" useRefParam="false" />
        <bool name="bUseTargetSkinEffect" value="true" refParamName="" useRefParam="false" />
        <Enum name="ReplacementUsage" value="3" EnumValue="泉水加速特效" refParamName="" useRefParam="false" />
        <String name="syncAnimationName" value="" refParamName="" useRefParam="false" />
        <String name="customTagName" value="" refParamName="" useRefParam="false" />
      </Event>
      <SkinOrAvatarList id="13116" />
    </Track>
    <Track trackName="TriggerParticle0" eventType="TriggerParticle" guid="5a7b7889-b551-455b-be03-cc9fd4a5a324" enabled="true" useRefParam="false" refParamName="" r="0.000" g="0.000" b="0.000" execOnForceStopped="false" execOnActionCompleted="false" SkinAvatarFilterType="9">
      <Condition id="52" guid="1e70d9db-1291-43ec-ae57-eac501b37c58" status="true" />
      <Condition id="55" guid="ca108acd-1a8d-41a8-aa65-324de466d077" status="false" />
      <Event eventName="TriggerParticle" time="0.000" length="5.000" isDuration="true" guid="ce223e12-b3d8-4dda-8879-246d913359e1">
        <TemplateObject name="targetId" objectName="target" id="1" isTemp="false" refParamName="" useRefParam="false" />
        <TemplateObject name="objectSpaceId" objectName="target" id="1" isTemp="false" refParamName="" useRefParam="false" />
        <String name="resourceName" value="prefab_skill_effects/hero_skill_effects/131_libai/LiBai_buff_13" refParamName="" useRefParam="false" />
        <String name="bindPointName" value="Bone232" refParamName="" useRefParam="false" />
        <Vector3i name="scalingInt" x="10000" y="10000" z="10000" refParamName="" useRefParam="false" />
        <bool name="bUseTargetSkinEffect" value="true" refParamName="" useRefParam="false" />
        <Enum name="ReplacementUsage" value="3" EnumValue="泉水加速特效" refParamName="" useRefParam="false" />
        <String name="syncAnimationName" value="" refParamName="" useRefParam="false" />
        <String name="customTagName" value="" refParamName="" useRefParam="false" />
      </Event>
      <SkinOrAvatarList id="13116" />
    </Track>
    <Track trackName="TriggerParticle0" eventType="TriggerParticle" guid="a78451e7-1a77-43a5-be6a-ecd46e767929" enabled="true" useRefParam="false" refParamName="" r="0.000" g="0.000" b="0.000" execOnForceStopped="false" execOnActionCompleted="false" SkinAvatarFilterType="9">
      <Condition id="52" guid="1e70d9db-1291-43ec-ae57-eac501b37c58" status="true" />
      <Condition id="55" guid="ca108acd-1a8d-41a8-aa65-324de466d077" status="true" />
      <Event eventName="TriggerParticle" time="0.000" length="5.000" isDuration="true" guid="18bda534-db9d-4db4-ac7c-9af644741551">
        <TemplateObject name="targetId" objectName="target" id="1" isTemp="false" refParamName="" useRefParam="false" />
        <TemplateObject name="objectSpaceId" objectName="target" id="1" isTemp="false" refParamName="" useRefParam="false" />
        <String name="resourceName" value="prefab_skill_effects/hero_skill_effects/131_libai/LiBai_buff_13_g" refParamName="" useRefParam="false" />
        <String name="bindPointName" value="Bone232" refParamName="" useRefParam="false" />
        <Vector3i name="scalingInt" x="10000" y="10000" z="10000" refParamName="" useRefParam="false" />
        <bool name="bUseTargetSkinEffect" value="true" refParamName="" useRefParam="false" />
        <Enum name="ReplacementUsage" value="3" EnumValue="泉水加速特效" refParamName="" useRefParam="false" />
        <String name="syncAnimationName" value="" refParamName="" useRefParam="false" />
        <String name="customTagName" value="" refParamName="" useRefParam="false" />
      </Event>
      <SkinOrAvatarList id="13116" />
    </Track>
    <Track trackName="TriggerParticle0" eventType="TriggerParticle" guid="dc9007b1-e8db-40c8-bcec-0765d9c21ed5" enabled="true" useRefParam="false" refParamName="" r="0.000" g="0.000" b="0.000" execOnForceStopped="false" execOnActionCompleted="false" SkinAvatarFilterType="9">
      <Condition id="52" guid="1e70d9db-1291-43ec-ae57-eac501b37c58" status="true" />
      <Condition id="56" guid="aeb52815-3eba-43ab-820d-41c5f307479a" status="false" />
      <Event eventName="TriggerParticle" time="0.000" length="5.000" isDuration="true" guid="099ba690-3085-40b4-a72a-2b566f6f763c">
        <TemplateObject name="targetId" objectName="target" id="1" isTemp="false" refParamName="" useRefParam="false" />
        <TemplateObject name="objectSpaceId" objectName="target" id="1" isTemp="false" refParamName="" useRefParam="false" />
        <String name="resourceName" value="prefab_skill_effects/hero_skill_effects/131_libai/LiBai_buff_13" refParamName="" useRefParam="false" />
        <String name="bindPointName" value="Bone229" refParamName="" useRefParam="false" />
        <Vector3i name="scalingInt" x="10000" y="10000" z="10000" refParamName="" useRefParam="false" />
        <bool name="bUseTargetSkinEffect" value="true" refParamName="" useRefParam="false" />
        <Enum name="ReplacementUsage" value="3" EnumValue="泉水加速特效" refParamName="" useRefParam="false" />
        <String name="syncAnimationName" value="" refParamName="" useRefParam="false" />
        <String name="customTagName" value="" refParamName="" useRefParam="false" />
      </Event>
      <SkinOrAvatarList id="13116" />
    </Track>
    <Track trackName="TriggerParticle0" eventType="TriggerParticle" guid="370359c9-1af5-4d09-8096-ae3ea8c4b14f" enabled="true" useRefParam="false" refParamName="" r="0.000" g="0.000" b="0.000" execOnForceStopped="false" execOnActionCompleted="false" SkinAvatarFilterType="9">
      <Condition id="52" guid="1e70d9db-1291-43ec-ae57-eac501b37c58" status="true" />
      <Condition id="56" guid="aeb52815-3eba-43ab-820d-41c5f307479a" status="true" />
      <Event eventName="TriggerParticle" time="0.000" length="5.000" isDuration="true" guid="5d5b9653-7335-4e22-9c44-07f32b32708b">
        <TemplateObject name="targetId" objectName="target" id="1" isTemp="false" refParamName="" useRefParam="false" />
        <TemplateObject name="objectSpaceId" objectName="target" id="1" isTemp="false" refParamName="" useRefParam="false" />
        <String name="resourceName" value="prefab_skill_effects/hero_skill_effects/131_libai/LiBai_buff_13_f" refParamName="" useRefParam="false" />
        <String name="bindPointName" value="Bone229" refParamName="" useRefParam="false" />
        <Vector3i name="scalingInt" x="10000" y="10000" z="10000" refParamName="" useRefParam="false" />
        <bool name="bUseTargetSkinEffect" value="true" refParamName="" useRefParam="false" />
        <Enum name="ReplacementUsage" value="3" EnumValue="泉水加速特效" refParamName="" useRefParam="false" />
        <String name="syncAnimationName" value="" refParamName="" useRefParam="false" />
        <String name="customTagName" value="" refParamName="" useRefParam="false" />
      </Event>
      <SkinOrAvatarList id="13116" />
    </Track>
    <Track trackName="LeaveTriggerDuration0" eventType="LeaveTriggerDuration" guid="994283a9-8628-4cd9-a338-7f6bf640866b" enabled="true" useRefParam="false" refParamName="" r="0.000" g="0.000" b="0.000" execOnForceStopped="false" execOnActionCompleted="false" SkinAvatarFilterType="9">
      <Event eventName="LeaveTriggerDuration" time="0.000" length="5.000" isDuration="true" guid="df932c45-9170-431e-b0b8-8809e9f877f3">
        <TemplateObject name="TargetID" objectName="target" id="1" isTemp="false" refParamName="" useRefParam="false" />
        <int name="TargetSkillCombine_1" value="520991" refParamName="" useRefParam="false" />
        <int name="TargetSkillCombine_2" value="520990" refParamName="" useRefParam="false" />
      </Event>
      <SkinOrAvatarList id="52011" />
    </Track>
    <Track trackName="HitTriggerTick0" eventType="HitTriggerTick" guid="3a36dc79-77e9-4c1f-9d17-33ce2784e8e0" enabled="false" useRefParam="false" refParamName="" r="0.000" g="0.000" b="0.000" execOnForceStopped="false" execOnActionCompleted="false">
      <Event eventName="HitTriggerTick" time="0.000" isDuration="false" guid="7114e337-d07c-43f4-a188-d3835e7d3619">
        <TemplateObject name="targetId" objectName="target" id="1" isTemp="false" refParamName="" useRefParam="false" />
        <int name="TargetSkillCombine_1" value="136806" refParamName="" useRefParam="false" />
      </Event>
    </Track>
    <Track trackName="13118逻辑层" eventType="CheckSkinIdTick" guid="15e48adb-c709-4197-ba75-bb90b9212f4c" enabled="true" useRefParam="false" refParamName="" r="0.000" g="0.000" b="0.000" execOnForceStopped="false" execOnActionCompleted="false" SkinAvatarFilterType="9">
      <Event eventName="CheckSkinIdTick" time="0.000" isDuration="false" guid="ad0dcf83-2abe-46a2-99e2-df10505d6a73">
        <TemplateObject name="targetId" objectName="target" id="1" isTemp="false" refParamName="" useRefParam="false" />
        <int name="skinId" value="13118" refParamName="" useRefParam="false" />
      </Event>
      <SkinOrAvatarList id="13118" />
    </Track>
    <Track trackName="SetAnimationParamsDuration0" eventType="SetAnimationParamsDuration" guid="e668728f-d234-4849-938b-ff4ecdf786a8" enabled="true" useRefParam="false" refParamName="" r="0.000" g="0.000" b="0.000" execOnForceStopped="false" execOnActionCompleted="false" SkinAvatarFilterType="9">
      <Condition id="67" guid="15e48adb-c709-4197-ba75-bb90b9212f4c" status="true" />
      <Event eventName="SetAnimationParamsDuration" time="0.000" length="0.500" isDuration="true" guid="3f747a33-451c-4355-b5fe-6e3cea76e943">
        <TemplateObject name="targetId" objectName="target" id="1" isTemp="false" refParamName="" useRefParam="false" />
        <Array name="boolNames" refParamName="" useRefParam="false" type="String">
          <String value="jiayuan" />
        </Array>
        <Array name="boolValues" refParamName="" useRefParam="false" type="bool">
          <bool value="true" />
        </Array>
      </Event>
      <SkinOrAvatarList id="13118" />
    </Track>
    <Track trackName="StopTrack0" eventType="StopTrack" guid="468e5c2a-e82b-4998-8fce-e6afe3347eec" enabled="true" useRefParam="false" refParamName="" r="0.000" g="0.000" b="0.000" execOnForceStopped="false" execOnActionCompleted="false" SkinAvatarFilterType="9">
      <Condition id="67" guid="15e48adb-c709-4197-ba75-bb90b9212f4c" status="true" />
      <Event eventName="StopTrack" time="0.000" isDuration="false" guid="e4da9559-2253-4464-a4c4-4d10352c0aa8">
        <TrackObject name="trackId" id="8" guid="412ea073-5944-46e4-ae5e-3037e855fda7" refParamName="" useRefParam="false" />
        <bool name="alsoStopNotStartedTrack" value="true" refParamName="" useRefParam="false" />
      </Event>
      <SkinOrAvatarList id="13118" />
    </Track>
    <Track trackName="15412表现层" eventType="CheckSkinIdTick" guid="d2c55dac-13d1-4095-85ec-2ff8ed2e67e7" enabled="true" useRefParam="false" refParamName="" r="0.000" g="0.000" b="0.000" execOnForceStopped="false" execOnActionCompleted="false" SkinAvatarFilterType="9">
      <Event eventName="CheckSkinIdTick" time="0.000" isDuration="false" guid="d584309b-8756-493b-b23e-daf07e487ed9">
        <TemplateObject name="targetId" objectName="target" id="1" isTemp="false" refParamName="" useRefParam="false" />
        <int name="skinId" value="15412" refParamName="" useRefParam="false" />
        <bool name="bSkipLogicCheck" value="true" refParamName="" useRefParam="false" />
      </Event>
      <SkinOrAvatarList id="15412" />
    </Track>
    <Track trackName="检测双刃buff" eventType="CheckSkillCombineConditionTick" guid="0c589b9d-8c13-40e2-8851-dd92c7c2b0c8" enabled="true" useRefParam="false" refParamName="" r="0.000" g="0.000" b="0.000" execOnForceStopped="false" execOnActionCompleted="false" SkinAvatarFilterType="9">
      <Event eventName="CheckSkillCombineConditionTick" time="0.000" isDuration="false" guid="99caff87-c4e3-4036-8234-d21e6b6e60de">
        <TemplateObject name="targetId" objectName="target" id="1" isTemp="false" refParamName="" useRefParam="false" />
        <int name="skillCombineId" value="154999" refParamName="" useRefParam="false" />
        <Enum name="checkOPType" value="5" EnumValue="大等于" refParamName="" useRefParam="false" />
        <int name="skillCombineLevel" value="1" refParamName="" useRefParam="false" />
      </Event>
      <SkinOrAvatarList id="15412" />
    </Track>
    <Track trackName="检测环刃buff" eventType="CheckSkillCombineConditionTick" guid="ad809521-5769-4947-8967-0b98c6c4d3ec" enabled="true" useRefParam="false" refParamName="" r="0.000" g="0.000" b="0.000" execOnForceStopped="false" execOnActionCompleted="false" SkinAvatarFilterType="9">
      <Event eventName="CheckSkillCombineConditionTick" time="0.000" isDuration="false" guid="16df7e34-fbb1-4b8a-b3c1-6f4162b96d2c">
        <TemplateObject name="targetId" objectName="target" id="1" isTemp="false" refParamName="" useRefParam="false" />
        <int name="skillCombineId" value="254999" refParamName="" useRefParam="false" />
        <Enum name="checkOPType" value="5" EnumValue="大等于" refParamName="" useRefParam="false" />
        <int name="skillCombineLevel" value="1" refParamName="" useRefParam="false" />
      </Event>
      <SkinOrAvatarList id="15412" />
    </Track>
    <Track trackName="双刃run" eventType="ChangeAnimDuration" guid="4c04397e-f800-4c4e-a3dd-53dde68b847c" enabled="true" useRefParam="false" refParamName="" r="0.000" g="0.000" b="0.000" execOnForceStopped="false" execOnActionCompleted="false" SkinAvatarFilterType="9">
      <Condition id="70" guid="d2c55dac-13d1-4095-85ec-2ff8ed2e67e7" status="true" />
      <Condition id="71" guid="0c589b9d-8c13-40e2-8851-dd92c7c2b0c8" status="true" />
      <Event eventName="ChangeAnimDuration" time="0.000" length="5.000" isDuration="true" guid="104380ed-c102-4efa-86db-227ef89ec067">
        <TemplateObject name="targetId" objectName="target" id="1" isTemp="false" refParamName="" useRefParam="false" />
        <String name="originalAnimName" value="Run" refParamName="" useRefParam="false" />
        <String name="changedAnimName" value="Sprint" refParamName="" useRefParam="false" />
        <bool name="bDontChangeIfNotExist" value="true" refParamName="" useRefParam="false" />
        <bool name="bChangeRunAnimBaseSpeed" value="true" refParamName="" useRefParam="false" />
        <float name="runAnimBaseSpeed" value="0.700" refParamName="" useRefParam="false" />
        <String name="runAnimName1" value="" refParamName="" useRefParam="false" />
        <String name="runAnimName2" value="" refParamName="" useRefParam="false" />
        <String name="runAnimName3" value="" refParamName="" useRefParam="false" />
        <String name="runAnimName4" value="" refParamName="" useRefParam="false" />
      </Event>
      <SkinOrAvatarList id="15412" />
    </Track>
    <Track trackName="双刃Idle" eventType="ChangeAnimDuration" guid="3e143a6d-4592-4060-9415-ff405bf3d0b2" enabled="true" useRefParam="false" refParamName="" r="0.000" g="0.000" b="0.000" execOnForceStopped="false" execOnActionCompleted="false" SkinAvatarFilterType="9">
      <Condition id="70" guid="d2c55dac-13d1-4095-85ec-2ff8ed2e67e7" status="true" />
      <Condition id="71" guid="0c589b9d-8c13-40e2-8851-dd92c7c2b0c8" status="true" />
      <Event eventName="ChangeAnimDuration" time="0.000" length="5.000" isDuration="true" guid="52ba80e8-2ce1-4353-9ab9-205ad787031e">
        <TemplateObject name="targetId" objectName="target" id="1" isTemp="false" refParamName="" useRefParam="false" />
        <String name="originalAnimName" value="Idle" refParamName="" useRefParam="false" />
        <String name="changedAnimName" value="Sprint" refParamName="" useRefParam="false" />
        <bool name="bDontChangeIfNotExist" value="true" refParamName="" useRefParam="false" />
        <bool name="bChangeRunAnimBaseSpeed" value="true" refParamName="" useRefParam="false" />
        <float name="runAnimBaseSpeed" value="0.700" refParamName="" useRefParam="false" />
        <String name="runAnimName1" value="" refParamName="" useRefParam="false" />
        <String name="runAnimName2" value="" refParamName="" useRefParam="false" />
        <String name="runAnimName3" value="" refParamName="" useRefParam="false" />
        <String name="runAnimName4" value="" refParamName="" useRefParam="false" />
      </Event>
      <SkinOrAvatarList id="15412" />
    </Track>
    <Track trackName="环刃run" eventType="ChangeAnimDuration" guid="02316725-3fe8-4c1d-8526-e9b9db491389" enabled="true" useRefParam="false" refParamName="" r="0.000" g="0.000" b="0.000" execOnForceStopped="false" execOnActionCompleted="false" SkinAvatarFilterType="9">
      <Condition id="70" guid="d2c55dac-13d1-4095-85ec-2ff8ed2e67e7" status="true" />
      <Condition id="72" guid="ad809521-5769-4947-8967-0b98c6c4d3ec" status="true" />
      <Event eventName="ChangeAnimDuration" time="0.000" length="5.000" isDuration="true" guid="5258f017-1419-4697-b4e6-8bddaf4269fe">
        <TemplateObject name="targetId" objectName="target" id="1" isTemp="false" refParamName="" useRefParam="false" />
        <String name="originalAnimName" value="Run" refParamName="" useRefParam="false" />
        <String name="changedAnimName" value="Sprint2" refParamName="" useRefParam="false" />
        <bool name="bDontChangeIfNotExist" value="true" refParamName="" useRefParam="false" />
        <bool name="bChangeRunAnimBaseSpeed" value="true" refParamName="" useRefParam="false" />
        <float name="runAnimBaseSpeed" value="0.700" refParamName="" useRefParam="false" />
        <String name="runAnimName1" value="" refParamName="" useRefParam="false" />
        <String name="runAnimName2" value="" refParamName="" useRefParam="false" />
        <String name="runAnimName3" value="" refParamName="" useRefParam="false" />
        <String name="runAnimName4" value="" refParamName="" useRefParam="false" />
      </Event>
      <SkinOrAvatarList id="15412" />
    </Track>
    <Track trackName="环刃Idle" eventType="ChangeAnimDuration" guid="70e2de60-2470-4b2f-b772-5c41315dc6b7" enabled="true" useRefParam="false" refParamName="" r="0.000" g="0.000" b="0.000" execOnForceStopped="false" execOnActionCompleted="false" SkinAvatarFilterType="9">
      <Condition id="70" guid="d2c55dac-13d1-4095-85ec-2ff8ed2e67e7" status="true" />
      <Condition id="72" guid="ad809521-5769-4947-8967-0b98c6c4d3ec" status="true" />
      <Event eventName="ChangeAnimDuration" time="0.000" length="5.000" isDuration="true" guid="7623881d-35b3-426d-8ee2-bfc20a0fdda4">
        <TemplateObject name="targetId" objectName="target" id="1" isTemp="false" refParamName="" useRefParam="false" />
        <String name="originalAnimName" value="Idle" refParamName="" useRefParam="false" />
        <String name="changedAnimName" value="Sprint2" refParamName="" useRefParam="false" />
        <bool name="bDontChangeIfNotExist" value="true" refParamName="" useRefParam="false" />
        <bool name="bChangeRunAnimBaseSpeed" value="true" refParamName="" useRefParam="false" />
        <float name="runAnimBaseSpeed" value="0.700" refParamName="" useRefParam="false" />
        <String name="runAnimName1" value="" refParamName="" useRefParam="false" />
        <String name="runAnimName2" value="" refParamName="" useRefParam="false" />
        <String name="runAnimName3" value="" refParamName="" useRefParam="false" />
        <String name="runAnimName4" value="" refParamName="" useRefParam="false" />
      </Event>
      <SkinOrAvatarList id="15412" />
    </Track>
    <Track trackName="15412逻辑层" eventType="CheckSkinIdTick" guid="6a5928f7-f226-4b66-a1b0-ed41777e8026" enabled="true" useRefParam="false" refParamName="" r="0.000" g="0.000" b="0.000" execOnForceStopped="false" execOnActionCompleted="false" SkinAvatarFilterType="9">
      <Event eventName="CheckSkinIdTick" time="0.000" isDuration="false" guid="b06b66a5-5ff5-42e0-8dd5-c13e34347796">
        <TemplateObject name="targetId" objectName="target" id="1" isTemp="false" refParamName="" useRefParam="false" />
        <int name="skinId" value="15412" refParamName="" useRefParam="false" />
      </Event>
      <SkinOrAvatarList id="15412" />
    </Track>
    <Track trackName="15412使用技能" eventType="CheckUseSkillDuration" guid="ecb0d3cc-8e64-46df-9cb3-66052b70966a" enabled="true" useRefParam="false" refParamName="" r="0.000" g="0.000" b="0.000" execOnForceStopped="false" execOnActionCompleted="false" SkinAvatarFilterType="9">
      <Condition id="77" guid="6a5928f7-f226-4b66-a1b0-ed41777e8026" status="true" />
      <Event eventName="CheckUseSkillDuration" time="0.008" length="4.992" isDuration="true" guid="692382f2-bfd8-4993-b765-e3aee146873f">
        <TemplateObject name="targetId" objectName="target" id="1" isTemp="false" refParamName="" useRefParam="false" />
        <bool name="commonAttack" value="true" refParamName="" useRefParam="false" />
      </Event>
      <SkinOrAvatarList id="15412" />
    </Track>
    <Track trackName="15412回城" eventType="CheckSkillCombineConditionDuration" guid="b28b1496-df68-478b-b0ec-d7d37a7150a3" enabled="true" useRefParam="false" refParamName="" r="0.000" g="0.000" b="0.000" execOnForceStopped="false" execOnActionCompleted="false" SkinAvatarFilterType="9">
      <Condition id="77" guid="6a5928f7-f226-4b66-a1b0-ed41777e8026" status="true" />
      <Event eventName="CheckSkillCombineConditionDuration" time="0.000" length="5.000" isDuration="true" guid="986e7871-1394-472e-9def-0caff9cc87c3">
        <TemplateObject name="targetId" objectName="target" id="1" isTemp="false" refParamName="" useRefParam="false" />
        <int name="skillCombineId" value="501080" refParamName="" useRefParam="false" />
        <Enum name="checkOPType" value="3" EnumValue="等于" refParamName="" useRefParam="false" />
        <int name="skillCombineLevel" value="1" refParamName="" useRefParam="false" />
      </Event>
      <SkinOrAvatarList id="15412" />
    </Track>
    <Track trackName="15412使用舞蹈动作" eventType="CheckSkillCombineConditionDuration" guid="efc41a6b-9726-47f2-ad91-0ac02ba53fda" enabled="true" useRefParam="false" refParamName="" r="0.000" g="0.000" b="0.000" execOnForceStopped="false" execOnActionCompleted="false" SkinAvatarFilterType="9">
      <Condition id="77" guid="6a5928f7-f226-4b66-a1b0-ed41777e8026" status="true" />
      <Event eventName="CheckSkillCombineConditionDuration" time="0.000" length="5.000" isDuration="true" guid="6ccbfefc-09f9-4967-917e-9221d278a597">
        <TemplateObject name="targetId" objectName="target" id="1" isTemp="false" refParamName="" useRefParam="false" />
        <int name="skillCombineId" value="90056" refParamName="" useRefParam="false" />
        <Enum name="checkOPType" value="4" EnumValue="大于" refParamName="" useRefParam="false" />
      </Event>
      <SkinOrAvatarList id="15412" />
    </Track>
    <Track trackName="CheckSkillCombineConditionDuration0" eventType="CheckSkillCombineConditionDuration" guid="a531e12f-fa72-431e-abf1-55a6eb2883ac" enabled="true" useRefParam="false" refParamName="" r="0.000" g="0.000" b="0.000" execOnForceStopped="false" execOnActionCompleted="false" SkinAvatarFilterType="9">
      <Condition id="77" guid="6a5928f7-f226-4b66-a1b0-ed41777e8026" status="true" />
      <Event eventName="CheckSkillCombineConditionDuration" time="0.000" length="5.000" isDuration="true" guid="cbb661ec-d02d-4e47-8cb9-bdd9ff168e04">
        <TemplateObject name="targetId" objectName="target" id="1" isTemp="false" refParamName="" useRefParam="false" />
        <int name="skillCombineId" value="501100" refParamName="" useRefParam="false" />
        <Enum name="checkOPType" value="4" EnumValue="大于" refParamName="" useRefParam="false" />
      </Event>
      <SkinOrAvatarList id="15412" />
    </Track>
    <Track trackName="CombinationConditionDuration2" eventType="CombinationConditionDuration" guid="844f2c25-757d-40db-83a0-708b83d822da" enabled="true" useRefParam="false" refParamName="" r="0.000" g="0.000" b="0.000" execOnForceStopped="false" execOnActionCompleted="false" SkinAvatarFilterType="9">
      <Condition id="77" guid="6a5928f7-f226-4b66-a1b0-ed41777e8026" status="true" />
      <Event eventName="CombinationConditionDuration" time="0.000" length="5.000" isDuration="true" guid="48d2346b-e5a5-48b2-bce0-970bc2df590f">
        <Array name="CondiTrackIds" refParamName="" useRefParam="false" type="TrackObject">
          <TrackObject id="78" guid="ecb0d3cc-8e64-46df-9cb3-66052b70966a" />
          <TrackObject id="79" guid="b28b1496-df68-478b-b0ec-d7d37a7150a3" />
          <TrackObject id="80" guid="efc41a6b-9726-47f2-ad91-0ac02ba53fda" />
          <TrackObject id="81" guid="a531e12f-fa72-431e-abf1-55a6eb2883ac" />
        </Array>
        <Array name="CheckCondiTrackStatus" refParamName="" useRefParam="false" type="bool">
          <bool value="true" />
          <bool value="true" />
          <bool value="true" />
          <bool value="true" />
        </Array>
        <Array name="IsOrConditions" refParamName="" useRefParam="false" type="bool">
          <bool value="true" />
          <bool value="true" />
          <bool value="true" />
          <bool value="true" />
        </Array>
      </Event>
      <SkinOrAvatarList id="15412" />
    </Track>
    <Track trackName="打断加速动画change" eventType="StopTracks" guid="4b7077ce-3d99-4eef-8a9b-2061a47547b8" enabled="true" useRefParam="false" refParamName="" r="0.000" g="0.000" b="0.000" execOnForceStopped="false" execOnActionCompleted="false" SkinAvatarFilterType="9">
      <Condition id="82" guid="844f2c25-757d-40db-83a0-708b83d822da" status="true" />
      <Event eventName="StopTracks" time="0.000" isDuration="false" guid="547ddc9c-f908-4d98-b745-edb06afcd06f">
        <Array name="trackIds" refParamName="" useRefParam="false" type="TrackObject">
          <TrackObject id="73" guid="4c04397e-f800-4c4e-a3dd-53dde68b847c" />
          <TrackObject id="74" guid="3e143a6d-4592-4060-9415-ff405bf3d0b2" />
          <TrackObject id="75" guid="02316725-3fe8-4c1d-8526-e9b9db491389" />
          <TrackObject id="76" guid="70e2de60-2470-4b2f-b772-5c41315dc6b7" />
        </Array>
      </Event>
      <SkinOrAvatarList id="15412" />
    </Track>
    <Track trackName="11620" eventType="CheckSkinIdTick" guid="74eea0de-40dc-49cc-a2c4-f99f13801f92" enabled="true" useRefParam="false" refParamName="" r="0.000" g="0.000" b="0.000" execOnForceStopped="false" execOnActionCompleted="false">
      <Event eventName="CheckSkinIdTick" time="0.000" isDuration="false" guid="92160496-461a-436b-8ce0-f293ef3b662f">
        <TemplateObject name="targetId" objectName="target" id="1" isTemp="false" refParamName="" useRefParam="false" />
        <int name="skinId" value="11620" refParamName="" useRefParam="false" />
      </Event>
    </Track>
    <Track trackName="SimpleSpawnBuffTick0" eventType="SimpleSpawnBuffTick" guid="0be458d2-11c6-4dc3-883b-50ea0ad3b949" enabled="true" useRefParam="false" refParamName="" r="0.000" g="0.000" b="0.000" execOnForceStopped="false" execOnActionCompleted="true">
      <Condition id="17" guid="3c5f2687-784f-4449-ac5f-444ff6834da3" status="true" />
      <Condition id="84" guid="74eea0de-40dc-49cc-a2c4-f99f13801f92" status="true" />
      <Event eventName="SimpleSpawnBuffTick" time="0.000" isDuration="false" guid="14eb5778-0061-4284-a713-72f23596d4b9">
        <TemplateObject name="originatorId" objectName="target" id="1" isTemp="false" refParamName="" useRefParam="false" />
        <TemplateObject name="targetId" objectName="target" id="1" isTemp="false" refParamName="" useRefParam="false" />
        <bool name="bIgnoreSetTargetBeAttackHit" value="true" refParamName="" useRefParam="false" />
        <Array name="buffIds" refParamName="" useRefParam="false" type="int">
          <int value="50008805" />
        </Array>
        <int name="buffLayer" value="1" refParamName="" useRefParam="false" />
      </Event>
    </Track>
  </Action>
</Project>