﻿<?xml version="1.0" encoding="utf-8"?>
<Project>
  <TemplateObjectList>
    <TemplateObject objectName="self" id="0" isTemp="false" />
    <TemplateObject objectName="target" id="1" isTemp="false" />
  </TemplateObjectList>
  <RefParamList>
    <Vector3i name="_TargetDir" x="0" y="0" z="0" refParamName="" useRefParam="false" />
    <Vector3i name="_TargetPos" x="0" y="0" z="0" refParamName="" useRefParam="false" />
  </RefParamList>
  <Action tag="" length="5.000" loop="false">
    <Track trackName="RemoveBuffTick3" eventType="RemoveBuffTick" guid="83e2d4c8-1d73-455f-8049-af925221b3e1" enabled="true" useRefParam="false" refParamName="" r="0.000" g="0.000" b="0.000" execOnForceStopped="false" execOnActionCompleted="false">
      <Event eventName="RemoveBuffTick" time="0.000" isDuration="false" guid="24c246b4-a370-4f54-a06f-6bf8204072b6">
        <TemplateObject name="targetId" objectName="target" id="1" isTemp="false" refParamName="" useRefParam="false" />
        <int name="buffId" value="90005" refParamName="" useRefParam="false" />
      </Event>
    </Track>
    <Track trackName="SkillFuncPerioidc0" eventType="SkillFuncPerioidc" guid="a8594e82-e226-4b58-9360-d134ebd905bb" enabled="true" useRefParam="false" refParamName="" r="0.000" g="0.000" b="0.000" execOnForceStopped="false" execOnActionCompleted="false">
      <Event eventName="SkillFuncPerioidc" time="0.000" length="5.000" isDuration="true" guid="562c1bde-e872-4028-a967-613219473189">
        <Enum name="SkillFuncType" value="6" EnumValue="增加移动速度" refParamName="" useRefParam="false" />
        <int name="PeriodicInterval" value="500" refParamName="" useRefParam="false" />
      </Event>
    </Track>
    <Track trackName="10620泉水加速" eventType="CheckSkinIdTick" guid="dc360315-36a5-4ee4-859a-fab0d1ea5e26" enabled="true" useRefParam="false" refParamName="" r="0.000" g="0.000" b="0.000" execOnForceStopped="false" execOnActionCompleted="false">
      <Event eventName="CheckSkinIdTick" time="0.000" isDuration="false" guid="56433dc5-bc75-4b7e-a7c7-7842eb8c0bea">
        <TemplateObject name="targetId" objectName="target" id="1" isTemp="false" refParamName="" useRefParam="false" />
        <int name="skinId" value="10620" refParamName="" useRefParam="false" />
      </Event>
    </Track>
    <Track trackName="StopTrack0" eventType="StopTrack" guid="cd748f60-7999-4d51-b69a-bc892ad60414" enabled="true" useRefParam="false" refParamName="" r="0.000" g="0.000" b="0.000" execOnForceStopped="false" execOnActionCompleted="false">
      <Condition id="2" guid="dc360315-36a5-4ee4-859a-fab0d1ea5e26" status="true" />
      <Event eventName="StopTrack" time="0.000" isDuration="false" guid="5edd1b66-5dc5-451e-ac4f-6182a5c5d0f5">
        <TrackObject name="trackId" id="9" guid="412ea073-5944-46e4-ae5e-3037e855fda7" refParamName="" useRefParam="false" />
        <bool name="alsoStopNotStartedTrack" value="true" refParamName="" useRefParam="false" />
      </Event>
    </Track>
    <Track trackName="15015逻辑层" eventType="CheckSkinIdTick" guid="23152236-40bd-4d43-b404-b44ab62fef76" enabled="true" useRefParam="false" refParamName="" r="0.000" g="0.000" b="0.000" execOnForceStopped="false" execOnActionCompleted="false">
      <Event eventName="CheckSkinIdTick" time="0.000" isDuration="false" guid="9769dc18-2cd3-4fe7-94d1-73b747b6d51f">
        <TemplateObject name="targetId" objectName="target" id="1" isTemp="false" refParamName="" useRefParam="false" />
        <int name="skinId" value="15015" refParamName="" useRefParam="false" />
      </Event>
    </Track>
    <Track trackName="StopTrack0" eventType="StopTrack" guid="47389ff6-4af4-4f86-ae62-75b759ef67a9" enabled="true" useRefParam="false" refParamName="" r="0.000" g="0.000" b="0.000" execOnForceStopped="false" execOnActionCompleted="false">
      <Condition id="4" guid="23152236-40bd-4d43-b404-b44ab62fef76" status="true" />
      <Event eventName="StopTrack" time="0.000" isDuration="false" guid="c1109336-a20a-44f8-9ac5-d293ef30cda1">
        <TrackObject name="trackId" id="9" guid="412ea073-5944-46e4-ae5e-3037e855fda7" refParamName="" useRefParam="false" />
        <bool name="alsoStopNotStartedTrack" value="true" refParamName="" useRefParam="false" />
      </Event>
    </Track>
    <Track trackName="13118逻辑层" eventType="CheckSkinIdTick" guid="833383a8-e179-4372-9743-db80912868cd" enabled="true" useRefParam="false" refParamName="" r="0.000" g="0.000" b="0.000" execOnForceStopped="false" execOnActionCompleted="false">
      <Event eventName="CheckSkinIdTick" time="0.000" isDuration="false" guid="42b7a34d-3ed1-4fa8-a155-245184ab545b">
        <TemplateObject name="targetId" objectName="target" id="1" isTemp="false" refParamName="" useRefParam="false" />
        <int name="skinId" value="13118" refParamName="" useRefParam="false" />
      </Event>
    </Track>
    <Track trackName="StopTrack0" eventType="StopTrack" guid="5d064b33-c153-42dd-a3bd-03ce91c8d53e" enabled="true" useRefParam="false" refParamName="" r="0.000" g="0.000" b="0.000" execOnForceStopped="false" execOnActionCompleted="false">
      <Condition id="6" guid="833383a8-e179-4372-9743-db80912868cd" status="true" />
      <Event eventName="StopTrack" time="0.000" isDuration="false" guid="87e9cfc7-a779-40c3-97d7-b981a9dd3d45">
        <TrackObject name="trackId" id="9" guid="412ea073-5944-46e4-ae5e-3037e855fda7" refParamName="" useRefParam="false" />
        <bool name="alsoStopNotStartedTrack" value="true" refParamName="" useRefParam="false" />
      </Event>
    </Track>
    <Track trackName="高级皮肤不要通用拖尾列表" eventType="CheckSkinIdVirtualTick" guid="de726666-7e96-403d-bb3e-59127b3ed4e0" enabled="true" useRefParam="false" refParamName="" r="0.000" g="0.000" b="0.000" execOnForceStopped="false" execOnActionCompleted="false">
      <Event eventName="CheckSkinIdVirtualTick" time="0.000" isDuration="false" guid="86e2cb6b-ef27-4b70-a1ff-a3c3d41c54b7">
        <TemplateObject name="targetId" objectName="target" id="1" isTemp="false" refParamName="" useRefParam="false" />
        <bool name="useNegateValue" value="true" refParamName="" useRefParam="false" />
        <Array name="skinIdArray" refParamName="" useRefParam="false" type="int">
          <int value="11620" />
        </Array>
      </Event>
    </Track>
    <Track trackName="TriggerParticle0" eventType="TriggerParticle" guid="412ea073-5944-46e4-ae5e-3037e855fda7" enabled="true" useRefParam="false" refParamName="" r="0.000" g="0.000" b="0.000" execOnForceStopped="false" execOnActionCompleted="false">
      <Condition id="8" guid="de726666-7e96-403d-bb3e-59127b3ed4e0" status="true" />
      <Event eventName="TriggerParticle" time="0.000" length="5.000" isDuration="true" guid="33d560cb-4b84-4eaa-a851-e57d7a7de1c7">
        <TemplateObject name="targetId" objectName="target" id="1" isTemp="false" refParamName="" useRefParam="false" />
        <TemplateObject name="objectSpaceId" objectName="target" id="1" isTemp="false" refParamName="" useRefParam="false" />
        <String name="resourceName" value="prefab_skill_effects/common_effects/jiasu_tongyong_01" refParamName="" useRefParam="false" />
        <Vector3 name="bindPosOffset" x="0.000" y="0.700" z="-0.600" refParamName="" useRefParam="false" />
        <Vector3i name="scalingInt" x="10000" y="10000" z="10000" refParamName="" useRefParam="false" />
        <bool name="bUseTargetSkinEffect" value="true" refParamName="" useRefParam="false" />
        <Enum name="ReplacementUsage" value="3" EnumValue="泉水加速特效" refParamName="" useRefParam="false" />
        <String name="syncAnimationName" value="" refParamName="" useRefParam="false" />
        <String name="customTagName" value="" refParamName="" useRefParam="false" />
      </Event>
    </Track>
    <Track trackName="PlaySkinAction1" eventType="PlaySkinAction" guid="790a4f4f-7741-46d3-ab6f-57c2bea17e7a" enabled="true" useRefParam="false" refParamName="" r="0.000" g="0.000" b="0.000" execOnForceStopped="false" execOnActionCompleted="false">
      <Event eventName="PlaySkinAction" time="0.000" length="5.000" isDuration="true" guid="86309829-f0df-411a-8854-e5e8fb93843a">
        <TemplateObject name="targetId" objectName="target" id="1" isTemp="false" refParamName="" useRefParam="false" />
        <String name="actionName" value="Haste" refParamName="" useRefParam="false" />
      </Event>
    </Track>
    <Track trackName="ChangeHomeGuardEffectNormal" eventType="ChangeHomeGuardEffect" guid="864c9c41-f4a3-4f14-9025-7db161f3f010" enabled="false" useRefParam="false" refParamName="" r="0.000" g="0.000" b="0.000" execOnForceStopped="false" execOnActionCompleted="false">
      <Event eventName="ChangeHomeGuardEffect" time="0.000" isDuration="false" guid="3ab8b813-5f0a-475a-8ae7-950f01a6cdec">
        <TemplateObject name="targetId" objectName="target" id="1" isTemp="false" refParamName="" useRefParam="false" />
        <bool name="bNormal" value="true" refParamName="" useRefParam="false" />
      </Event>
    </Track>
    <Track trackName="TriggerParticleNormal" eventType="TriggerParticle" guid="19961cb1-9834-423d-9e7f-de15b90824fd" enabled="false" useRefParam="false" refParamName="" r="0.000" g="0.000" b="0.000" execOnForceStopped="false" execOnActionCompleted="false">
      <Condition id="11" guid="864c9c41-f4a3-4f14-9025-7db161f3f010" status="true" />
      <Event eventName="TriggerParticle" time="0.000" length="5.000" isDuration="true" guid="c524802a-eefd-4da2-b9ee-effc89f339f3">
        <TemplateObject name="targetId" objectName="target" id="1" isTemp="false" refParamName="" useRefParam="false" />
        <TemplateObject name="objectSpaceId" objectName="target" id="1" isTemp="false" refParamName="" useRefParam="false" />
        <String name="resourceName" value="prefab_skill_effects/common_effects/JiaSu_tongyong_01" refParamName="" useRefParam="false" />
        <Vector3 name="bindPosOffset" x="0.000" y="0.800" z="-0.500" refParamName="" useRefParam="false" />
        <Vector3i name="scalingInt" x="10000" y="10000" z="10000" refParamName="" useRefParam="false" />
        <String name="syncAnimationName" value="" refParamName="" useRefParam="false" />
        <String name="customTagName" value="" refParamName="" useRefParam="false" />
      </Event>
    </Track>
    <Track trackName="ChangeHomeGuardEffectGuildMaxGrade" eventType="ChangeHomeGuardEffect" guid="4611891f-a3a8-4fb5-acf2-87c9123d6af6" enabled="false" useRefParam="false" refParamName="" r="0.000" g="0.000" b="0.000" execOnForceStopped="false" execOnActionCompleted="false">
      <Event eventName="ChangeHomeGuardEffect" time="0.000" isDuration="false" guid="8074f3e9-cdc2-4a4c-92df-d39ee5031162">
        <TemplateObject name="targetId" objectName="target" id="1" isTemp="false" refParamName="" useRefParam="false" />
        <bool name="bGuildMaxGrade" value="true" refParamName="" useRefParam="false" />
      </Event>
    </Track>
    <Track trackName="TriggerParticleGuildMaxGrade" eventType="TriggerParticle" guid="3bcb86b9-71a2-4d82-80be-212c09dfeb3d" enabled="false" useRefParam="false" refParamName="" r="0.000" g="0.000" b="0.000" execOnForceStopped="false" execOnActionCompleted="false">
      <Condition id="13" guid="4611891f-a3a8-4fb5-acf2-87c9123d6af6" status="true" />
      <Event eventName="TriggerParticle" time="0.000" length="5.000" isDuration="true" guid="61d9bee6-d8d3-4d70-9035-cbc9c47df556">
        <TemplateObject name="targetId" objectName="target" id="1" isTemp="false" refParamName="" useRefParam="false" />
        <TemplateObject name="objectSpaceId" objectName="target" id="1" isTemp="false" refParamName="" useRefParam="false" />
        <String name="resourceName" value="prefab_skill_effects/common_effects/JiaSuNew_tongyong_01" refParamName="" useRefParam="false" />
        <Vector3 name="bindPosOffset" x="0.000" y="0.800" z="-0.500" refParamName="" useRefParam="false" />
        <Vector3i name="scalingInt" x="10000" y="10000" z="10000" refParamName="" useRefParam="false" />
        <String name="syncAnimationName" value="" refParamName="" useRefParam="false" />
        <String name="customTagName" value="" refParamName="" useRefParam="false" />
      </Event>
    </Track>
    <Track trackName="非15412" eventType="CheckSkinIdTick" guid="b35fc6fe-6e4b-4c90-aded-6967f9755a4f" enabled="true" useRefParam="false" refParamName="" r="0.000" g="0.000" b="0.000" execOnForceStopped="false" execOnActionCompleted="false">
      <Event eventName="CheckSkinIdTick" time="0.000" isDuration="false" guid="4621532f-d388-4b83-9a93-926a2080225b">
        <TemplateObject name="targetId" objectName="target" id="1" isTemp="false" refParamName="" useRefParam="false" />
        <int name="skinId" value="15412" refParamName="" useRefParam="false" />
        <bool name="bEqual" value="false" refParamName="" useRefParam="false" />
        <bool name="bSkipLogicCheck" value="true" refParamName="" useRefParam="false" />
      </Event>
    </Track>
    <Track trackName="ChangeAnimDuration0" eventType="ChangeAnimDuration" guid="b56278fc-6f15-4d5d-b740-856a9766e6d8" enabled="true" useRefParam="false" refParamName="" r="0.000" g="0.000" b="0.000" execOnForceStopped="false" execOnActionCompleted="false">
      <Condition id="15" guid="b35fc6fe-6e4b-4c90-aded-6967f9755a4f" status="true" />
      <Event eventName="ChangeAnimDuration" time="0.000" length="5.000" isDuration="true" guid="29ce9918-19e6-47ef-b645-7ba58f2c7f84">
        <TemplateObject name="targetId" objectName="target" id="1" isTemp="false" refParamName="" useRefParam="false" />
        <String name="originalAnimName" value="Run" refParamName="" useRefParam="false" />
        <String name="changedAnimName" value="Sprint" refParamName="" useRefParam="false" />
        <bool name="bDontChangeIfNotExist" value="true" refParamName="" useRefParam="false" />
        <bool name="bChangeRunAnimBaseSpeed" value="true" refParamName="" useRefParam="false" />
        <float name="runAnimBaseSpeed" value="0.700" refParamName="" useRefParam="false" />
        <String name="runAnimName1" value="" refParamName="" useRefParam="false" />
        <String name="runAnimName2" value="" refParamName="" useRefParam="false" />
        <String name="runAnimName3" value="" refParamName="" useRefParam="false" />
        <String name="runAnimName4" value="" refParamName="" useRefParam="false" />
      </Event>
    </Track>
    <Track trackName="ChangeAnimDuration0" eventType="ChangeAnimDuration" guid="25eec29f-9c4b-4649-ab28-da54e88fb429" enabled="true" useRefParam="false" refParamName="" r="0.000" g="0.000" b="0.000" execOnForceStopped="false" execOnActionCompleted="false">
      <Condition id="15" guid="b35fc6fe-6e4b-4c90-aded-6967f9755a4f" status="true" />
      <Event eventName="ChangeAnimDuration" time="0.000" length="5.000" isDuration="true" guid="1de80a59-414a-47a7-be2f-ddd8dc279a27">
        <TemplateObject name="targetId" objectName="target" id="1" isTemp="false" refParamName="" useRefParam="false" />
        <String name="originalAnimName" value="Idle" refParamName="" useRefParam="false" />
        <String name="changedAnimName" value="Sprint_idle" refParamName="" useRefParam="false" />
        <bool name="bDontChangeIfNotExist" value="true" refParamName="" useRefParam="false" />
        <bool name="bChangeRunAnimBaseSpeed" value="true" refParamName="" useRefParam="false" />
        <float name="runAnimBaseSpeed" value="0.700" refParamName="" useRefParam="false" />
        <String name="runAnimName1" value="" refParamName="" useRefParam="false" />
        <String name="runAnimName2" value="" refParamName="" useRefParam="false" />
        <String name="runAnimName3" value="" refParamName="" useRefParam="false" />
        <String name="runAnimName4" value="" refParamName="" useRefParam="false" />
      </Event>
    </Track>
    <Track trackName="CheckSkillCombineConditionTick0" eventType="CheckSkillCombineConditionTick" guid="b700e964-04f4-4c76-bf9d-f50b5be126b0" enabled="true" useRefParam="false" refParamName="" r="0.000" g="0.000" b="0.000" execOnForceStopped="false" execOnActionCompleted="false">
      <Event eventName="CheckSkillCombineConditionTick" time="0.000" isDuration="false" guid="d9f73cf6-2295-4d5b-ba35-7a5e4d345f9e">
        <TemplateObject name="targetId" objectName="target" id="1" isTemp="false" refParamName="" useRefParam="false" />
        <int name="skillCombineId" value="7760012" refParamName="" useRefParam="false" />
        <Enum name="checkOPType" value="5" EnumValue="大等于" refParamName="" useRefParam="false" />
        <int name="skillCombineLevel" value="1" refParamName="" useRefParam="false" />
      </Event>
    </Track>
    <Track trackName="HitTriggerTick0" eventType="HitTriggerTick" guid="d0a42ef3-dbe4-4300-8477-c4a8e3c4ca20" enabled="true" useRefParam="false" refParamName="" r="0.000" g="0.000" b="0.000" execOnForceStopped="false" execOnActionCompleted="false">
      <Condition id="18" guid="b700e964-04f4-4c76-bf9d-f50b5be126b0" status="true" />
      <Event eventName="HitTriggerTick" time="0.000" isDuration="false" guid="b8d43a4d-1970-4d75-8612-4926f41f3fd4">
        <TemplateObject name="targetId" objectName="target" id="1" isTemp="false" refParamName="" useRefParam="false" />
        <TemplateObject name="hitTargetId" objectName="target" id="1" isTemp="false" refParamName="" useRefParam="false" />
        <int name="TargetSkillCombine_1" value="790005" refParamName="" useRefParam="false" />
        <TemplateObject name="triggerId" objectName="None" id="-1" isTemp="false" refParamName="" useRefParam="false" />
      </Event>
    </Track>
    <Track trackName="图伦仙侠" eventType="CheckSkinIdTick" guid="e5f1af7e-acfc-48e1-bb5c-b9728e2aee6d" enabled="true" useRefParam="false" refParamName="" r="0.000" g="0.000" b="0.000" execOnForceStopped="false" execOnActionCompleted="false">
      <Event eventName="CheckSkinIdTick" time="0.000" isDuration="false" guid="750b2e3b-f135-4d30-a51a-d82fd7b89982">
        <TemplateObject name="targetId" objectName="target" id="1" isTemp="false" refParamName="" useRefParam="false" />
        <int name="skinId" value="19007" refParamName="" useRefParam="false" />
      </Event>
    </Track>
    <Track trackName="PlayAnimationTick0" eventType="PlayAnimationTick" guid="a0a8ef1b-14a7-406a-8027-557a8c6d82ab" enabled="true" useRefParam="false" refParamName="" r="0.000" g="0.000" b="0.000" execOnForceStopped="false" execOnActionCompleted="false">
      <Condition id="20" guid="e5f1af7e-acfc-48e1-bb5c-b9728e2aee6d" status="true" />
      <Event eventName="PlayAnimationTick" time="0.000" isDuration="false" guid="d88ddf7a-7a78-4510-81b7-17c8463d8008">
        <TemplateObject name="targetId" objectName="target" id="1" isTemp="false" refParamName="" useRefParam="false" />
        <String name="clipName" value="Idle" refParamName="" useRefParam="false" />
        <int name="layer" value="0" refParamName="" useRefParam="false" />
      </Event>
    </Track>
    <Track trackName="ChangeHDHeightDuration0" eventType="ChangeHDHeightDuration" guid="e45ae1ab-bbc7-4335-a49d-0d71df8855fd" enabled="true" useRefParam="false" refParamName="" r="0.000" g="0.000" b="0.000" execOnForceStopped="false" execOnActionCompleted="false">
      <Condition id="20" guid="e5f1af7e-acfc-48e1-bb5c-b9728e2aee6d" status="true" />
      <Event eventName="ChangeHDHeightDuration" time="0.000" length="5.000" isDuration="true" guid="0a4b17a2-21b7-42f3-82d4-004baf8f6441">
        <TemplateObject name="targetId" objectName="target" id="1" isTemp="false" refParamName="" useRefParam="false" />
        <int name="heightChange" value="1200" refParamName="" useRefParam="false" />
        <float name="changeTime" value="0.500" refParamName="" useRefParam="false" />
      </Event>
    </Track>
    <Track trackName="CheckUseSkillDuration0" eventType="CheckUseSkillDuration" guid="858b1f8c-e08f-4292-bc58-b26b1b24dabd" enabled="true" useRefParam="false" refParamName="" r="0.000" g="0.000" b="0.000" execOnForceStopped="false" execOnActionCompleted="false">
      <Condition id="20" guid="e5f1af7e-acfc-48e1-bb5c-b9728e2aee6d" status="true" />
      <Event eventName="CheckUseSkillDuration" time="0.000" length="5.000" isDuration="true" guid="b237e94d-5cf1-444b-bc70-f5d3adb2a19f">
        <TemplateObject name="targetId" objectName="target" id="1" isTemp="false" refParamName="" useRefParam="false" />
        <bool name="commonAttack" value="true" refParamName="" useRefParam="false" />
      </Event>
    </Track>
    <Track trackName="StopTrack0" eventType="StopTrack" guid="622b531d-7a0b-40f3-a3a1-72e3bf74b99c" enabled="true" useRefParam="false" refParamName="" r="0.000" g="0.000" b="0.000" execOnForceStopped="false" execOnActionCompleted="false">
      <Condition id="23" guid="858b1f8c-e08f-4292-bc58-b26b1b24dabd" status="true" />
      <Event eventName="StopTrack" time="0.000" isDuration="false" guid="6891440a-2951-4fdb-a50e-d024efc1384f">
        <TrackObject name="trackId" id="9" guid="412ea073-5944-46e4-ae5e-3037e855fda7" refParamName="" useRefParam="false" />
      </Event>
    </Track>
    <Track trackName="StopTrack0" eventType="StopTrack" guid="214f703e-d25e-453d-a812-57a488a2a963" enabled="true" useRefParam="false" refParamName="" r="0.000" g="0.000" b="0.000" execOnForceStopped="false" execOnActionCompleted="false">
      <Condition id="23" guid="858b1f8c-e08f-4292-bc58-b26b1b24dabd" status="true" />
      <Event eventName="StopTrack" time="0.000" isDuration="false" guid="51d7f154-273f-4fc9-940d-687d2007f9cf">
        <TrackObject name="trackId" id="22" guid="e45ae1ab-bbc7-4335-a49d-0d71df8855fd" refParamName="" useRefParam="false" />
      </Event>
    </Track>
    <Track trackName="StopTrack0" eventType="StopTrack" guid="daccdcd6-59b1-4f51-92ef-dc1339ced464" enabled="true" useRefParam="false" refParamName="" r="0.000" g="0.000" b="0.000" execOnForceStopped="false" execOnActionCompleted="false">
      <Condition id="23" guid="858b1f8c-e08f-4292-bc58-b26b1b24dabd" status="true" />
      <Event eventName="StopTrack" time="0.000" isDuration="false" guid="b787faf6-7120-47c8-b040-abeae2f63104">
        <TrackObject name="trackId" id="16" guid="b56278fc-6f15-4d5d-b740-856a9766e6d8" refParamName="" useRefParam="false" />
      </Event>
    </Track>
    <Track trackName="StopTrack0" eventType="StopTrack" guid="641138b4-d943-47fe-aedd-74b03d00452e" enabled="true" useRefParam="false" refParamName="" r="0.000" g="0.000" b="0.000" execOnForceStopped="false" execOnActionCompleted="false">
      <Condition id="23" guid="858b1f8c-e08f-4292-bc58-b26b1b24dabd" status="true" />
      <Event eventName="StopTrack" time="0.000" isDuration="false" guid="c3b02f1b-e089-4305-bd65-2176e1fe410c">
        <TrackObject name="trackId" id="17" guid="25eec29f-9c4b-4649-ab28-da54e88fb429" refParamName="" useRefParam="false" />
      </Event>
    </Track>
    <Track trackName="特尔次元突破" eventType="CheckSkinIdTick" guid="3f0219ff-d5ee-4621-a066-8d37659f964a" enabled="true" useRefParam="false" refParamName="" r="0.000" g="0.000" b="0.000" execOnForceStopped="false" execOnActionCompleted="false">
      <Event eventName="CheckSkinIdTick" time="0.000" isDuration="false" guid="502f858b-9529-441c-a2c0-faef3c8f54b0">
        <TemplateObject name="targetId" objectName="target" id="1" isTemp="false" refParamName="" useRefParam="false" />
        <int name="skinId" value="50108" refParamName="" useRefParam="false" />
      </Event>
    </Track>
    <Track trackName="爱里新年" eventType="CheckSkinIdTick" guid="61b683da-4668-4682-ad2c-50f26090f526" enabled="true" useRefParam="false" refParamName="" r="0.000" g="0.000" b="0.000" execOnForceStopped="false" execOnActionCompleted="false">
      <Event eventName="CheckSkinIdTick" time="0.000" isDuration="false" guid="8c61d50e-a13f-4c7b-a557-a9943d4e3db9">
        <TemplateObject name="targetId" objectName="target" id="1" isTemp="false" refParamName="" useRefParam="false" />
        <int name="skinId" value="13011" refParamName="" useRefParam="false" />
      </Event>
    </Track>
    <Track trackName="特殊皮肤检测" eventType="CombinationConditionTick" guid="a59bf13e-a60b-42cf-aec6-8e3d23e2aa30" enabled="true" useRefParam="false" refParamName="" r="0.000" g="0.000" b="0.000" execOnForceStopped="false" execOnActionCompleted="false">
      <Event eventName="CombinationConditionTick" time="0.000" isDuration="false" guid="1f95f6c2-9ab5-46dc-b500-ec09117d6743">
        <Array name="CondiTrackIds" refParamName="" useRefParam="false" type="TrackObject">
          <TrackObject id="28" guid="3f0219ff-d5ee-4621-a066-8d37659f964a" />
          <TrackObject id="29" guid="61b683da-4668-4682-ad2c-50f26090f526" />
        </Array>
        <Array name="CheckCondiTrackStatus" refParamName="" useRefParam="false" type="bool">
          <bool value="true" />
          <bool value="true" />
        </Array>
        <Array name="IsOrConditions" refParamName="" useRefParam="false" type="bool">
          <bool value="true" />
          <bool value="true" />
        </Array>
      </Event>
    </Track>
    <Track trackName="RemoveBulletTick1" eventType="RemoveBulletTick" guid="ccdc8f81-7952-40fd-bfc8-3c861ef6c6be" enabled="true" useRefParam="false" refParamName="" r="0.000" g="0.000" b="0.000" execOnForceStopped="false" execOnActionCompleted="false">
      <Condition id="30" guid="a59bf13e-a60b-42cf-aec6-8e3d23e2aa30" status="true" />
      <Event eventName="RemoveBulletTick" time="0.000" isDuration="false" guid="8b7c44ea-9a1f-4bb3-b5ea-580b89bbaf78">
        <TemplateObject name="targetId" objectName="target" id="1" isTemp="false" refParamName="" useRefParam="false" />
        <int name="bulletTypeId" value="789" refParamName="" useRefParam="false" />
      </Event>
    </Track>
    <Track trackName="PlayAnimationTick0" eventType="PlayAnimationTick" guid="ac1b1639-a9e2-4534-84a2-ea2318077da4" enabled="true" useRefParam="false" refParamName="" r="0.000" g="0.000" b="0.000" execOnForceStopped="false" execOnActionCompleted="false">
      <Condition id="30" guid="a59bf13e-a60b-42cf-aec6-8e3d23e2aa30" status="true" />
      <Event eventName="PlayAnimationTick" time="0.000" isDuration="false" guid="b09eafdf-e043-44e2-8ad8-d916024d6d0f">
        <TemplateObject name="targetId" objectName="target" id="1" isTemp="false" refParamName="" useRefParam="false" />
        <String name="clipName" value="Idle" refParamName="" useRefParam="false" />
        <int name="layer" value="0" refParamName="" useRefParam="false" />
        <bool name="loop" value="true" refParamName="" useRefParam="false" />
      </Event>
    </Track>
    <Track trackName="放技能" eventType="CheckUseSkillDuration" guid="226421d3-6c7b-4ac2-9a90-824eba39045c" enabled="true" useRefParam="false" refParamName="" r="0.000" g="0.000" b="0.000" execOnForceStopped="false" execOnActionCompleted="false">
      <Condition id="30" guid="a59bf13e-a60b-42cf-aec6-8e3d23e2aa30" status="true" />
      <Event eventName="CheckUseSkillDuration" time="0.000" length="5.000" isDuration="true" guid="b16d05d6-cb21-4532-a9a5-accd28b6ee95">
        <TemplateObject name="targetId" objectName="target" id="1" isTemp="false" refParamName="" useRefParam="false" />
        <bool name="commonAttack" value="true" refParamName="" useRefParam="false" />
      </Event>
    </Track>
    <Track trackName="回城" eventType="CheckSkillCombineConditionDuration" guid="ee70cc4e-babb-4a85-ab33-e43102b73d2c" enabled="true" useRefParam="false" refParamName="" r="0.000" g="0.000" b="0.000" execOnForceStopped="false" execOnActionCompleted="false">
      <Condition id="30" guid="a59bf13e-a60b-42cf-aec6-8e3d23e2aa30" status="true" />
      <Event eventName="CheckSkillCombineConditionDuration" time="0.000" length="5.000" isDuration="true" guid="6982fb64-2726-4016-ae88-227d3185a18c">
        <TemplateObject name="targetId" objectName="target" id="1" isTemp="false" refParamName="" useRefParam="false" />
        <int name="skillCombineId" value="501080" refParamName="" useRefParam="false" />
        <Enum name="checkOPType" value="3" EnumValue="等于" refParamName="" useRefParam="false" />
        <int name="skillCombineLevel" value="1" refParamName="" useRefParam="false" />
      </Event>
    </Track>
    <Track trackName="使用舞蹈动作" eventType="CheckSkillCombineConditionDuration" guid="7522ec47-7d7c-465b-8965-c21c93052ed2" enabled="true" useRefParam="false" refParamName="" r="0.000" g="0.000" b="0.000" execOnForceStopped="false" execOnActionCompleted="false">
      <Condition id="30" guid="a59bf13e-a60b-42cf-aec6-8e3d23e2aa30" status="true" />
      <Event eventName="CheckSkillCombineConditionDuration" time="0.000" length="5.000" isDuration="true" guid="32decc56-bee1-48a5-b452-8398eceb530d">
        <TemplateObject name="targetId" objectName="target" id="1" isTemp="false" refParamName="" useRefParam="false" />
        <int name="skillCombineId" value="90056" refParamName="" useRefParam="false" />
        <Enum name="checkOPType" value="4" EnumValue="大于" refParamName="" useRefParam="false" />
      </Event>
    </Track>
    <Track trackName="CheckSkillCombineConditionDuration0" eventType="CheckSkillCombineConditionDuration" guid="6d81115f-8a75-4ebd-bb6e-322dda4a0c28" enabled="true" useRefParam="false" refParamName="" r="0.000" g="0.000" b="0.000" execOnForceStopped="false" execOnActionCompleted="false">
      <Condition id="30" guid="a59bf13e-a60b-42cf-aec6-8e3d23e2aa30" status="true" />
      <Event eventName="CheckSkillCombineConditionDuration" time="0.000" length="5.000" isDuration="true" guid="3261f893-cf39-4f6f-b244-40aab9d65a6e">
        <TemplateObject name="targetId" objectName="target" id="1" isTemp="false" refParamName="" useRefParam="false" />
        <int name="skillCombineId" value="501100" refParamName="" useRefParam="false" />
        <Enum name="checkOPType" value="4" EnumValue="大于" refParamName="" useRefParam="false" />
      </Event>
    </Track>
    <Track trackName="CombinationConditionDuration2" eventType="CombinationConditionDuration" guid="9e374219-8a25-492a-a2f7-dc50387e8bcd" enabled="true" useRefParam="false" refParamName="" r="0.000" g="0.000" b="0.000" execOnForceStopped="false" execOnActionCompleted="false">
      <Condition id="30" guid="a59bf13e-a60b-42cf-aec6-8e3d23e2aa30" status="true" />
      <Event eventName="CombinationConditionDuration" time="0.000" length="5.000" isDuration="true" guid="1ab0fd2a-f2a4-454a-94f8-b7e95d75381d">
        <Array name="CondiTrackIds" refParamName="" useRefParam="false" type="TrackObject">
          <TrackObject id="33" guid="226421d3-6c7b-4ac2-9a90-824eba39045c" />
          <TrackObject id="34" guid="ee70cc4e-babb-4a85-ab33-e43102b73d2c" />
          <TrackObject id="35" guid="7522ec47-7d7c-465b-8965-c21c93052ed2" />
          <TrackObject id="36" guid="6d81115f-8a75-4ebd-bb6e-322dda4a0c28" />
        </Array>
        <Array name="CheckCondiTrackStatus" refParamName="" useRefParam="false" type="bool">
          <bool value="true" />
          <bool value="true" />
          <bool value="true" />
          <bool value="true" />
        </Array>
        <Array name="IsOrConditions" refParamName="" useRefParam="false" type="bool">
          <bool value="true" />
          <bool value="true" />
          <bool value="true" />
          <bool value="true" />
        </Array>
      </Event>
    </Track>
    <Track trackName="StopTrack8" eventType="StopTrack" guid="b29c92bb-40c9-4e93-a343-9e9c41bb3208" enabled="true" useRefParam="false" refParamName="" r="0.000" g="0.000" b="0.000" execOnForceStopped="false" execOnActionCompleted="false">
      <Condition id="37" guid="9e374219-8a25-492a-a2f7-dc50387e8bcd" status="true" />
      <Event eventName="StopTrack" time="0.000" isDuration="false" guid="711c5b03-8875-4ec4-8cf6-c0eb9657ef37">
        <TrackObject name="trackId" id="9" guid="412ea073-5944-46e4-ae5e-3037e855fda7" refParamName="" useRefParam="false" />
      </Event>
    </Track>
    <Track trackName="StopTrack7" eventType="StopTrack" guid="c90fa721-7932-4172-afee-87f92b5a0941" enabled="true" useRefParam="false" refParamName="" r="0.000" g="0.000" b="0.000" execOnForceStopped="false" execOnActionCompleted="false">
      <Condition id="37" guid="9e374219-8a25-492a-a2f7-dc50387e8bcd" status="true" />
      <Event eventName="StopTrack" time="0.000" isDuration="false" guid="67f72f71-1298-494c-8026-9fd0bc92781d">
        <TrackObject name="trackId" id="16" guid="b56278fc-6f15-4d5d-b740-856a9766e6d8" refParamName="" useRefParam="false" />
      </Event>
    </Track>
    <Track trackName="StopTrack6" eventType="StopTrack" guid="7936e30e-a33d-4e39-ae97-d84abfe6dc93" enabled="true" useRefParam="false" refParamName="" r="0.000" g="0.000" b="0.000" execOnForceStopped="false" execOnActionCompleted="false">
      <Condition id="37" guid="9e374219-8a25-492a-a2f7-dc50387e8bcd" status="true" />
      <Event eventName="StopTrack" time="0.000" isDuration="false" guid="18c7ea3e-4f72-40b8-a62c-00b4ef8f57e2">
        <TrackObject name="trackId" id="17" guid="25eec29f-9c4b-4649-ab28-da54e88fb429" refParamName="" useRefParam="false" />
      </Event>
    </Track>
    <Track trackName="SetAnimationParamsDuration1" eventType="SetAnimationParamsDuration" guid="341e68cb-6bc6-453f-af2c-d5c6d81d060e" enabled="true" useRefParam="false" refParamName="" r="0.000" g="0.000" b="0.000" execOnForceStopped="false" execOnActionCompleted="false">
      <Event eventName="SetAnimationParamsDuration" time="0.000" length="5.000" isDuration="true" guid="f3e5c15a-9c64-4929-8a1e-846a88c89406">
        <TemplateObject name="targetId" objectName="target" id="1" isTemp="false" refParamName="" useRefParam="false" />
        <Array name="boolNames" refParamName="" useRefParam="false" type="String">
          <String value="sprint" />
        </Array>
        <Array name="boolValues" refParamName="" useRefParam="false" type="bool">
          <bool value="true" />
        </Array>
      </Event>
    </Track>
    <Track trackName="CheckSkillCombineConditionTick0" eventType="CheckSkillCombineConditionTick" guid="8cf29aa5-c548-420e-b84a-0053684daa07" enabled="true" useRefParam="false" refParamName="" r="0.000" g="0.000" b="0.000" execOnForceStopped="false" execOnActionCompleted="false">
      <Event eventName="CheckSkillCombineConditionTick" time="0.000" isDuration="false" guid="9139121e-a698-4b27-8309-d882786de70c">
        <TemplateObject name="targetId" objectName="target" id="1" isTemp="false" refParamName="" useRefParam="false" />
        <int name="skillCombineId" value="9000510" refParamName="" useRefParam="false" />
        <Enum name="checkOPType" value="3" EnumValue="等于" refParamName="" useRefParam="false" />
        <int name="skillCombineLevel" value="1" refParamName="" useRefParam="false" />
        <TemplateObject name="skillCombineSrcId" objectName="target" id="1" isTemp="false" refParamName="" useRefParam="false" />
      </Event>
    </Track>
    <Track trackName="RemoveBuffTick0" eventType="RemoveBuffTick" guid="152360d8-7fd4-417a-b13f-904648885446" enabled="true" useRefParam="false" refParamName="" r="0.000" g="0.000" b="0.000" execOnForceStopped="false" execOnActionCompleted="false">
      <Condition id="42" guid="8cf29aa5-c548-420e-b84a-0053684daa07" status="true" />
      <Event eventName="RemoveBuffTick" time="0.000" isDuration="false" guid="589fcd37-7939-4bfd-8ce0-7e5d7dc019c3">
        <TemplateObject name="targetId" objectName="target" id="1" isTemp="false" refParamName="" useRefParam="false" />
        <int name="buffId" value="900059" refParamName="" useRefParam="false" />
      </Event>
    </Track>
    <Track trackName="StopTrack0" eventType="StopTrack" guid="444817ff-c6e7-48eb-be12-a729d277bc54" enabled="true" useRefParam="false" refParamName="" r="0.000" g="0.000" b="0.000" execOnForceStopped="false" execOnActionCompleted="false">
      <Event eventName="StopTrack" time="0.000" isDuration="false" guid="71d2cfb6-6118-46b2-9d3a-65806baa66ae">
        <bool name="alsoStopNotStartedTrack" value="true" refParamName="" useRefParam="false" />
      </Event>
    </Track>
    <Track trackName="莫拉仙侠" eventType="CheckSkinIdVirtualTick" guid="36d47eea-cd0d-4fc4-a178-0ef26d6725ff" enabled="true" useRefParam="false" refParamName="" r="0.000" g="0.000" b="0.000" execOnForceStopped="false" execOnActionCompleted="false" SkinAvatarFilterType="9">
      <Event eventName="CheckSkinIdVirtualTick" time="0.000" isDuration="false" guid="c48ee2e6-8bf6-433b-8f75-93abf5f1d1f6">
        <TemplateObject name="targetId" objectName="target" id="1" isTemp="false" refParamName="" useRefParam="false" />
        <int name="skinId" value="13116" refParamName="" useRefParam="false" />
      </Event>
      <SkinOrAvatarList id="13116" />
    </Track>
    <Track trackName="CheckSkillCombineConditionTick0" eventType="CheckSkillCombineConditionTick" guid="f5ab9019-543c-4d38-bf83-d4e1bb304ba7" enabled="true" useRefParam="false" refParamName="" r="0.000" g="0.000" b="0.000" execOnForceStopped="false" execOnActionCompleted="false" SkinAvatarFilterType="9">
      <Event eventName="CheckSkillCombineConditionTick" time="0.000" isDuration="false" guid="a8f28c66-1183-483e-ae92-a75ea9ee7ae5">
        <TemplateObject name="targetId" objectName="target" id="1" isTemp="false" refParamName="" useRefParam="false" />
        <int name="skillCombineId" value="911320" refParamName="" useRefParam="false" />
        <Enum name="checkOPType" value="3" EnumValue="等于" refParamName="" useRefParam="false" />
        <int name="skillCombineLevel" value="1" refParamName="" useRefParam="false" />
      </Event>
      <SkinOrAvatarList id="13116" />
    </Track>
    <Track trackName="CheckSkillCombineConditionTick1" eventType="CheckSkillCombineConditionTick" guid="467ce90b-1ab4-44f7-a3ee-ef4999ad9205" enabled="true" useRefParam="false" refParamName="" r="0.000" g="0.000" b="0.000" execOnForceStopped="false" execOnActionCompleted="false" SkinAvatarFilterType="9">
      <Event eventName="CheckSkillCombineConditionTick" time="0.000" isDuration="false" guid="909b6a69-488c-42cd-a8d0-508041098aed">
        <TemplateObject name="targetId" objectName="target" id="1" isTemp="false" refParamName="" useRefParam="false" />
        <int name="skillCombineId" value="911274" refParamName="" useRefParam="false" />
        <Enum name="checkOPType" value="3" EnumValue="等于" refParamName="" useRefParam="false" />
        <int name="skillCombineLevel" value="1" refParamName="" useRefParam="false" />
      </Event>
      <SkinOrAvatarList id="13116" />
    </Track>
    <Track trackName="CheckSkillCombineConditionTick2" eventType="CheckSkillCombineConditionTick" guid="cfae501c-c310-4583-837a-6f287a402054" enabled="true" useRefParam="false" refParamName="" r="0.000" g="0.000" b="0.000" execOnForceStopped="false" execOnActionCompleted="false" SkinAvatarFilterType="9">
      <Event eventName="CheckSkillCombineConditionTick" time="0.000" isDuration="false" guid="7d3f83e3-489c-4eea-a091-43066f526c6d">
        <TemplateObject name="targetId" objectName="target" id="1" isTemp="false" refParamName="" useRefParam="false" />
        <int name="skillCombineId" value="911380" refParamName="" useRefParam="false" />
        <Enum name="checkOPType" value="3" EnumValue="等于" refParamName="" useRefParam="false" />
        <int name="skillCombineLevel" value="1" refParamName="" useRefParam="false" />
      </Event>
      <SkinOrAvatarList id="13116" />
    </Track>
    <Track trackName="CheckSkillCombineConditionTick3" eventType="CheckSkillCombineConditionTick" guid="b1a0833c-412d-4ce7-b9d2-de30bfc9ee7e" enabled="true" useRefParam="false" refParamName="" r="0.000" g="0.000" b="0.000" execOnForceStopped="false" execOnActionCompleted="false" SkinAvatarFilterType="9">
      <Event eventName="CheckSkillCombineConditionTick" time="0.000" isDuration="false" guid="ca48de54-579a-44c2-8861-756d50391a2e">
        <TemplateObject name="targetId" objectName="target" id="1" isTemp="false" refParamName="" useRefParam="false" />
        <int name="skillCombineId" value="911370" refParamName="" useRefParam="false" />
        <Enum name="checkOPType" value="3" EnumValue="等于" refParamName="" useRefParam="false" />
        <int name="skillCombineLevel" value="1" refParamName="" useRefParam="false" />
      </Event>
      <SkinOrAvatarList id="13116" />
    </Track>
    <Track trackName="TriggerParticle0" eventType="TriggerParticle" guid="fe8191c9-bcf1-4078-91a0-36cf8a122215" enabled="true" useRefParam="false" refParamName="" r="0.000" g="0.000" b="0.000" execOnForceStopped="false" execOnActionCompleted="false" SkinAvatarFilterType="9">
      <Condition id="45" guid="36d47eea-cd0d-4fc4-a178-0ef26d6725ff" status="true" />
      <Condition id="46" guid="f5ab9019-543c-4d38-bf83-d4e1bb304ba7" status="false" />
      <Event eventName="TriggerParticle" time="0.000" length="5.000" isDuration="true" guid="549e4ea4-b74f-4802-8e78-7c714b7a750d">
        <TemplateObject name="targetId" objectName="target" id="1" isTemp="false" refParamName="" useRefParam="false" />
        <TemplateObject name="objectSpaceId" objectName="target" id="1" isTemp="false" refParamName="" useRefParam="false" />
        <String name="resourceName" value="prefab_skill_effects/hero_skill_effects/131_libai/LiBai_buff_13" refParamName="" useRefParam="false" />
        <String name="bindPointName" value="Bone230" refParamName="" useRefParam="false" />
        <Vector3i name="scalingInt" x="10000" y="10000" z="10000" refParamName="" useRefParam="false" />
        <bool name="bUseTargetSkinEffect" value="true" refParamName="" useRefParam="false" />
        <Enum name="ReplacementUsage" value="3" EnumValue="泉水加速特效" refParamName="" useRefParam="false" />
        <String name="syncAnimationName" value="" refParamName="" useRefParam="false" />
        <String name="customTagName" value="" refParamName="" useRefParam="false" />
      </Event>
      <SkinOrAvatarList id="13116" />
    </Track>
    <Track trackName="TriggerParticle0" eventType="TriggerParticle" guid="0712c999-5a40-4d1e-b3d1-01b93fa8f8f1" enabled="true" useRefParam="false" refParamName="" r="0.000" g="0.000" b="0.000" execOnForceStopped="false" execOnActionCompleted="false" SkinAvatarFilterType="9">
      <Condition id="45" guid="36d47eea-cd0d-4fc4-a178-0ef26d6725ff" status="true" />
      <Condition id="46" guid="f5ab9019-543c-4d38-bf83-d4e1bb304ba7" status="true" />
      <Event eventName="TriggerParticle" time="0.000" length="5.000" isDuration="true" guid="97a46d7b-9f31-4d5d-ae1c-3d6cc321e153">
        <TemplateObject name="targetId" objectName="target" id="1" isTemp="false" refParamName="" useRefParam="false" />
        <TemplateObject name="objectSpaceId" objectName="target" id="1" isTemp="false" refParamName="" useRefParam="false" />
        <String name="resourceName" value="prefab_skill_effects/hero_skill_effects/131_libai/LiBai_buff_13_h" refParamName="" useRefParam="false" />
        <String name="bindPointName" value="Bone230" refParamName="" useRefParam="false" />
        <Vector3i name="scalingInt" x="10000" y="10000" z="10000" refParamName="" useRefParam="false" />
        <bool name="bUseTargetSkinEffect" value="true" refParamName="" useRefParam="false" />
        <Enum name="ReplacementUsage" value="3" EnumValue="泉水加速特效" refParamName="" useRefParam="false" />
        <String name="syncAnimationName" value="" refParamName="" useRefParam="false" />
        <String name="customTagName" value="" refParamName="" useRefParam="false" />
      </Event>
      <SkinOrAvatarList id="13116" />
    </Track>
    <Track trackName="TriggerParticle0" eventType="TriggerParticle" guid="d0105916-05b3-4dde-932d-95899e6275a6" enabled="true" useRefParam="false" refParamName="" r="0.000" g="0.000" b="0.000" execOnForceStopped="false" execOnActionCompleted="false" SkinAvatarFilterType="9">
      <Condition id="45" guid="36d47eea-cd0d-4fc4-a178-0ef26d6725ff" status="true" />
      <Condition id="47" guid="467ce90b-1ab4-44f7-a3ee-ef4999ad9205" status="false" />
      <Event eventName="TriggerParticle" time="0.000" length="5.000" isDuration="true" guid="92c56d7c-01f3-4bd6-96cc-c21111e4e6de">
        <TemplateObject name="targetId" objectName="target" id="1" isTemp="false" refParamName="" useRefParam="false" />
        <TemplateObject name="objectSpaceId" objectName="target" id="1" isTemp="false" refParamName="" useRefParam="false" />
        <String name="resourceName" value="prefab_skill_effects/hero_skill_effects/131_libai/LiBai_buff_13" refParamName="" useRefParam="false" />
        <String name="bindPointName" value="Bone231" refParamName="" useRefParam="false" />
        <Vector3i name="scalingInt" x="10000" y="10000" z="10000" refParamName="" useRefParam="false" />
        <bool name="bUseTargetSkinEffect" value="true" refParamName="" useRefParam="false" />
        <Enum name="ReplacementUsage" value="3" EnumValue="泉水加速特效" refParamName="" useRefParam="false" />
        <String name="syncAnimationName" value="" refParamName="" useRefParam="false" />
        <String name="customTagName" value="" refParamName="" useRefParam="false" />
      </Event>
      <SkinOrAvatarList id="13116" />
    </Track>
    <Track trackName="TriggerParticle0" eventType="TriggerParticle" guid="fe8d2c18-679a-429d-aabf-28dc16ed1f5c" enabled="true" useRefParam="false" refParamName="" r="0.000" g="0.000" b="0.000" execOnForceStopped="false" execOnActionCompleted="false" SkinAvatarFilterType="9">
      <Condition id="45" guid="36d47eea-cd0d-4fc4-a178-0ef26d6725ff" status="true" />
      <Condition id="47" guid="467ce90b-1ab4-44f7-a3ee-ef4999ad9205" status="true" />
      <Event eventName="TriggerParticle" time="0.000" length="5.000" isDuration="true" guid="bc47224e-d7ff-4aac-8fd9-dd1b294caa9a">
        <TemplateObject name="targetId" objectName="target" id="1" isTemp="false" refParamName="" useRefParam="false" />
        <TemplateObject name="objectSpaceId" objectName="target" id="1" isTemp="false" refParamName="" useRefParam="false" />
        <String name="resourceName" value="prefab_skill_effects/hero_skill_effects/131_libai/LiBai_buff_13_e" refParamName="" useRefParam="false" />
        <String name="bindPointName" value="Bone231" refParamName="" useRefParam="false" />
        <Vector3i name="scalingInt" x="10000" y="10000" z="10000" refParamName="" useRefParam="false" />
        <bool name="bUseTargetSkinEffect" value="true" refParamName="" useRefParam="false" />
        <Enum name="ReplacementUsage" value="3" EnumValue="泉水加速特效" refParamName="" useRefParam="false" />
        <String name="syncAnimationName" value="" refParamName="" useRefParam="false" />
        <String name="customTagName" value="" refParamName="" useRefParam="false" />
      </Event>
      <SkinOrAvatarList id="13116" />
    </Track>
    <Track trackName="TriggerParticle0" eventType="TriggerParticle" guid="3bc5ef79-a6ec-4ace-8e0b-aa491b947346" enabled="true" useRefParam="false" refParamName="" r="0.000" g="0.000" b="0.000" execOnForceStopped="false" execOnActionCompleted="false" SkinAvatarFilterType="9">
      <Condition id="45" guid="36d47eea-cd0d-4fc4-a178-0ef26d6725ff" status="true" />
      <Condition id="48" guid="cfae501c-c310-4583-837a-6f287a402054" status="false" />
      <Event eventName="TriggerParticle" time="0.000" length="5.000" isDuration="true" guid="62d0ce4c-8931-4d77-925b-14dfe932cb26">
        <TemplateObject name="targetId" objectName="target" id="1" isTemp="false" refParamName="" useRefParam="false" />
        <TemplateObject name="objectSpaceId" objectName="target" id="1" isTemp="false" refParamName="" useRefParam="false" />
        <String name="resourceName" value="prefab_skill_effects/hero_skill_effects/131_libai/LiBai_buff_13" refParamName="" useRefParam="false" />
        <String name="bindPointName" value="Bone232" refParamName="" useRefParam="false" />
        <Vector3i name="scalingInt" x="10000" y="10000" z="10000" refParamName="" useRefParam="false" />
        <bool name="bUseTargetSkinEffect" value="true" refParamName="" useRefParam="false" />
        <Enum name="ReplacementUsage" value="3" EnumValue="泉水加速特效" refParamName="" useRefParam="false" />
        <String name="syncAnimationName" value="" refParamName="" useRefParam="false" />
        <String name="customTagName" value="" refParamName="" useRefParam="false" />
      </Event>
      <SkinOrAvatarList id="13116" />
    </Track>
    <Track trackName="TriggerParticle0" eventType="TriggerParticle" guid="129fe4a2-360b-482c-820a-902df0259f40" enabled="true" useRefParam="false" refParamName="" r="0.000" g="0.000" b="0.000" execOnForceStopped="false" execOnActionCompleted="false" SkinAvatarFilterType="9">
      <Condition id="45" guid="36d47eea-cd0d-4fc4-a178-0ef26d6725ff" status="true" />
      <Condition id="48" guid="cfae501c-c310-4583-837a-6f287a402054" status="true" />
      <Event eventName="TriggerParticle" time="0.000" length="5.000" isDuration="true" guid="6e257d46-001d-4e37-8b94-00209e8f7a5a">
        <TemplateObject name="targetId" objectName="target" id="1" isTemp="false" refParamName="" useRefParam="false" />
        <TemplateObject name="objectSpaceId" objectName="target" id="1" isTemp="false" refParamName="" useRefParam="false" />
        <String name="resourceName" value="prefab_skill_effects/hero_skill_effects/131_libai/LiBai_buff_13_g" refParamName="" useRefParam="false" />
        <String name="bindPointName" value="Bone232" refParamName="" useRefParam="false" />
        <Vector3i name="scalingInt" x="10000" y="10000" z="10000" refParamName="" useRefParam="false" />
        <bool name="bUseTargetSkinEffect" value="true" refParamName="" useRefParam="false" />
        <Enum name="ReplacementUsage" value="3" EnumValue="泉水加速特效" refParamName="" useRefParam="false" />
        <String name="syncAnimationName" value="" refParamName="" useRefParam="false" />
        <String name="customTagName" value="" refParamName="" useRefParam="false" />
      </Event>
      <SkinOrAvatarList id="13116" />
    </Track>
    <Track trackName="TriggerParticle0" eventType="TriggerParticle" guid="49553195-87b4-4478-8a05-c14952e66c34" enabled="true" useRefParam="false" refParamName="" r="0.000" g="0.000" b="0.000" execOnForceStopped="false" execOnActionCompleted="false" SkinAvatarFilterType="9">
      <Condition id="45" guid="36d47eea-cd0d-4fc4-a178-0ef26d6725ff" status="true" />
      <Condition id="49" guid="b1a0833c-412d-4ce7-b9d2-de30bfc9ee7e" status="false" />
      <Event eventName="TriggerParticle" time="0.000" length="5.000" isDuration="true" guid="db93a7c1-1562-427c-9409-9e94707091a1">
        <TemplateObject name="targetId" objectName="target" id="1" isTemp="false" refParamName="" useRefParam="false" />
        <TemplateObject name="objectSpaceId" objectName="target" id="1" isTemp="false" refParamName="" useRefParam="false" />
        <String name="resourceName" value="prefab_skill_effects/hero_skill_effects/131_libai/LiBai_buff_13" refParamName="" useRefParam="false" />
        <String name="bindPointName" value="Bone229" refParamName="" useRefParam="false" />
        <Vector3i name="scalingInt" x="10000" y="10000" z="10000" refParamName="" useRefParam="false" />
        <bool name="bUseTargetSkinEffect" value="true" refParamName="" useRefParam="false" />
        <Enum name="ReplacementUsage" value="3" EnumValue="泉水加速特效" refParamName="" useRefParam="false" />
        <String name="syncAnimationName" value="" refParamName="" useRefParam="false" />
        <String name="customTagName" value="" refParamName="" useRefParam="false" />
      </Event>
      <SkinOrAvatarList id="13116" />
    </Track>
    <Track trackName="TriggerParticle0" eventType="TriggerParticle" guid="3c903375-edf9-4019-a880-fad1bb2f3103" enabled="true" useRefParam="false" refParamName="" r="0.000" g="0.000" b="0.000" execOnForceStopped="false" execOnActionCompleted="false" SkinAvatarFilterType="9">
      <Condition id="45" guid="36d47eea-cd0d-4fc4-a178-0ef26d6725ff" status="true" />
      <Condition id="49" guid="b1a0833c-412d-4ce7-b9d2-de30bfc9ee7e" status="true" />
      <Event eventName="TriggerParticle" time="0.000" length="5.000" isDuration="true" guid="00253539-7f50-4471-9988-62e68d992ad9">
        <TemplateObject name="targetId" objectName="target" id="1" isTemp="false" refParamName="" useRefParam="false" />
        <TemplateObject name="objectSpaceId" objectName="target" id="1" isTemp="false" refParamName="" useRefParam="false" />
        <String name="resourceName" value="prefab_skill_effects/hero_skill_effects/131_libai/LiBai_buff_13_f" refParamName="" useRefParam="false" />
        <String name="bindPointName" value="Bone229" refParamName="" useRefParam="false" />
        <Vector3i name="scalingInt" x="10000" y="10000" z="10000" refParamName="" useRefParam="false" />
        <bool name="bUseTargetSkinEffect" value="true" refParamName="" useRefParam="false" />
        <Enum name="ReplacementUsage" value="3" EnumValue="泉水加速特效" refParamName="" useRefParam="false" />
        <String name="syncAnimationName" value="" refParamName="" useRefParam="false" />
        <String name="customTagName" value="" refParamName="" useRefParam="false" />
      </Event>
      <SkinOrAvatarList id="13116" />
    </Track>
    <Track trackName="RemoveBuffTick0" eventType="RemoveBuffTick" guid="46e0fffe-d8f3-406c-ad0c-a2264a7b2923" enabled="true" useRefParam="false" refParamName="" r="0.000" g="0.000" b="0.000" execOnForceStopped="false" execOnActionCompleted="false" SkinAvatarFilterType="9">
      <Event eventName="RemoveBuffTick" time="0.300" isDuration="false" guid="82d79402-95c5-4920-9ae5-7ca323c754e6">
        <TemplateObject name="targetId" objectName="target" id="1" isTemp="false" refParamName="" useRefParam="false" />
        <int name="buffId" value="520990" refParamName="" useRefParam="false" />
      </Event>
      <SkinOrAvatarList id="52011" />
    </Track>
    <Track trackName="RemoveBuffTick0" eventType="RemoveBuffTick" guid="db709d33-6d7c-4f6c-91af-70aff1babb27" enabled="true" useRefParam="false" refParamName="" r="0.000" g="0.000" b="0.000" execOnForceStopped="false" execOnActionCompleted="false" SkinAvatarFilterType="9">
      <Event eventName="RemoveBuffTick" time="0.300" isDuration="false" guid="379010ca-68b8-4115-833b-7aae67f7f476">
        <TemplateObject name="targetId" objectName="target" id="1" isTemp="false" refParamName="" useRefParam="false" />
        <int name="buffId" value="520991" refParamName="" useRefParam="false" />
      </Event>
      <SkinOrAvatarList id="52011" />
    </Track>
    <Track trackName="15412表现层" eventType="CheckSkinIdTick" guid="b75d7583-ea92-4ae3-930e-c7f27d6ca15e" enabled="true" useRefParam="false" refParamName="" r="0.000" g="0.000" b="0.000" execOnForceStopped="false" execOnActionCompleted="false" SkinAvatarFilterType="9">
      <Event eventName="CheckSkinIdTick" time="0.000" isDuration="false" guid="0622bc4b-edec-4214-8d60-c576e6a3fff6">
        <TemplateObject name="targetId" objectName="target" id="1" isTemp="false" refParamName="" useRefParam="false" />
        <int name="skinId" value="15412" refParamName="" useRefParam="false" />
        <bool name="bSkipLogicCheck" value="true" refParamName="" useRefParam="false" />
      </Event>
      <SkinOrAvatarList id="15412" />
    </Track>
    <Track trackName="检测双刃buff" eventType="CheckSkillCombineConditionTick" guid="27839d33-c7eb-4757-87c5-214e4917f656" enabled="true" useRefParam="false" refParamName="" r="0.000" g="0.000" b="0.000" execOnForceStopped="false" execOnActionCompleted="false" SkinAvatarFilterType="9">
      <Event eventName="CheckSkillCombineConditionTick" time="0.000" isDuration="false" guid="e63c26f5-292d-4929-b917-ea93e2ab2b87">
        <TemplateObject name="targetId" objectName="target" id="1" isTemp="false" refParamName="" useRefParam="false" />
        <int name="skillCombineId" value="154999" refParamName="" useRefParam="false" />
        <Enum name="checkOPType" value="5" EnumValue="大等于" refParamName="" useRefParam="false" />
        <int name="skillCombineLevel" value="1" refParamName="" useRefParam="false" />
      </Event>
      <SkinOrAvatarList id="15412" />
    </Track>
    <Track trackName="检测环刃buff" eventType="CheckSkillCombineConditionTick" guid="e74f5630-e2ff-4305-8017-94133b521581" enabled="true" useRefParam="false" refParamName="" r="0.000" g="0.000" b="0.000" execOnForceStopped="false" execOnActionCompleted="false" SkinAvatarFilterType="9">
      <Event eventName="CheckSkillCombineConditionTick" time="0.000" isDuration="false" guid="d2dc9ff9-9d8b-4b46-bc7b-e7b3a39df4ac">
        <TemplateObject name="targetId" objectName="target" id="1" isTemp="false" refParamName="" useRefParam="false" />
        <int name="skillCombineId" value="254999" refParamName="" useRefParam="false" />
        <Enum name="checkOPType" value="5" EnumValue="大等于" refParamName="" useRefParam="false" />
        <int name="skillCombineLevel" value="1" refParamName="" useRefParam="false" />
      </Event>
      <SkinOrAvatarList id="15412" />
    </Track>
    <Track trackName="双刃run" eventType="ChangeAnimDuration" guid="6a6ce9d0-6365-4f10-a1eb-6e4de65acba1" enabled="true" useRefParam="false" refParamName="" r="0.000" g="0.000" b="0.000" execOnForceStopped="false" execOnActionCompleted="false" SkinAvatarFilterType="9">
      <Condition id="60" guid="b75d7583-ea92-4ae3-930e-c7f27d6ca15e" status="true" />
      <Condition id="61" guid="27839d33-c7eb-4757-87c5-214e4917f656" status="true" />
      <Event eventName="ChangeAnimDuration" time="0.000" length="5.000" isDuration="true" guid="fe915d3b-7ac1-497e-8872-49f50257c104">
        <TemplateObject name="targetId" objectName="target" id="1" isTemp="false" refParamName="" useRefParam="false" />
        <String name="originalAnimName" value="Run" refParamName="" useRefParam="false" />
        <String name="changedAnimName" value="Sprint" refParamName="" useRefParam="false" />
        <bool name="bDontChangeIfNotExist" value="true" refParamName="" useRefParam="false" />
        <bool name="bChangeRunAnimBaseSpeed" value="true" refParamName="" useRefParam="false" />
        <float name="runAnimBaseSpeed" value="0.700" refParamName="" useRefParam="false" />
        <String name="runAnimName1" value="" refParamName="" useRefParam="false" />
        <String name="runAnimName2" value="" refParamName="" useRefParam="false" />
        <String name="runAnimName3" value="" refParamName="" useRefParam="false" />
        <String name="runAnimName4" value="" refParamName="" useRefParam="false" />
      </Event>
      <SkinOrAvatarList id="15412" />
    </Track>
    <Track trackName="双刃Idle" eventType="ChangeAnimDuration" guid="8d32c9aa-5e48-4a8f-9dd0-ae4e5e1e7f3d" enabled="true" useRefParam="false" refParamName="" r="0.000" g="0.000" b="0.000" execOnForceStopped="false" execOnActionCompleted="false" SkinAvatarFilterType="9">
      <Condition id="60" guid="b75d7583-ea92-4ae3-930e-c7f27d6ca15e" status="true" />
      <Condition id="61" guid="27839d33-c7eb-4757-87c5-214e4917f656" status="true" />
      <Event eventName="ChangeAnimDuration" time="0.000" length="5.000" isDuration="true" guid="eea87d79-676f-4b4e-ab37-a0b0f519fd16">
        <TemplateObject name="targetId" objectName="target" id="1" isTemp="false" refParamName="" useRefParam="false" />
        <String name="originalAnimName" value="Idle" refParamName="" useRefParam="false" />
        <String name="changedAnimName" value="Sprint" refParamName="" useRefParam="false" />
        <bool name="bDontChangeIfNotExist" value="true" refParamName="" useRefParam="false" />
        <bool name="bChangeRunAnimBaseSpeed" value="true" refParamName="" useRefParam="false" />
        <float name="runAnimBaseSpeed" value="0.700" refParamName="" useRefParam="false" />
        <String name="runAnimName1" value="" refParamName="" useRefParam="false" />
        <String name="runAnimName2" value="" refParamName="" useRefParam="false" />
        <String name="runAnimName3" value="" refParamName="" useRefParam="false" />
        <String name="runAnimName4" value="" refParamName="" useRefParam="false" />
      </Event>
      <SkinOrAvatarList id="15412" />
    </Track>
    <Track trackName="环刃run" eventType="ChangeAnimDuration" guid="e46dd9c9-7a26-4c13-8c36-8f21ab88d749" enabled="true" useRefParam="false" refParamName="" r="0.000" g="0.000" b="0.000" execOnForceStopped="false" execOnActionCompleted="false" SkinAvatarFilterType="9">
      <Condition id="60" guid="b75d7583-ea92-4ae3-930e-c7f27d6ca15e" status="true" />
      <Condition id="62" guid="e74f5630-e2ff-4305-8017-94133b521581" status="true" />
      <Event eventName="ChangeAnimDuration" time="0.000" length="5.000" isDuration="true" guid="4c919507-0335-4613-9cf8-71bfc3d2d4ac">
        <TemplateObject name="targetId" objectName="target" id="1" isTemp="false" refParamName="" useRefParam="false" />
        <String name="originalAnimName" value="Run" refParamName="" useRefParam="false" />
        <String name="changedAnimName" value="Sprint2" refParamName="" useRefParam="false" />
        <bool name="bDontChangeIfNotExist" value="true" refParamName="" useRefParam="false" />
        <bool name="bChangeRunAnimBaseSpeed" value="true" refParamName="" useRefParam="false" />
        <float name="runAnimBaseSpeed" value="0.700" refParamName="" useRefParam="false" />
        <String name="runAnimName1" value="" refParamName="" useRefParam="false" />
        <String name="runAnimName2" value="" refParamName="" useRefParam="false" />
        <String name="runAnimName3" value="" refParamName="" useRefParam="false" />
        <String name="runAnimName4" value="" refParamName="" useRefParam="false" />
      </Event>
      <SkinOrAvatarList id="15412" />
    </Track>
    <Track trackName="环刃Idle" eventType="ChangeAnimDuration" guid="135c0290-17da-483f-ad94-8c0e53c3c2db" enabled="true" useRefParam="false" refParamName="" r="0.000" g="0.000" b="0.000" execOnForceStopped="false" execOnActionCompleted="false" SkinAvatarFilterType="9">
      <Condition id="60" guid="b75d7583-ea92-4ae3-930e-c7f27d6ca15e" status="true" />
      <Condition id="62" guid="e74f5630-e2ff-4305-8017-94133b521581" status="true" />
      <Event eventName="ChangeAnimDuration" time="0.000" length="5.000" isDuration="true" guid="37965fc8-f9a8-4255-9d9a-6ffda2cbf013">
        <TemplateObject name="targetId" objectName="target" id="1" isTemp="false" refParamName="" useRefParam="false" />
        <String name="originalAnimName" value="Idle" refParamName="" useRefParam="false" />
        <String name="changedAnimName" value="Sprint2" refParamName="" useRefParam="false" />
        <bool name="bDontChangeIfNotExist" value="true" refParamName="" useRefParam="false" />
        <bool name="bChangeRunAnimBaseSpeed" value="true" refParamName="" useRefParam="false" />
        <float name="runAnimBaseSpeed" value="0.700" refParamName="" useRefParam="false" />
        <String name="runAnimName1" value="" refParamName="" useRefParam="false" />
        <String name="runAnimName2" value="" refParamName="" useRefParam="false" />
        <String name="runAnimName3" value="" refParamName="" useRefParam="false" />
        <String name="runAnimName4" value="" refParamName="" useRefParam="false" />
      </Event>
      <SkinOrAvatarList id="15412" />
    </Track>
    <Track trackName="15412逻辑层" eventType="CheckSkinIdTick" guid="f6fe9c4d-77d0-400a-8435-81d0dbf11c71" enabled="true" useRefParam="false" refParamName="" r="0.000" g="0.000" b="0.000" execOnForceStopped="false" execOnActionCompleted="false" SkinAvatarFilterType="9">
      <Event eventName="CheckSkinIdTick" time="0.000" isDuration="false" guid="d5cf72ef-1ed9-40f7-bfb2-43f7ce005ea8">
        <TemplateObject name="targetId" objectName="target" id="1" isTemp="false" refParamName="" useRefParam="false" />
        <int name="skinId" value="15412" refParamName="" useRefParam="false" />
      </Event>
      <SkinOrAvatarList id="15412" />
    </Track>
    <Track trackName="15412使用技能" eventType="CheckUseSkillDuration" guid="a1965d28-5d06-4d63-a1b2-cd85412a5987" enabled="true" useRefParam="false" refParamName="" r="0.000" g="0.000" b="0.000" execOnForceStopped="false" execOnActionCompleted="false" SkinAvatarFilterType="9">
      <Condition id="67" guid="f6fe9c4d-77d0-400a-8435-81d0dbf11c71" status="true" />
      <Event eventName="CheckUseSkillDuration" time="0.008" length="4.992" isDuration="true" guid="bfd9ab26-8452-4711-b7f7-5d44592ad57f">
        <TemplateObject name="targetId" objectName="target" id="1" isTemp="false" refParamName="" useRefParam="false" />
        <bool name="commonAttack" value="true" refParamName="" useRefParam="false" />
      </Event>
      <SkinOrAvatarList id="15412" />
    </Track>
    <Track trackName="15412回城" eventType="CheckSkillCombineConditionDuration" guid="ca50789c-6ada-443a-a589-3947aae2a293" enabled="true" useRefParam="false" refParamName="" r="0.000" g="0.000" b="0.000" execOnForceStopped="false" execOnActionCompleted="false" SkinAvatarFilterType="9">
      <Condition id="67" guid="f6fe9c4d-77d0-400a-8435-81d0dbf11c71" status="true" />
      <Event eventName="CheckSkillCombineConditionDuration" time="0.000" length="5.000" isDuration="true" guid="ab280cbb-b0e6-40c0-a9db-e0a61af5b928">
        <TemplateObject name="targetId" objectName="target" id="1" isTemp="false" refParamName="" useRefParam="false" />
        <int name="skillCombineId" value="501080" refParamName="" useRefParam="false" />
        <Enum name="checkOPType" value="3" EnumValue="等于" refParamName="" useRefParam="false" />
        <int name="skillCombineLevel" value="1" refParamName="" useRefParam="false" />
      </Event>
      <SkinOrAvatarList id="15412" />
    </Track>
    <Track trackName="15412使用舞蹈动作" eventType="CheckSkillCombineConditionDuration" guid="fdc36c77-ab72-4d9f-9529-39eb10d0b724" enabled="true" useRefParam="false" refParamName="" r="0.000" g="0.000" b="0.000" execOnForceStopped="false" execOnActionCompleted="false" SkinAvatarFilterType="9">
      <Condition id="67" guid="f6fe9c4d-77d0-400a-8435-81d0dbf11c71" status="true" />
      <Event eventName="CheckSkillCombineConditionDuration" time="0.000" length="5.000" isDuration="true" guid="02c42696-6deb-428f-b97c-602583722855">
        <TemplateObject name="targetId" objectName="target" id="1" isTemp="false" refParamName="" useRefParam="false" />
        <int name="skillCombineId" value="90056" refParamName="" useRefParam="false" />
        <Enum name="checkOPType" value="4" EnumValue="大于" refParamName="" useRefParam="false" />
      </Event>
      <SkinOrAvatarList id="15412" />
    </Track>
    <Track trackName="CheckSkillCombineConditionDuration0" eventType="CheckSkillCombineConditionDuration" guid="6897a18d-1ca8-4fed-b842-70e192d1465f" enabled="true" useRefParam="false" refParamName="" r="0.000" g="0.000" b="0.000" execOnForceStopped="false" execOnActionCompleted="false" SkinAvatarFilterType="9">
      <Condition id="67" guid="f6fe9c4d-77d0-400a-8435-81d0dbf11c71" status="true" />
      <Event eventName="CheckSkillCombineConditionDuration" time="0.000" length="5.000" isDuration="true" guid="b56fd622-6b74-4c24-a467-5d436c0cd095">
        <TemplateObject name="targetId" objectName="target" id="1" isTemp="false" refParamName="" useRefParam="false" />
        <int name="skillCombineId" value="501100" refParamName="" useRefParam="false" />
        <Enum name="checkOPType" value="4" EnumValue="大于" refParamName="" useRefParam="false" />
      </Event>
      <SkinOrAvatarList id="15412" />
    </Track>
    <Track trackName="CombinationConditionDuration2" eventType="CombinationConditionDuration" guid="fbc96bbd-bddb-404a-aea8-177327fbfb46" enabled="true" useRefParam="false" refParamName="" r="0.000" g="0.000" b="0.000" execOnForceStopped="false" execOnActionCompleted="false" SkinAvatarFilterType="9">
      <Condition id="67" guid="f6fe9c4d-77d0-400a-8435-81d0dbf11c71" status="true" />
      <Event eventName="CombinationConditionDuration" time="0.000" length="5.000" isDuration="true" guid="7a7fb698-190b-4074-a404-2701e94fe1d2">
        <Array name="CondiTrackIds" refParamName="" useRefParam="false" type="TrackObject">
          <TrackObject id="68" guid="a1965d28-5d06-4d63-a1b2-cd85412a5987" />
          <TrackObject id="69" guid="ca50789c-6ada-443a-a589-3947aae2a293" />
          <TrackObject id="70" guid="fdc36c77-ab72-4d9f-9529-39eb10d0b724" />
          <TrackObject id="71" guid="6897a18d-1ca8-4fed-b842-70e192d1465f" />
        </Array>
        <Array name="CheckCondiTrackStatus" refParamName="" useRefParam="false" type="bool">
          <bool value="true" />
          <bool value="true" />
          <bool value="true" />
          <bool value="true" />
        </Array>
        <Array name="IsOrConditions" refParamName="" useRefParam="false" type="bool">
          <bool value="true" />
          <bool value="true" />
          <bool value="true" />
          <bool value="true" />
        </Array>
      </Event>
      <SkinOrAvatarList id="15412" />
    </Track>
    <Track trackName="打断加速动画change" eventType="StopTracks" guid="8bcc6a6f-1826-49a6-8407-2225bc7ca5f5" enabled="true" useRefParam="false" refParamName="" r="0.000" g="0.000" b="0.000" execOnForceStopped="false" execOnActionCompleted="false" SkinAvatarFilterType="9">
      <Condition id="72" guid="fbc96bbd-bddb-404a-aea8-177327fbfb46" status="true" />
      <Event eventName="StopTracks" time="0.000" isDuration="false" guid="823235d1-9c56-4bc0-b7c6-510a8b915bba">
        <Array name="trackIds" refParamName="" useRefParam="false" type="TrackObject">
          <TrackObject id="63" guid="6a6ce9d0-6365-4f10-a1eb-6e4de65acba1" />
          <TrackObject id="64" guid="8d32c9aa-5e48-4a8f-9dd0-ae4e5e1e7f3d" />
          <TrackObject id="65" guid="e46dd9c9-7a26-4c13-8c36-8f21ab88d749" />
          <TrackObject id="66" guid="135c0290-17da-483f-ad94-8c0e53c3c2db" />
        </Array>
      </Event>
      <SkinOrAvatarList id="15412" />
    </Track>
  </Action>
</Project>